Date,Close,High,Low,Open,Volume,Daily_Return,RSI,MA5,MA20,Previous_Return,Price_MA20_Distance,Price_MA5_Distance,MACD,Signal_Line,MACD_Histogram,Tomorrow_Close,Target
2021-08-30,1028.23681640625,1030.7732288164937,1013.0867479284576,1019.0652631807153,14027062,,,,,,,,0.0,0.0,0.0,1022.7566528320312,0
2021-08-31,1022.7566528320312,1034.351288521445,1015.5552151770501,1031.2488192815088,26485463,-0.00532967064277301,,,,,,,-0.4371640458066395,-0.0874328091613279,-0.3497312366453116,1026.8101806640625,1
2021-09-01,1026.8101806640625,1038.495504793424,1024.9532755584123,1029.482446811587,11145486,0.003963335580176253,,,,-0.00532967064277301,,,-0.45133121707931423,-0.16021249074492516,-0.29111872633438907,1039.1748046875,1
2021-09-02,1039.1748046875,1045.2438888621152,1021.32982832915,1021.32982832915,9956770,0.012041781681051411,,,,0.003963335580176253,,,0.529064296950537,-0.022357133205832727,0.5514214301563698,1081.79443359375,1
2021-09-03,1081.79443359375,1084.7384068201698,1042.8435137983438,1046.2403322593964,30664428,0.04101295442691821,,1039.7545776367188,,0.012041781681051411,,0.0404324797997857,4.691007654630084,0.9203158243613507,3.7706918302687336,1098.5977783203125,1
2021-09-06,1098.5977783203125,1123.2365131929273,1092.4380047519112,1092.8909697996994,33641710,0.015532844507936128,,1053.8267700195313,,0.04101295442691821,,0.04248421996335461,9.238768466844022,2.5840063528578847,6.654762113986137,1105.5274658203125,1
2021-09-07,1105.5274658203125,1113.2723180946527,1092.4380808510261,1100.5906136768078,17349882,0.006307756702908174,,1070.3809326171875,,0.015532844507936128,,0.0328355374541176,13.249339405566161,4.7170729633995405,8.53226644216662,1101.201904296875,0
2021-09-08,1101.201904296875,1111.460525484485,1090.01483063056,1110.5547152662286,14301651,-0.003912667624433763,,1085.25927734375,,0.006307756702908174,,0.014690154957390122,15.895475952204606,6.952753561160554,8.942722391044052,1098.5977783203125,0
2021-09-09,1098.5977783203125,1104.145971203985,1094.2950296674799,1099.6394421897962,8963249,-0.0023648033720258255,,1097.1438720703125,,-0.003912667624433763,,0.001325173741577368,17.57977828603066,9.078158506134574,8.501619779896085,1074.1175537109375,0
2021-09-13,1074.1175537109375,1101.949327153265,1072.5323557228828,1101.949327153265,16311160,-0.02228315502949929,,1095.60849609375,,-0.0023648033720258255,,-0.019615530966979322,16.746210592570833,10.611768923421828,6.134441669149005,1072.713623046875,0
2021-09-14,1072.713623046875,1084.2856176738067,1071.6039124413585,1075.6802390162593,8908356,-0.0013070549486990934,,1090.4316650390624,,-0.02228315502949929,,-0.016248649558019523,15.790296015176182,11.647474341772698,4.142821673403484,1077.1746826171875,1
2021-09-15,1077.1746826171875,1085.0780298856923,1072.7360805602518,1072.7360805602518,9071075,0.004158667769727398,,1084.7611083984375,,-0.0013070549486990934,,-0.006993637329467672,15.217281699291561,12.361435813276472,2.8558458860150893,1099.7752685546875,1
2021-09-16,1099.7752685546875,1103.6476943262978,1072.0567074838173,1078.6466838742622,13448882,0.02098135641527321,,1084.47578125,,0.004158667769727398,,0.014107726119114261,16.397818287851578,13.168712308191495,3.2291059796600834,1082.722900390625,0
2021-09-17,1082.722900390625,1112.2984866148895,1075.9517858407112,1107.837242193017,34882133,-0.015505320633798725,,1081.3008056640624,,0.02098135641527321,,0.0013151703199640874,15.775567518930984,13.690083350339393,2.0854841685915915,1084.4439697265625,1
2021-09-20,1084.4439697265625,1095.3139316833478,1073.415392150155,1074.3664868663025,11779819,0.001589575075318539,66.8385818478633,1083.3660888671875,,-0.015505320633798725,,0.000994936864326279,15.24556384336779,14.001179448945072,1.2443843944227186,1089.1317138671875,1
2021-09-21,1089.1317138671875,1094.521410709491,1079.756260196694,1089.2675674362638,9915736,0.004322716776051561,69.97955175537065,1086.64970703125,,0.001589575075318539,,0.0022840910183634655,15.030531278650415,14.207049814886142,0.8234814637642724,1100.8170166015625,1
2021-09-22,1100.8170166015625,1106.025455452025,1086.210362198153,1090.6263219107966,10995912,0.010729007874432206,71.29824798070923,1091.378173828125,,0.004322716776051561,,0.008648553727558683,15.622931267683498,14.490226105445615,1.1327051622378832,1127.7203369140625,1
2021-09-23,1127.7203369140625,1130.9360171926044,1107.6107744419755,1108.4713001643795,15748397,0.024439411733982563,73.51457786151599,1096.9671875,,0.010729007874432206,,0.02803470310187617,18.055157024559094,15.203212289268311,2.8519447352907825,1124.459228515625,0
2021-09-24,1124.459228515625,1134.7631343059459,1119.613065939266,1133.9026086017536,15192163,-0.002891770496363799,64.32479089272658,1105.314453125,,0.024439411733982563,,0.017320659597364285,19.494844830503098,16.06153879751527,3.4333060329878293,1143.3685302734375,1
2021-09-27,1143.3685302734375,1145.8370159244848,1121.1077134942575,1126.4068411721403,15373834,0.01681635160998618,64.82225994180408,1117.099365234375,1083.9571319580077,-0.002891770496363799,0.05480973053621763,0.02351551335234281,21.90907621663223,17.23104628133866,4.678029935293569,1154.057373046875,1
2021-09-28,1154.057373046875,1161.6890123387186,1138.0919448330371,1147.6938200602945,18035258,0.00934855428536352,65.67659967113434,1130.0844970703124,1090.2481597900392,0.01681635160998618,0.05852723775211355,0.021213348239632612,24.403563179524554,18.665549660975838,5.7380135185487156,1144.9085693359375,0
2021-09-29,1144.9085693359375,1163.9989904714507,1141.3757775989957,1163.9989904714507,9719875,-0.0079275120324247,63.691896104571526,1138.9028076171876,1096.3557556152343,0.00934855428536352,0.044285637642734965,0.005273287306504448,25.35001092360153,20.002441913500977,5.347569010100553,1141.013427734375,0
2021-09-30,1141.013427734375,1147.965800183617,1132.4533348800387,1143.617767070168,13590654,-0.003402142062594371,63.18084672968242,1141.56142578125,1102.06591796875,-0.0079275120324247,0.035340453897177326,-0.0004800425404176689,25.491917251473524,21.100336981095488,4.391580270378036,1143.0289306640625,1
2021-10-01,1143.0289306640625,1150.320936930379,1130.0302358504632,1133.1779894261922,8958928,0.001766414733338939,74.88959941872155,1145.2753662109376,1107.2586242675782,-0.003402142062594371,0.03230528587677095,-0.0019614807173468085,25.47337210386695,21.974944005649782,3.4984280982171683,1157.7261962890625,1
2021-10-04,1157.7261962890625,1166.1957202690803,1149.0754144086845,1156.2994941506686,10918552,0.012858174653953336,78.01490163329046,1148.1468994140625,1111.0552124023438,0.001766414733338939,0.042005998771029285,0.008343267642745511,26.34097903689485,22.848151011898796,3.4928280249960544,1181.75341796875,1
2021-10-05,1181.75341796875,1183.0216242133338,1153.7403880823629,1157.2505376163047,13533634,0.020753803236640556,80.52616913607609,1153.6861083984375,1115.2129943847656,0.012858174653953336,0.05966611214093054,0.024328376120672957,28.637247405744574,24.005970290667953,4.631277115076621,1159.4019775390625,0
2021-10-06,1159.4019775390625,1186.6222902143543,1155.4389825506435,1186.6222902143543,10258881,-0.018913793765966913,67.4301810738826,1156.5847900390625,1117.906719970703,0.020753803236640556,0.03711871198828365,0.0024357812105628707,28.32694677833547,24.87016558820146,3.4567811901340093,1165.0860595703125,1
2021-10-07,1165.0860595703125,1177.0204479976474,1162.9573276219362,1175.3219190109808,6336665,0.0049025981854153855,75.7906896206387,1161.39931640625,1121.100927734375,-0.018913793765966913,0.03923387337197792,0.0031743975667821722,28.214450588091267,25.539022588179424,2.675427999911843,1209.8570556640625,1
2021-10-08,1209.8570556640625,1215.8129290316733,1169.207605953432,1170.906015220909,15772493,0.03842720091446439,80.93166146012722,1174.76494140625,1126.6638916015625,0.0049025981854153855,0.07384026832016444,0.029871604966186238,31.376255818733625,26.706469234290267,4.669786584443358,1201.4326171875,0
2021-10-11,1201.4326171875,1231.9366542030143,1198.1263679197398,1223.5124154081877,14768666,-0.006963168447977175,77.19640546003974,1183.5062255859375,1133.0296447753906,0.03842720091446439,0.06037174113451327,0.015146850277603985,32.823854501946926,27.9299462878216,4.893908214125325,1208.2943115234375,1
2021-10-12,1208.2943115234375,1215.1787568517786,1196.269354160262,1197.9678831315707,6682011,0.005711260238631111,76.65089827754464,1188.814404296875,1139.8086791992187,-0.006963168447977175,0.06008519988840044,0.01638599528753515,34.13132362240913,29.17022175473911,4.961101867670017,1220.5911865234375,1
2021-10-13,1220.5911865234375,1231.7103344750674,1208.9737889938256,1213.3671067441883,9959762,0.010177052794774655,74.82743451779565,1201.05224609375,1146.9795043945312,0.005711260238631111,0.06417872494396892,0.016268185246091527,35.74768035641887,30.485713475075062,5.261966881343806,1223.0595703125,1
2021-10-14,1223.0595703125,1230.7818997818822,1217.0810544912147,1223.0369280495506,8623469,0.002022285443575189,76.47131308179053,1212.6469482421876,1153.1437194824218,0.010177052794774655,0.06063064789656858,0.008586688883690519,36.80358385077989,31.749287550216028,5.054296300563859,1226.3206787109375,1
2021-10-18,1226.3206787109375,1243.2597273294034,1205.8034336758178,1208.656838063519,13594479,0.002666352872415123,74.31305313533998,1215.9396728515626,1160.3236083984375,0.002022285443575189,0.056878158674711354,0.008537434949408285,37.47159000662714,32.893748041498256,4.577841965128883,1237.3037109375,1
2021-10-19,1237.3037109375,1246.1356302424738,1226.5016753447112,1233.6577079515857,8833409,0.008956084992473246,74.35727460143525,1223.1138916015625,1167.9665954589843,0.002666352872415123,0.05936566657650655,0.011601388418013281,38.44406930912078,34.00381229502276,4.440257014098016,1223.0595703125,0
2021-10-20,1223.0595703125,1242.2406818392346,1219.0286485058555,1242.2406818392346,12710570,-0.011512242708952458,72.20434519321411,1226.066943359375,1174.66298828125,0.008956084992473246,0.04120039748767712,-0.002452862026142699,37.63158951837795,34.7293677396938,2.902221778684151,1187.7772216796875,0
2021-10-21,1187.7772216796875,1235.5600608138357,1179.0358711096487,1235.2883536749923,20831669,-0.02884761256869739,61.27552813429537,1219.504150390625,1179.0109985351562,-0.011512242708952458,0.007435234408688984,-0.026016253163857583,33.75163492508295,34.53382117677163,-0.7821862516886782,1189.9967041015625,1
2021-10-22,1189.9967041015625,1206.9811582756486,1182.7952658212646,1186.6450498766508,11027475,0.0018686016042102072,61.313582297225295,1212.8915771484376,1182.1248168945312,-0.02884761256869739,0.006659099863676632,-0.01887627342643594,30.504203172821008,33.72789757598151,-3.2236944031605006,1178.4017333984375,0
2021-10-25,1178.4017333984375,1213.819979870448,1163.9989792562783,1213.819979870448,17198417,-0.009743699846529452,55.055879929791885,1203.3077880859375,1184.8219421386718,0.0018686016042102072,-0.005418711885640359,-0.020697991764116574,26.687337861565084,32.31978563309822,-5.632447771533137,1205.237060546875,1
2021-10-26,1205.237060546875,1208.7924943194173,1179.0131308175069,1185.3313994732075,9750178,0.02277264738150553,55.664760922107114,1196.8944580078125,1187.9153686523437,-0.009743699846529452,0.0145815875033104,0.006970207342214874,25.53349697300291,30.96252790107916,-5.429030928076248,1189.9967041015625,0
2021-10-27,1189.9967041015625,1212.3708559531892,1186.6224076116291,1201.1384954973328,9896298,-0.012645111027698719,57.64229129695018,1190.281884765625,1189.712335205078,0.02277264738150553,0.00023902323954261284,-0.00023959086306568622,23.12275562623563,29.394573446110456,-6.271817819874826,1176.952392578125,0
2021-10-28,1176.952392578125,1194.77472717133,1173.283867099268,1186.644837678606,9886181,-0.01096163668225103,52.85897892139419,1188.1169189453126,1191.3145263671875,-0.012645111027698719,-0.012055702731048279,-0.009396824663601588,19.929919114776112,27.50164257984359,-7.571723465067478,1148.713134765625,0
2021-10-29,1148.713134765625,1175.8428779756357,1133.0648156155328,1175.8428779756357,14233025,-0.023993542976399995,33.993379934131696,1179.860205078125,1191.69951171875,-0.01096163668225103,-0.03607148994390974,-0.026398949789511406,14.94858311517396,24.991030686909664,-10.042447571735703,1149.4151611328125,1
2021-11-01,1149.4151611328125,1157.6582624374937,1129.6225892164332,1148.7131311991511,15481114,0.0006111415861287384,35.80877528931812,1174.062890625,1192.0188232421874,-0.023993542976399995,-0.03574076287947925,-0.020993534238243794,10.931474869960084,22.17911952351975,-11.247644653559664,1132.656982421875,0
2021-11-02,1132.656982421875,1154.0347494893902,1130.1433322293192,1152.6759743257276,10569130,-0.014579743923354371,30.422061528758945,1159.546875,1190.765362548828,0.0006111415861287384,-0.04879918576282094,-0.023190000471628225,6.322757859077001,19.0078471906312,-12.685089331554199,1124.8670654296875,0
2021-11-03,1124.8670654296875,1141.353269066621,1114.6310849978502,1135.034999269857,11989430,-0.006877560561654672,24.630902359455618,1146.520947265625,1187.921044921875,-0.014579743923354371,-0.053079267988163537,-0.01888659940106674,2.018467587822215,15.609971270069403,-13.591503682247188,1131.77392578125,1
2021-11-04,1131.77392578125,1134.514118637374,1127.7656464746356,1129.1016597099565,1705656,0.006140156969502986,26.363277758321402,1137.48525390625,1186.5396423339844,-0.006877560561654672,-0.04615582539240526,-0.005021012892594934,-0.8258674694502588,12.322803522165472,-13.148670991615731,1133.1781005859375,1
2021-11-08,1133.1781005859375,1141.3532756603024,1112.5476437566415,1141.081448693073,20337183,0.0012406848865318398,25.648284199520774,1134.3782470703125,1184.9442443847656,0.006140156969502986,-0.04368656503809221,-0.0010579773435135387,-2.9329095672874246,9.271660904274894,-12.204570471562318,1142.123046875,1
2021-11-09,1142.123046875,1145.384011549245,1126.429444729638,1134.5593339553402,15682497,0.007893680864850205,24.847384930624827,1132.91982421875,1181.5575439453125,0.0012406848865318398,-0.033375011883583494,0.008123454510646111,-3.8367455859263373,6.649979606234648,-10.486725192160986,1154.8955078125,1
2021-11-10,1154.8955078125,1158.5641535733516,1133.9480592535028,1139.858648545967,10253470,0.011183086596883829,31.84563326358554,1137.367529296875,1179.2306884765626,0.007893680864850205,-0.02063648860385492,0.015411006613192724,-3.482269849550221,4.623529715077675,-8.105799564627896,1157.0015869140625,1
2021-11-11,1157.0015869140625,1164.2255472479787,1148.3960890914113,1150.4342522284085,10722478,0.0018236100905368868,40.04400770213767,1143.79443359375,1176.6660522460938,0.011183086596883829,-0.01671201892371632,0.011546789293960913,-2.996856397284091,3.0994524926053217,-6.096308889889412,1174.46142578125,1
2021-11-12,1174.46142578125,1177.0204805624614,1158.1110771767962,1160.783343266853,8712341,0.015090591979010304,45.42538377315166,1152.33193359375,1174.3595642089845,0.0018236100905368868,8.673797648528492e-05,0.019204095228434248,-1.189586843883717,2.241644625307514,-3.431231469191231,1167.531982421875,0
2021-11-15,1167.531982421875,1178.5832047502897,1163.9991900791144,1177.5867054893083,4803269,-0.005900102981045596,46.70879254507969,1159.2027099609375,1171.583184814453,0.015090591979010304,-0.0034578871095863883,0.007185345918677255,-0.31285447779214337,1.7307448046875826,-2.043599282479726,1140.4019775390625,0
2021-11-16,1140.4019775390625,1166.2635115241296,1130.030145313062,1164.9273785910239,11337581,-0.023237054994018402,30.403819404730726,1158.85849609375,1167.2872497558594,-0.005900102981045596,-0.02303226752662635,-0.015926464375849436,-1.7866075209046812,1.02727433956913,-2.813881860473811,1115.98974609375,0
2021-11-17,1115.98974609375,1131.819202659116,1114.6309708056715,1131.819202659116,10202029,-0.021406689856845906,28.806680458442543,1151.07734375,1161.2215515136718,-0.023237054994018402,-0.038951916936919906,-0.030482397943774053,-4.868311615608718,-0.1518428514664396,-4.716468764142278,1120.201904296875,1
2021-11-18,1120.201904296875,1127.3127730233773,1109.6715745881545,1114.1781038166205,8505625,0.003774369986703441,32.882512695439075,1143.7174072265625,1156.0786682128905,-0.021406689856845906,-0.0310331510324251,-0.02056058846451503,-6.89126019080436,-1.4997263193340238,-5.391533871470336,1070.584716796875,0
2021-11-22,1070.584716796875,1109.1960026578379,1064.8099816539602,1103.3533407297432,24124307,-0.044293075480123845,29.12629085197534,1122.9420654296875,1150.21904296875,0.003774369986703441,-0.06923405299075591,-0.04662515569116055,-12.355724770335655,-3.6709260095343503,-8.684798760801305,1080.59423828125,1
2021-11-23,1080.59423828125,1087.5692534410966,1045.7875684738456,1056.6801744196864,25326999,0.009349583762341407,32.484125509602364,1105.5545166015625,1144.7489196777344,-0.044293075480123845,-0.056042578677029886,-0.02257715738617716,-15.697714111439154,-6.076283629915311,-9.621430481523843,1064.9912109375,0
2021-11-24,1064.9912109375,1091.4868494573443,1061.4357769402945,1077.9446209027212,16820296,-0.01443930273824845,32.67626321974147,1090.47236328125,1139.0783935546874,0.009349583762341407,-0.06504133783627108,-0.023367077609446896,-19.381876441874056,-8.73740219230706,-10.644474249566995,1129.1016845703125,1
2021-11-25,1129.1016845703125,1133.2006528139436,1067.5954770563671,1074.7742721480843,42401936,0.06019812461773921,50.84147641876951,1093.0947509765624,1135.2716247558594,-0.01443930273824845,-0.005434770015390611,0.03294035906913084,-16.933226508493135,-10.376567055544276,-6.556659452948859,1092.7098388671875,0
2021-11-26,1092.7098388671875,1122.149452357917,1087.6824179851199,1117.7108501017365,15763138,-0.03223079568513276,43.05165149020822,1087.596337890625,1130.4072814941405,0.06019812461773921,-0.03334854900892503,0.004701653360179803,-17.7248505597006,-11.846223756375542,-5.878626803325057,1105.799072265625,1
2021-11-29,1105.799072265625,1132.2948314861248,1086.5953193762673,1104.7121238946838,24325354,0.011978690895660948,45.32443507942179,1094.639208984375,1126.8496154785157,-0.03223079568513276,-0.018680880681626433,0.01019501511516685,-17.09892086365221,-12.896763177830877,-4.202157685821334,1089.44873046875,0
2021-11-30,1089.44873046875,1121.3794713466475,1081.9529437331894,1117.8013949441001,32172299,-0.014785997028714748,41.22661626520624,1096.410107421875,1123.8863952636718,0.011978690895660948,-0.030641588811867848,-0.00634924551132976,-17.717961377739357,-13.861002817812574,-3.856958559926783,1117.3486328125,1
2021-12-01,1117.3486328125,1120.519028933976,1098.3713010103995,1101.9493776790864,10104610,0.025609192579209905,44.046251188488924,1106.881591796875,1122.2830688476563,-0.014785997028714748,-0.004396783816958849,0.009456333083137869,-15.775417304343591,-14.243885715118779,-1.5315315892248123,1124.5272216796875,1
2021-12-02,1124.5272216796875,1130.5736640269113,1114.9027029403865,1118.571348380323,12720411,0.006424663400820707,44.932117076991894,1105.96669921875,1121.8765808105468,0.025609192579209905,0.0023626849106928027,0.016782171175722338,-13.501053265362088,-14.095319225167442,0.5942659598053535,1090.739501953125,0
2021-12-03,1090.739501953125,1131.6153710496726,1087.0029299803193,1131.5700865288095,19222481,-0.03004615546442202,37.568082354271866,1105.5726318359375,1120.1702026367188,0.006424663400820707,-0.026273418641487023,-0.01341669416886726,-14.260602634485394,-14.128375907031032,-0.1322267274543627,1070.06396484375,0
2021-12-06,1070.06396484375,1098.326063585159,1067.5955985919252,1094.2498569399281,10332254,-0.018955522443583006,36.0945820178946,1098.4256103515625,1117.0847045898438,-0.03004615546442202,-0.0420923673494914,-0.025820269702865883,-16.34250777703096,-14.571202281031018,-1.7713054959999415,1078.782470703125,1
2021-12-07,1078.782470703125,1088.814549469748,1068.8862454989733,1076.2008936152106,11235122,0.008147649248844813,40.72152650259816,1096.2923583984375,1114.364923095703,-0.018955522443583006,-0.03193070030751688,-0.015971914390512154,-17.091897289935332,-15.075341282811882,-2.01655600712345,1095.2008056640625,1
2021-12-08,1095.2008056640625,1101.405743762558,1089.8563933091182,1097.9183562650253,8744178,0.015219319377924645,46.792447712921785,1091.86279296875,1112.0188110351562,0.008147649248844813,-0.0151238497084758,0.003057172308469802,-16.174521643162507,-15.295177354882007,-0.8793442882804996,1112.5701904296875,1
2021-12-09,1112.5701904296875,1120.9265028973477,1098.3259314492311,1102.8551026436394,13213547,0.015859543451571145,48.86843561798847,1089.47138671875,1109.9025451660157,0.015219319377924645,0.0024034950413351908,0.021201845218263182,-13.885863059479789,-15.013314495801565,1.1274514363217758,1113.7025146484375,1
2021-12-10,1113.7025146484375,1116.8955527047663,1100.7489847314073,1105.2328712872275,8364414,0.0010177553097237002,57.46667991366901,1094.0639892578124,1107.7375915527343,0.015859543451571145,0.005384779880352353,0.017950070181861566,-11.844183170944916,-14.379488230830237,2.535305059885321,1091.3736572265625,0
2021-12-13,1091.3736572265625,1120.5642045309762,1088.8146024741634,1120.2924973928066,12901733,-0.020049211641515963,51.79027951513136,1098.325927734375,1103.583203125,0.0010177553097237002,-0.011063548143777302,-0.006329879257383708,-11.89081936975299,-13.881754458614788,1.9909350888617983,1078.0125732421875,0
2021-12-14,1078.0125732421875,1089.7205393231307,1074.9553887174345,1077.944646457222,12991523,-0.012242446842934296,52.1788543422871,1098.1719482421875,1099.1072326660155,-0.020049211641515963,-0.01919253990592018,-0.01835721175747429,-12.857691246549848,-13.6769418162018,0.8192505696519525,1074.864990234375,0
2021-12-15,1074.864990234375,1089.267747138745,1069.3846036415657,1079.7564383300423,9366969,-0.0029198017592187986,38.59851441727599,1094.10478515625,1095.8303833007812,-0.012242446842934296,-0.01913196913125903,-0.017584965519666707,-13.719774794560408,-13.685508411873524,-0.034266382686883645,1088.769287109375,1
2021-12-16,1088.769287109375,1094.0231302341062,1072.8039773873268,1089.5845283011158,9761279,0.012935854271305391,49.08513169671072,1089.3446044921875,1094.4693603515625,-0.0029198017592187986,-0.005208070183304714,-0.0005281316678303893,-13.129670988362932,-13.574340927171408,0.4446699388084756,1060.0318603515625,0
2021-12-17,1060.0318603515625,1090.6264710688479,1050.7696168986836,1086.1199416955528,21049821,-0.026394413488746382,40.09410108574517,1078.6104736328125,1091.4608581542968,0.012935854271305391,-0.02879535034896441,-0.01722458082450873,-14.81015736602967,-13.821504214943062,-0.9886531510866092,1031.45263671875,0
2021-12-20,1031.45263671875,1049.7957435304404,1017.7517924627566,1049.7957435304404,14325846,-0.026960721372406793,38.07836146726005,1066.62626953125,1089.5042541503906,-0.026394413488746382,-0.05328259821886605,-0.0329765296592196,-18.237825132733178,-14.704768398501086,-3.533056734232092,1046.8065185546875,1
2021-12-21,1046.8065185546875,1062.5454064146618,1038.1784989493156,1046.8518030785813,12836561,0.014885687708144468,34.71080808642024,1060.38505859375,1087.8148681640625,-0.026960721372406793,-0.037697912401754574,-0.012805291746632141,-19.49067027206752,-15.661948773214373,-3.8287214988531453,1071.6490478515625,1
2021-12-22,1071.6490478515625,1074.276029474332,1051.6754577350616,1052.988828746117,17658543,0.023731729652557654,39.35438905540226,1059.7418701171875,1088.1477600097655,0.014885687708144468,-0.015162198337893895,0.011235922699796896,-18.268387969834066,-16.183236612538312,-2.0851513572957536,1071.2640380859375,0
2021-12-23,1071.2640380859375,1077.944583084397,1068.0030733980013,1075.2270326442374,9072401,-0.000359268518361322,45.46985268353794,1056.2408203125,1085.255877685547,0.023731729652557654,-0.012892664197727166,0.014223288368075515,-17.13328565770871,-16.373246421572393,-0.7600392361363184,1074.6837158203125,1
2021-12-24,1074.6837158203125,1083.3796623765666,1058.718285237532,1073.4155095265614,7886494,0.0031921894255733108,51.168385155565495,1059.17119140625,1084.3545715332032,-0.000359268518361322,-0.008918536396463672,0.01464590855560055,-15.775914560763567,-16.25378004941063,0.4778654886470619,1073.52880859375,0
2021-12-27,1073.52880859375,1077.038958550713,1063.4967281365457,1069.5884556164642,4017223,-0.0010746484845366444,48.618435498098975,1067.58642578125,1082.7410583496094,0.0031921894255733108,-0.008508266759460814,0.005566184309763411,-14.62479402640679,-15.927982844809863,1.3031888184030738,1086.2781982421875,1
2021-12-28,1086.2781982421875,1089.1995288788441,1074.7967758285763,1075.9516508475376,6374613,0.011876150454814827,47.60743843312651,1075.48076171875,1082.5825317382812,-0.0010746484845366444,0.003413750356725531,0.010039637070013097,-12.539209316406641,-15.25022813912922,2.711018822722579,1088.13525390625,1
2021-12-29,1088.13525390625,1095.60839765478,1078.8956544896844,1082.9266955421135,15425312,0.0017095580736754545,42.853327754170266,1078.7780029296875,1081.1218627929688,0.011876150454814827,0.006487142064783402,0.008673935648623399,-10.614166036892811,-14.323015718681939,3.708849681789127,1068.4786376953125,0
2021-12-30,1068.4786376953125,1089.2449463146104,1062.3642685656102,1087.0030029803643,29333171,-0.018064497166480953,38.06616415410386,1078.2209228515626,1078.31943359375,0.0017095580736754545,-0.009126048916359486,-0.009035518556331446,-10.553031244563272,-13.569018823858206,3.0159875792949347,1072.5775146484375,1
2021-12-31,1072.5775146484375,1079.710904759357,1068.8862272626782,1074.7741732718725,9477290,0.0038361805360622725,44.511996920576536,1077.7996826171875,1077.4113342285157,-0.018064497166480953,-0.004486512649822361,-0.004845212012003164,-10.057895211639106,-12.866794101414389,2.808898889775282,1088.74658203125,1
2022-01-03,1088.74658203125,1090.6036067166367,1070.4940456132024,1071.150790940942,5421611,0.015074963964830435,53.08350100956404,1080.8432373046876,1078.3454650878907,0.0038361805360622725,0.009645440427119123,0.007312202596808648,-8.26550809876312,-11.946536900884135,3.6810288021210145,1113.3173828125,1
2022-01-04,1113.3173828125,1114.6308734629547,1088.8145046450295,1094.2043208037267,10847728,0.022567970533059034,59.83544008163051,1086.25107421875,1080.0722106933595,0.015074963964830435,0.030780508738206036,0.02491717544511185,-4.806958496737707,-10.518621220054849,5.711662723317142,1118.526123046875,1
2022-01-05,1118.526123046875,1121.877776996668,1101.9267085410534,1115.0840198447643,11643813,0.004678576221649022,57.965608105988515,1092.329248046875,1081.2384765625,0.022567970533059034,0.03448605214542577,0.023982581302149475,-1.626976442303203,-8.74029226450452,7.113315822201317,1094.47607421875,0
2022-01-06,1094.47607421875,1111.4605249543165,1091.0791361515087,1110.1923187691705,14447422,-0.021501553099727788,59.45771651553332,1097.5287353515625,1080.3337707519531,0.004678576221649022,0.013090679796997629,-0.0027813951785369273,-1.0355188823284607,-7.199337588069308,6.163818705740847,1103.30810546875,1
2022-01-07,1103.30810546875,1113.2949007403674,1092.2342419850618,1101.020877531252,13112115,0.008069643053919107,72.12998887184577,1103.674853515625,1079.8140502929687,-0.021501553099727788,0.021757500904352023,-0.0003322971849062384,0.1442240792737266,-5.730625254600701,5.874849333874428,1104.2138671875,1
2022-01-10,1104.2138671875,1112.8193642531028,1094.2723568788356,1110.5547786779957,9246731,0.0008209508425256473,69.40742042966289,1106.768310546875,1080.4560607910157,0.008069643053919107,0.021988683537108367,-0.002308019966810182,1.139135037246433,-4.356673196231275,5.495808233477708,1112.1624755859375,1
2022-01-11,1112.1624755859375,1120.9489898132053,1102.8549498050875,1103.3079147818855,16205164,0.007198431965614649,65.46236230509334,1106.5373291015626,1082.163555908203,0.0008209508425256473,0.0277212437195391,0.005083557812678663,2.5397191069041583,-2.977394735604188,5.517113842508346,1141.8514404296875,1
2022-01-12,1141.8514404296875,1143.595254204983,1116.4427463358454,1119.2961508769274,14800442,0.026694808982930862,72.01583230789848,1111.202392578125,1085.5128784179688,0.007198431965614649,0.05190040867486245,0.027581877123620036,5.976450612183953,-1.1866256660465597,7.163076278230513,1148.28271484375,1
2022-01-13,1148.28271484375,1150.8644117443653,1136.0992618786104,1141.9192812349345,11856712,0.005632321496781056,72.53184945456991,1121.963720703125,1088.4885498046874,0.026694808982930862,0.05493320536058155,0.02345797253063675,9.113974957189384,0.8734944586006291,8.240480498588756,1149.95849609375,1
2022-01-14,1149.95849609375,1162.776052313962,1144.0026230998735,1148.146875628832,19930176,0.0014593803671667516,73.32406001481148,1131.293798828125,1092.984881591797,0.005632321496781056,0.05212662632531395,0.016498541126062083,11.601966894647603,3.0191889458100243,8.58277794883758,1155.959716796875,1
2022-01-17,1155.959716796875,1161.7344520199854,1149.0527486713804,1149.5057137125311,8036453,0.005218641127928025,72.17816789064753,1141.64296875,1099.2102355957031,0.0014593803671667516,0.05162750433306984,0.01254047757378185,13.897762036841186,5.194903564016258,8.702858472824929,1142.1683349609375,0
2022-01-18,1142.1683349609375,1160.5340832716051,1139.4281422634044,1157.0919805047831,6215029,-0.011930676852782485,65.98335941624353,1147.644140625,1103.9783264160155,0.005218641127928025,0.03459307817111146,-0.004771344592131577,14.437915668036567,7.043505984820319,7.394409683216248,1142.0777587890625,0
2022-01-19,1142.0777587890625,1151.3172385374578,1136.370950826631,1145.882257497244,9755485,-7.930194622152165e-05,74.62116200398235,1147.689404296875,1107.4997619628907,-0.011930676852782485,0.03122167427366951,-0.0048895158278911,14.689352856338928,8.572675359124041,6.116677497214887,1122.0816650390625,0
2022-01-20,1122.0816650390625,1136.8015335141931,1111.9136106984854,1132.3176461756468,16494486,-0.017508522161574835,64.96856710900082,1142.4491943359376,1110.0406433105468,-7.930194622152165e-05,0.01084737014007442,-0.017827951910556528,13.123817786133031,9.48290384452584,3.6409139416071916,1122.2628173828125,1
2022-01-21,1122.2628173828125,1133.3140400118668,1110.5549690507016,1110.5549690507016,13338594,0.0001614431011522921,61.21901608209477,1136.91005859375,1112.4195983886718,-0.017508522161574835,0.008848476787354675,-0.012883377273532615,11.762150692611158,9.938753214142904,1.8233974784682534,1076.993408203125,0
2022-01-24,1076.993408203125,1134.4460429942571,1066.6668610593797,1120.971622898134,21868937,-0.04033761831765803,39.32094095556918,1121.116796875,1112.5928283691405,0.0001614431011522921,-0.03199680894779611,-0.03935663866143524,6.950040976029413,9.341010766520206,-2.390969790490793,1074.8875732421875,0
2022-01-25,1074.8875732421875,1081.8624687571998,1043.9758512681215,1064.1533431011624,24510205,-0.001955290482651084,36.93207282042808,1107.66064453125,1112.0232971191406,-0.04033761831765803,-0.0333947354998394,-0.02958764622618848,2.9326799650027624,8.059344606216719,-5.1266646412139565,1058.96728515625,0
2022-01-27,1058.96728515625,1067.1198169153088,1046.7159051568356,1058.0161903944513,20020431,-0.014811119304242282,38.82235222148102,1091.0385498046876,1110.5648986816407,-0.001955290482651084,-0.04646069183947965,-0.029395170916901914,-1.5182404461043006,6.143827595752516,-7.662068041856816,1057.9483642578125,0
2022-01-28,1057.9483642578125,1076.0876922422228,1054.5741878483832,1071.1509600753575,14667727,-0.000962183546857287,34.982731153193626,1078.2118896484376,1110.0383850097655,-0.014811119304242282,-0.046926323859957986,-0.018793639344148017,-5.069408356150689,3.901180405371875,-8.970588761522563,1080.9339599609375,1
2022-01-31,1080.9339599609375,1089.9017336429354,1067.1651879580827,1068.9769283849403,12143683,0.021726576154073696,43.275788268197005,1069.9461181640625,1110.4562072753906,-0.000962183546857287,-0.026585692547830164,0.010269528166268138,-5.960282607292129,1.9288878028390744,-7.889170410131204,1077.35595703125,0
2022-02-01,1077.35595703125,1096.3331695818495,1063.0437697429202,1090.6264803582178,13200509,-0.0033101031720909058,39.68600992712727,1070.0186279296875,1109.8866760253907,0.021726576154073696,-0.029309946408795806,0.00685719753847569,-6.87576229579895,0.16795778311146936,-7.043720078910419,1079.552490234375,1
2022-02-02,1079.552490234375,1090.1733881906252,1075.725349000261,1090.1733881906252,10017691,0.0020388184506612284,27.94603540886129,1070.951611328125,1108.1984313964845,-0.0033101031720909058,-0.02584910820168873,0.00803106210894411,-7.339440174627271,-1.3335218084362788,-6.005918366190992,1065.6026611328125,0
2022-02-03,1065.6026611328125,1087.659819731054,1063.0890104902376,1083.3797131393435,9572839,-0.012921862741971823,22.21036936865228,1072.2786865234375,1105.5522583007812,0.0020388184506612284,-0.03613542179305995,-0.006226017055575461,-8.731887100049107,-2.8131948667588444,-5.918692233290263,1055.8873291015625,0
2022-02-04,1055.8873291015625,1063.654941472206,1051.2675896241456,1060.2806459968438,11061241,-0.009117218251803116,20.002849342199,1071.8664794921874,1103.622821044922,-0.012921862741971823,-0.043253447675323464,-0.014907780676372329,-10.498339102800628,-4.3502237139672015,-6.148115388833427,1049.4561767578125,0
2022-02-07,1049.4561767578125,1067.4370085401163,1043.9757907846413,1060.7338205814565,10714467,-0.006090756245007878,16.1313138135865,1065.5709228515625,1100.930224609375,-0.009117218251803116,-0.04675505013937298,-0.015123109826069125,-12.27569867536613,-5.935318706246988,-6.340379969119142,1067.09716796875,1
2022-02-08,1067.09716796875,1068.8862659765236,1046.240291320876,1055.5931024543218,12060849,0.01680965018037961,26.69751016433446,1063.5191650390625,1099.0743896484375,-0.006090756245007878,-0.029094683654594222,0.003364305080065133,-12.121064298863985,-7.172467824770388,-4.948596474093597,1079.5299072265625,1
2022-02-09,1079.5299072265625,1081.2056742872649,1067.9805561051007,1073.9363098694528,11486225,0.011650990772919645,31.966562302910177,1063.5146484375,1097.4427612304687,0.01680965018037961,-0.01632235833768869,0.015058804138327497,-10.86999475484049,-7.911973210784409,-2.9580215440560815,1078.4202880859375,0
2022-02-10,1078.4202880859375,1085.0554293647551,1071.1962083846827,1085.0554293647551,12464491,-0.0010278725334027516,35.873341369433646,1066.078173828125,1094.2712036132812,0.011650990772919645,-0.014485362929229972,0.011577119352789822,-9.8544541061558,-8.300469389858687,-1.553984716297112,1076.3140869140625,0
2022-02-11,1076.3140869140625,1079.9827320410225,1061.6847909262883,1074.8873849313381,15943370,-0.0019530429788309212,35.31618351532779,1070.163525390625,1090.6727722167968,-0.0010278725334027516,-0.013164980064139908,0.00574730999282802,-9.11451717737964,-8.463278947362879,-0.6512382300167605,1059.171142578125,0
2022-02-14,1059.171142578125,1066.599001885618,1047.5990308751595,1059.9410992209632,10719633,-0.01592745514005922,43.056295371878186,1072.1065185546875,1086.1334045410156,-0.0019530429788309212,-0.024824079482468786,-0.012065383199050705,-9.798453693856118,-8.730313896661526,-1.0681397971945916,1095.1328125,1
2022-02-15,1095.1328125,1097.8277206759533,1057.8803043046898,1064.9004831978962,11212671,0.033952652669842154,56.241217648772185,1077.7136474609374,1083.092059326172,-0.01592745514005922,0.011117017311824018,0.016163073632872393,-7.353900900246799,-8.455031297378582,1.101130397131783,1092.8682861328125,0
2022-02-16,1092.8682861328125,1101.9492706042658,1085.16871921443,1100.5904953127101,10392840,-0.0020678098047468563,61.41186119884187,1080.3813232421876,1080.6270568847656,0.033952652669842154,0.011327894457257015,0.011557921839255858,-5.535493824570722,-7.87112380281701,2.3356299782462884,1106.7049560546875,1
2022-02-17,1106.7049560546875,1111.8682307103675,1091.5322435754686,1096.106699582626,12853252,0.012660876061137305,65.10878397087595,1086.0382568359375,1078.858416748047,-0.0020678098047468563,0.025811115596221734,0.01902943942229096,-2.9439534287826064,-6.88568972801013,3.9417362992275233,1098.0543212890625,0
2022-02-18,1098.0543212890625,1112.5476464311962,1096.129369451274,1107.1126644779383,6775458,-0.00781656819940868,55.822584903874414,1090.3863037109375,1077.657049560547,0.012660876061137305,0.018927423837512336,0.007032386184628647,-1.5700740865620446,-5.822566599720513,4.252492513158469,1086.957763671875,0
2022-02-21,1086.957763671875,1103.9875007758346,1080.0281530233087,1092.4380298945582,11107193,-0.010105654521864293,53.10666896269533,1095.9436279296874,1075.891796875,-0.00781656819940868,0.01028539006340301,-0.008199202977973719,-1.3609757897654617,-4.930248437729503,3.5692726479640413,1082.0208740234375,0
2022-02-22,1082.0208740234375,1085.146105195485,1063.066305633856,1065.6705251768456,13494914,-0.004541933287048883,50.78473117495069,1093.321240234375,1076.1431701660156,-0.010105654521864293,0.005461823315307646,-0.010335815124670078,-1.5754685971105573,-4.259292469605714,2.6838238724951564,1075.249755859375,0
2022-02-23,1075.249755859375,1089.9696221846223,1072.5096827529123,1087.5012562225045,7310110,-0.006257844304689342,53.21361911849023,1089.7975341796875,1076.161279296875,-0.004541933287048883,-0.0008470137841193326,-0.013349065183252518,-2.2657106376382217,-3.8605761032122157,1.594865465573994,1021.6695556640625,0
2022-02-24,1021.6695556640625,1059.7827129241718,1016.0760782454672,1043.975778151862,24846650,-0.049830469528904464,41.17925454517992,1072.7904541015625,1074.2963928222657,-0.006257844304689342,-0.04898726041511514,-0.04765226819650692,-7.054882501066231,-4.499437382783019,-2.5554451182832123,1034.4420166015625,1
2022-02-25,1034.4420166015625,1045.3119804850721,1030.954508957098,1032.698202879161,14570089,0.012501557736246838,46.25214213801829,1060.0679931640625,1073.121075439453,-0.049830469528904464,-0.036043518036444455,-0.024173898964737428,-9.707799384794043,-5.541109783185224,-4.1666896016088195,1068.682373046875,1
2022-02-28,1068.682373046875,1072.2151647642706,1015.8948766365417,1015.8948766365417,21297446,0.033100314851674195,50.36541866409735,1056.4129150390625,1072.50849609375,0.012501557736246838,-0.0035674524358644266,0.011614263545196124,-8.944240880569623,-6.221736002662104,-2.722504877907519,1086.34619140625,1
2022-03-02,1086.34619140625,1087.4559017749605,1054.9363443782538,1057.314141139364,21471786,0.01652859521675687,51.53427534690796,1057.277978515625,1072.9580078125,0.033100314851674195,0.012477826248806556,0.0274934439960961,-6.835003084995606,-6.344389419128805,-0.49061366586680055,1077.1746826171875,0
2022-03-03,1077.1746826171875,1093.7288113845136,1073.4381104672327,1087.002981514595,10186748,-0.008442528598724297,49.72944623976938,1057.6629638671875,1072.8391174316407,0.01652859521675687,0.004041207218400178,0.018447954988097814,-5.836204908274567,-6.242752516957958,0.40654760868339057,1053.2833251953125,0
2022-03-04,1053.2833251953125,1070.833834303542,1050.928170459011,1065.7158442994964,10805667,-0.022179649974530258,45.43005465486822,1063.9857177734375,1072.2231506347657,-0.008442528598724297,-0.01766407060716857,-0.010058774661488412,-6.8930245367107545,-6.372806920908517,-0.5202176158022374,1014.3323974609375,0
2022-03-07,1014.3323974609375,1047.1915918601796,1006.3836454479082,1032.0640445664155,17983310,-0.03698048455020608,41.811432370121054,1059.9637939453125,1070.1454040527344,-0.022179649974530258,-0.05215460102938174,-0.043049957691978835,-10.749660651342083,-7.248177666995231,-3.5014829843468522,1012.4979248046875,0
2022-03-08,1012.4979248046875,1017.2536381523959,987.361002125067,1001.6279025675499,21289374,-0.0018085517734048873,32.76008286019456,1048.726904296875,1068.2974914550782,-0.03698048455020608,-0.052232235961154116,-0.03454567566041178,-13.795078096622092,-8.557557752920603,-5.237520343701489,1066.214111328125,1
2022-03-09,1066.214111328125,1072.0567736389658,1011.8865764630572,1012.724579802494,20414228,0.0530531324632586,45.42202508471363,1044.70048828125,1068.2533386230468,-0.0018085517734048873,-0.0019089360371673525,0.02059310136082093,-11.738828131975879,-9.19381182873166,-2.5450163032442195,1083.4927978515625,1
2022-03-10,1083.4927978515625,1089.267532756051,1068.8862634347242,1087.0029472759036,17980493,0.016205644194592805,46.05979454586747,1045.964111328125,1068.451483154297,0.0530531324632586,0.014077676838315956,0.03587951643559273,-8.615673501030642,-9.078184163191455,0.46251066216081327,1086.617919921875,1
2022-03-11,1086.617919921875,1091.9850941858494,1076.1555181267943,1076.1555181267943,12257423,0.002884303501148544,48.02158691168887,1052.6310302734375,1068.8613647460938,0.016205644194592805,0.016612589584991788,0.03228756199559202,-5.821275679142445,-8.426802466381654,2.6055267872392083,1095.5404052734375,1
2022-03-14,1095.5404052734375,1098.0541754406872,1075.2270625884603,1081.0697243173254,8340678,0.00821124443834309,51.49598646082144,1068.8726318359375,1069.8226806640625,0.002884303501148544,0.02403924040328942,0.024949439852056443,-2.853828119086529,-7.3122075969226294,4.4583794778361,1070.4488525390625,0
2022-03-15,1070.4488525390625,1099.6620420875429,1060.2128731362302,1099.6620420875429,15925769,-0.02290335674850108,48.11536889450137,1080.4628173828125,1070.3865661621094,0.00821124443834309,5.8190544353076135e-05,-0.009268217917953625,-2.497987905612945,-6.3493636586606925,3.8513757530477477,1088.5203857421875,1
2022-03-16,1088.5203857421875,1090.581191192119,1076.6312801930274,1078.850581492875,11149828,0.016882201480491243,52.084540541286806,1084.924072265625,1070.0559448242188,-0.02290335674850108,0.017255584633008914,0.003314806601214304,-0.7491248286464725,-5.229315892657849,4.480191064011376,1124.0064697265625,1
2022-03-17,1124.0064697265625,1131.1172183134404,1093.8420644373464,1101.8361008572806,21422098,0.03260029343426529,67.04384936979898,1093.026806640625,1071.6128540039062,0.016882201480491243,0.04889229867567946,0.028343003938899214,3.4604027982561547,-3.491372154475048,6.951774952731203,1117.52978515625,0
2022-03-21,1117.52978515625,1125.0482148088292,1104.6669425964524,1106.9315283978274,11999466,-0.005762141717821301,64.13438164896654,1099.2091796875,1072.1540954589843,0.03260029343426529,0.042321985141362095,0.016667078302565308,6.2023723658815015,-1.552623250403738,7.75499561628524,1146.4033203125,1
2022-03-22,1146.4033203125,1148.1243719419283,1111.2795389519592,1114.2233926126817,22557065,0.02583692671082849,63.46731623286576,1109.3817626953125,1074.5715454101562,-0.005762141717821301,0.06684689838397517,0.03337134146431375,10.583258764765787,0.8745531526301671,9.70870561213562,1150.0491943359375,1
2022-03-23,1150.0491943359375,1161.666592238369,1142.7120228084564,1142.7120228084564,15462187,0.0031802716887139315,61.601939351684905,1125.3018310546875,1077.7261169433593,0.02583692671082849,0.0671071028673782,0.02199175598786285,14.185809184396703,3.5368043589834746,10.649004825413229,1167.9166259765625,1
2022-03-24,1167.9166259765625,1170.407753742212,1136.823891628139,1136.823891628139,13168266,0.015536232474769873,66.01901703102615,1141.1810791015625,1082.0209045410156,0.0031802716887139315,0.07938453044212035,0.023427961928748964,18.271980735958778,6.483839634378535,11.788141101580242,1175.70703125,1
2022-03-25,1175.70703125,1184.833300668766,1167.169460657995,1169.660588741769,14222488,0.006670343670228673,72.91454652551229,1151.52119140625,1087.043768310547,0.015536232474769873,0.08156365504698204,0.021003382329606968,21.886626323970177,9.564396972296864,12.322229351673313,1187.5281982421875,1
2022-03-28,1187.5281982421875,1191.0608703717303,1171.472198621402,1182.1157391354113,9891424,0.010054517560909249,86.08227497215285,1165.5208740234375,1095.3367004394531,0.006670343670228673,0.0841672681703689,0.018881964887320857,25.41219244131662,12.733956066100816,12.678236375215803,1187.7998046875,1
2022-03-29,1187.7998046875,1194.7973413665754,1180.9381215710694,1194.7973413665754,8684065,0.0002287157860458855,86.76041974374478,1173.8001708984375,1103.00458984375,0.010054517560909249,0.07687657478901522,0.011926760735046615,27.90645709366322,15.7684562716133,12.138000822049921,1210.6270751953125,1
2022-03-30,1210.6270751953125,1217.4434746814534,1185.331593767139,1195.6581430818142,15811550,0.019218112696876677,84.79001555658155,1185.9157470703126,1110.101824951172,0.0002287157860458855,0.09055498152033237,0.0208373387283598,31.36360958722298,18.887486934735236,12.476122652487746,1193.3255615234375,0
2022-03-31,1193.3255615234375,1209.1551399202813,1190.5402036058347,1207.003765404827,13223718,-0.014291365215901575,76.45651222748101,1190.9975341796876,1115.4507934570313,0.019218112696876677,0.06981461533148847,0.0019546869552113932,32.33460706462347,21.576910960712883,10.757696103910586,1202.8819580078125,1
2022-04-01,1202.8819580078125,1207.094137293246,1187.5507515318518,1193.891542920345,7922880,0.008008205633486032,77.16404552576924,1196.43251953125,1121.7361572265625,-0.014291365215901575,0.07233947150449271,0.005390557654759709,33.48920814607368,23.959370397785044,9.529837748288635,1206.4375,1
2022-04-04,1206.4375,1211.555489970758,1196.45070474843,1202.7009276541294,7929162,0.00295585279047339,76.57661610940168,1200.2143798828124,1129.393865966797,0.008008205633486032,0.06821679872260611,0.005185007129972163,34.29579971472276,26.02665626117259,8.269143453550171,1189.3851318359375,0
2022-04-05,1189.3851318359375,1209.2456310104756,1186.9620503043643,1200.7307025551163,13149870,-0.014134481201108606,79.6455168703835,1200.5314453125,1138.146502685547,0.00295585279047339,0.04501936176888388,-0.009284482734778443,33.17660647804428,27.45664630454693,5.719960173497348,1186.2147216796875,0
2022-04-06,1186.2147216796875,1193.2122590361132,1171.744039651222,1171.744039651222,12257215,-0.002665587513571932,76.3048702886623,1195.648974609375,1146.832342529297,-0.014134481201108606,0.034340136469759974,-0.007890487199865515,31.668754482677514,28.299067940173046,3.3696865425044678,1165.289794921875,0
2022-04-07,1165.289794921875,1180.3040094861121,1162.6401712692125,1175.3671581453982,15496499,-0.01764008351555668,62.06161609028638,1190.0418212890625,1151.7861267089843,-0.002665587513571932,0.011724110839461899,-0.020799291188250746,28.45726654571081,28.3307076612806,0.12655888443021013,1184.6748046875,1
2022-04-08,1184.6748046875,1188.9096265891387,1159.4698932414146,1159.4698932414146,15152495,0.016635355299687182,68.24162092321734,1186.400390625,1156.8452270507812,-0.01764008351555668,0.02405643986418693,-0.0014544718217691655,27.163226729724556,28.09721147496939,-0.9339847452448353,1182.2064208984375,0
2022-04-11,1182.2064208984375,1195.0466201854251,1169.8869936426172,1177.5865608022991,9254209,-0.0020835960883912596,61.356091539779754,1181.5541748046876,1161.6246520996094,0.016635355299687182,0.017718088852218372,0.0005520238577785275,25.642917321152254,27.606352644205966,-1.9634353230537123,1159.945556640625,0
2022-04-12,1159.945556640625,1178.7642727503164,1157.3865016457235,1171.6986884850992,13217742,-0.018829930090292546,52.807426168753764,1175.666259765625,1164.8449096679688,-0.0020835960883912596,-0.004206013166800249,-0.013371739636496849,22.383769298756988,26.56183597511617,-4.178066676359183,1155.68798828125,0
2022-04-13,1155.68798828125,1174.2349955581562,1152.9025109003892,1166.0371790472568,10354235,-0.0036704898216994852,46.2406604747162,1169.5609130859375,1169.106866455078,-0.018829930090292546,-0.011477888428212069,-0.011861652223040808,19.23558497563363,25.096585775219665,-5.861000799586037,1152.1551513671875,0
2022-04-18,1152.1551513671875,1159.3792305452218,1142.1683569783831,1147.2410619855225,9974224,-0.0030569123759056627,42.565030978877026,1166.933984375,1172.2886047363281,-0.0036704898216994852,-0.017174485265656125,-0.012664669300661235,16.268028102826975,23.330874240741128,-7.062846137914153,1196.0655517578125,1
2022-04-19,1196.0655517578125,1208.3849780863475,1155.416224906424,1158.5639783200388,26141820,0.03811153414409452,52.24106815554239,1169.2121337890626,1175.8915588378907,-0.0030569123759056627,0.017156337902331176,0.02296710510668931,17.260452486030317,22.11678988979897,-4.856337403768652,1231.234619140625,1
2022-04-20,1231.234619140625,1238.2775602010167,1199.8247720277507,1203.4481327307994,25072240,0.02940396312821303,59.63622517402825,1179.0177734375,1181.5768005371094,0.03811153414409452,0.042026737983466456,0.04428842963993973,20.646802292741313,21.82279237038744,-1.1759900776461265,1260.06298828125,1
2022-04-21,1260.06298828125,1263.1880996959114,1237.3717275306717,1245.9319403276972,21708633,0.023414196362303796,60.68313343846433,1199.041259765625,1187.259783935547,0.02940396312821303,0.06132036588013956,0.05089210068346839,25.364333129242823,22.531100522158518,2.8332326070843052,1249.5098876953125,0
2022-04-22,1249.5098876953125,1269.075915209395,1242.8972695502077,1249.5551722154648,15054154,-0.008375057980499978,62.50623597245846,1217.8056396484376,1192.2328186035156,0.023414196362303796,0.04804184903992703,0.02603391462042115,27.929509286264647,23.610782274979748,4.318727011284899,1220.61376953125,0
2022-04-25,1220.61376953125,1249.3287095526507,1206.414795351199,1242.0821076628993,17063215,-0.02312596198607164,53.63408972755898,1231.49736328125,1194.86767578125,-0.008375057980499978,0.021547234285308026,-0.008837691475848009,27.315874236242507,24.3518006672323,2.964073569010207,1257.1414794921875,1
2022-04-26,1257.1414794921875,1265.9054714118893,1226.3657374070801,1227.4074011312523,12227666,0.029925690560548945,59.15442049942058,1243.712548828125,1198.9393981933595,-0.02312596198607164,0.048544639859638306,0.010797455309682125,29.43770541346521,25.368981616478884,4.068723796986326,1258.3646240234375,1
2022-04-27,1258.3646240234375,1280.851985416539,1247.811532355269,1248.1739283672139,19338945,0.0009729569433538643,63.20900085834662,1249.1385498046875,1202.481219482422,0.029925690560548945,0.046473411505810525,0.007385949477095588,30.862209114198322,26.467627116022776,4.394581998175546,1277.1607666015625,1
2022-04-28,1277.1607666015625,1291.269173560739,1261.874722290275,1272.676879438306,25614076,0.014936960416152667,66.43205431667022,1252.55810546875,1206.949267578125,0.0009729569433538643,0.05817270113127826,0.01964193199931863,33.12597456557228,27.79929660593268,5.3266779596396,1263.7542724609375,0
2022-04-29,1263.7542724609375,1293.6015662528664,1257.8889681093667,1293.6015662528664,18214862,-0.010497107718317022,68.28731696722289,1255.406982421875,1209.6056274414063,0.014936960416152667,0.04476553662706406,0.006649070903651744,33.452612072489956,28.929959699244137,4.522652373245819,1259.3157958984375,0
2022-05-02,1259.3157958984375,1270.6613674733937,1249.1703841481763,1250.9594824534263,9467006,-0.003512135752353873,64.6775828156828,1263.1473876953125,1212.9051391601563,-0.010497107718317022,0.03826404492804536,-0.0030333687376467022,32.97323179432033,29.738614118259374,3.234617676060953,1220.0023193359375,0
2022-05-04,1220.0023193359375,1263.6410258882418,1212.1442565160846,1261.3764403153348,19247660,-0.03121812391343226,56.49160266420217,1255.7195556640625,1213.7611572265625,-0.003512135752353873,0.00514200184461,-0.02844364107178099,29.085767841545703,29.608044862916643,-0.5222770213709396,1196.1109619140625,0
2022-05-05,1196.1109619140625,1236.4659436174286,1192.0800401164388,1233.5219702392728,17210669,-0.01958304262477084,56.17696226400146,1243.2688232421874,1213.2448303222657,-0.03121812391343226,-0.014122350229715863,-0.03793054281305552,23.802708963506348,28.446977683034582,-4.644268719528235,1186.9393310546875,0
2022-05-06,1186.9393310546875,1204.3087009820067,1174.6651887519583,1183.112189870724,19649948,-0.007667876268517948,55.249532791150976,1225.2245361328125,1213.122540283203,-0.01958304262477084,-0.021583317726833418,-0.031247501130662103,18.660664258727593,26.489714998173184,-7.8290507394455915,1140.5831298828125,0
2022-05-09,1140.5831298828125,1176.2730823033007,1135.465140485421,1166.2408838499182,18083752,-0.039055240616792,48.3006396756663,1200.5903076171876,1210.8409606933594,-0.007667876268517948,-0.058023995794059924,-0.04998139444709604,10.72140903462082,23.33605380546271,-12.614644770841892,1120.813232421875,0
2022-05-10,1120.813232421875,1144.3423749690376,1113.2721615832613,1130.0301899582084,19511677,-0.01733314910853423,38.105829632405126,1172.889794921875,1208.6171325683595,-0.039055240616792,-0.07264823390340136,-0.044400217927950014,2.8019276908198663,19.229228582534144,-16.427300891714278,1109.331787109375,0
2022-05-11,1109.331787109375,1125.4783543216395,1096.9444341111473,1119.9073998813726,16643899,-0.010243852392508468,29.17284345074576,1150.7556884765625,1204.8499816894532,-0.01733314910853423,-0.07927808111524526,-0.035997129348999235,-4.350623730999359,14.513258119827444,-18.863881850826804,1086.731201171875,0
2022-05-12,1086.731201171875,1102.7870793042052,1073.4153958980505,1099.4581878859078,20490321,-0.02037315273944429,19.74228605523355,1128.879736328125,1200.076220703125,-0.010243852392508468,-0.09444818385355658,-0.03733660353701218,-11.707790546743809,9.269048386513195,-20.976838933257003,1099.050537109375,1
2022-05-13,1099.050537109375,1122.3304948076038,1093.9551898739935,1098.7788299822744,19308778,0.011336138986545619,23.895989146369416,1111.3019775390626,1197.0314697265626,-0.02037315273944429,-0.08185326375719204,-0.01102440261720572,-16.35579141823291,4.144080425563973,-20.499871843796885,1099.322265625,1
2022-05-16,1099.322265625,1123.6891694506164,1094.5439104656627,1102.6058723181322,13437911,0.0002472393274468576,26.635856842010213,1103.0498046875,1194.21318359375,0.011336138986545619,-0.07945894357253236,-0.0033793025905625163,-19.78932040840141,-0.6425997412291031,-19.146720667172307,1145.497314453125,1
2022-05-17,1145.497314453125,1150.366239393939,1101.496331090796,1102.9003909379085,16551828,0.0420031962164189,29.26486651682295,1107.98662109375,1193.8802917480468,0.0002472393274468576,-0.04052581957281565,0.0338548251804216,-18.5704082245702,-4.228161437897323,-14.342246786672877,1149.6641845703125,1
2022-05-18,1149.6641845703125,1163.9990123371506,1136.0313867118257,1150.2530031709177,17276788,0.0036376079320419308,30.029952581806697,1116.0531005859375,1191.5602233886718,0.0420031962164189,-0.03516065574865479,0.030116025811611324,-17.071391567210867,-6.796807463760032,-10.274584103450835,1123.1683349609375,0
2022-05-19,1123.1683349609375,1137.9561265637965,1116.918112875952,1125.0480019185666,14699118,-0.02304659914171181,22.487437843496465,1123.34052734375,1186.1569091796875,0.0036376079320419308,-0.05310307070783005,-0.00015328600599817666,-17.816031572965358,-9.000652285601099,-8.815379287364259,1188.660400390625,1
2022-05-20,1188.660400390625,1197.6961004424857,1133.2006360812218,1137.956229855782,21793091,0.05831010667867975,38.68877296789413,1141.2625,1182.5867797851563,-0.02304659914171181,0.0051358773066718655,0.04153111172112012,-12.971969018148911,-9.794915632110662,-3.1770533860382493,1180.7117919921875,0
2022-05-23,1180.7117919921875,1201.8403770570499,1174.4161648907582,1191.8534622113486,15252755,-0.006687030539442085,38.28394055399485,1157.5404052734375,1179.146875,0.05831010667867975,0.001327160360907298,0.02001777787901604,-9.663011629285847,-9.768534831545699,0.10552320225985135,1184.765380859375,1
2022-05-24,1184.765380859375,1194.7974606402702,1176.5449216952304,1180.7571013596234,13527818,0.003433173865696748,44.13097640646863,1165.3940185546876,1177.3544555664062,-0.006687030539442085,0.006294557478362384,0.01662215696688718,-6.6370406414346235,-9.142235993523483,2.50519535208886,1183.0216064453125,0
2022-05-25,1183.0216064453125,1203.2670225299603,1178.2658929997126,1193.4387237828619,12714544,-0.0014718309989760758,47.64619419622277,1172.0655029296875,1173.6484619140624,0.003433173865696748,0.007986330520097784,0.00934768874968106,-4.329734371830682,-8.179735669184923,3.8500012973542415,1171.743896484375,0
2022-05-26,1171.743896484375,1193.393371125466,1154.0347740615534,1188.6376579513867,17882023,-0.009532970403494323,47.28800864135291,1181.780615234375,1169.3174255371093,-0.0014718309989760758,0.002075117409758187,-0.008492878137123294,-3.3723204609411823,-7.218252627536176,3.8459321665949933,1166.3089599609375,0
2022-05-27,1166.3089599609375,1179.9191164627784,1150.4568600156867,1174.4388502012214,16521973,-0.004638331413326813,55.376766010948145,1177.3103271484374,1163.774835205078,-0.009532970403494323,0.002177504341218217,-0.009344492215698441,-3.0173350344964547,-6.378069108928232,3.360734074431777,1206.9356689453125,1
2022-05-30,1206.9356689453125,1211.1024440039564,1174.959644745959,1184.3802630005096,13853398,0.034833573589056366,66.55638696862871,1182.5551025390625,1160.933905029297,-0.004638331413326813,0.039624791486173816,0.020616854431478426,0.5360501050272433,-4.995245266137138,5.531295371164381,1192.374267578125,0
2022-05-31,1192.374267578125,1213.2764285050255,1184.6973432373502,1196.337262181718,70620653,-0.012064770096580246,65.77745267116724,1184.0768798828126,1157.5868286132813,0.034833573589056366,0.03005168865519736,0.007007473785092033,2.152339206644683,-3.565728371580774,5.718067578225457,1192.7593994140625,1
2022-06-01,1192.7593994140625,1202.587698682473,1184.9238588339676,1193.121675611818,9776989,0.00032299576266425767,72.00186434366744,1186.0244384765624,1156.2246826171875,-0.012064770096580246,0.031598284785078645,0.005678602159455481,3.4248572622695974,-2.1676112448106997,5.592468507080297,1233.8843994140625,1
2022-06-02,1233.8843994140625,1237.575687367432,1192.9858825014019,1192.9858825014019,22126569,0.03447887312412079,74.99159449395233,1198.4525390625,1158.1133544921875,0.00032299576266425767,0.0654262768216669,0.029564675443284116,7.663441411123813,-0.2014007136237972,7.86484212474761,1258.8853759765625,1
2022-06-03,1258.8853759765625,1276.0283243723425,1241.9009234208313,1242.8068535360608,23939791,0.020262008802746978,77.09164527410596,1216.967822265625,1161.7106567382812,0.03447887312412079,0.08364795370915967,0.03444425805186846,12.891316679045303,2.417142764910023,10.47417391413528,1253.4730224609375,0
2022-06-06,1253.4730224609375,1274.5110388345443,1246.3395117355965,1259.1119042533815,11093152,-0.004299321939002176,71.27809998965607,1226.27529296875,1167.3551513671875,0.020262008802746978,0.07377178315689958,0.02217913844316577,16.408566062306363,5.215427424389292,11.193138637917071,1255.8282470703125,1
2022-06-07,1255.8282470703125,1264.1392757142605,1246.452912224144,1254.5373984290559,12358255,0.001878959153625015,71.07154521499035,1238.9660888671874,1174.1059020996095,-0.004299321939002176,0.06960389588755334,0.013609862573835674,19.165134738118468,8.005368887135127,11.15976585098334,1233.7711181640625,0
2022-06-08,1233.7711181640625,1259.564728048269,1230.260968517713,1255.8281557796806,12479250,-0.017563810144983205,72.34628907637305,1247.1684326171876,1180.3278686523438,0.001878959153625015,0.045278308621771624,-0.010742185339802757,19.346890400571056,10.273673189822313,9.073217210748743,1267.6038818359375,1
2022-06-09,1267.6038818359375,1269.5287134718806,1227.407402469765,1227.407402469765,17278305,0.027422236729143457,68.28959268851823,1253.9123291015626,1189.3715026855468,-0.017563810144983205,0.06577623473720817,0.010919067000629168,21.96772409967275,12.6124833717924,9.35524072788035,1229.3326416015625,0
2022-06-10,1229.3326416015625,1263.5958986630922,1223.5579057416696,1255.443365625697,18093057,-0.03019179791319726,59.87674832197789,1248.0017822265625,1195.8856079101563,0.027422236729143457,0.02796842228903129,-0.01495922593290877,20.717762972298942,14.23353929189371,6.484223680405233,1206.0750732421875,0
2022-06-13,1206.0750732421875,1210.558959942895,1184.9691305419672,1200.2325310142617,17620803,-0.018918856924741934,54.01551561613687,1238.5221923828126,1201.2232482910156,-0.03019179791319726,0.004039070137940248,-0.026198254129140452,17.64704423731473,14.916240280977915,2.730803956336816,1190.3134765625,0
2022-06-14,1190.3134765625,1210.1286894158018,1183.6782159302647,1200.2551062805883,14714312,-0.013068503801605735,51.30510396479814,1225.41923828125,1203.4640563964845,-0.018918856924741934,-0.010927272621137574,-0.028647960324165278,13.782769205687373,14.689546065919806,-0.9067768602324335,1175.9107666015625,0
2022-06-15,1175.9107666015625,1194.4804162045639,1170.5210697144335,1185.5352852287417,11195535,-0.012099930181863505,50.737538972782254,1213.84716796875,1204.776385498047,-0.013068503801605735,-0.023959316636631756,-0.03125302951496789,9.44920057484228,13.641476967704302,-4.192276392862022,1159.4698486328125,0
2022-06-16,1159.4698486328125,1204.331357067944,1156.752298028243,1188.0036507794862,17111475,-0.013981433315952252,48.8348675443252,1192.220361328125,1206.5914611816406,-0.012099930181863505,-0.03905349413187531,-0.027470184000907838,4.634745079381901,11.840130590039822,-7.205385510657921,1173.0574951171875,1
2022-06-17,1173.0574951171875,1188.8416691150956,1157.7036439406018,1159.469980153735,24457187,0.011718844177273757,43.642716692352664,1180.96533203125,1205.8113159179688,-0.013981433315952252,-0.027163305210688216,-0.006696078792136184,1.8938329995908134,9.850871071950019,-7.957038072359206,1151.79296875,0
2022-06-20,1151.79296875,1185.331550638825,1141.8513382748356,1179.851164692969,12066797,-0.018127437449315442,42.57173935193709,1170.1089111328124,1204.3653747558594,0.011718844177273757,-0.043651542221160744,-0.015653194509116508,-1.9715028756861557,7.486396282422784,-9.45789915810894,1170.3851318359375,1
2022-06-21,1170.3851318359375,1174.597191210546,1145.1122963870148,1159.4697654774316,11720049,0.01614193139771891,46.16039811700511,1166.1232421875,1203.6463623046875,-0.018127437449315442,-0.02763372325162261,0.0036547506251936035,-3.49429714290045,5.290257597358138,-8.784554740258589,1134.8310546875,0
2022-06-22,1134.8310546875,1158.6998308652678,1132.747607320494,1158.6092618232658,10617206,-0.03037810049130174,32.670311237959694,1157.9072998046875,1201.236834716797,0.01614193139771891,-0.055281171963855624,-0.01992926819019092,-7.4837712029248,2.73545183730155,-10.21922304022635,1116.4200439453125,0
2022-06-23,1116.4200439453125,1143.6178348788872,1107.3843432520748,1139.111305663959,19446323,-0.01622356972532568,24.486952248455978,1149.2973388671876,1198.4706420898438,-0.03037810049130174,-0.06846275182966088,-0.028606430912196168,-11.99282699345531,-0.21020392884982186,-11.782623064605488,1132.3175048828125,1
2022-06-24,1132.3175048828125,1137.2768791745684,1117.8014186070498,1123.2365200121847,14240234,0.014239677103359716,29.088478063366694,1141.1493408203125,1196.7710693359375,-0.01622356972532568,-0.053856218707633796,-0.0077394216703935426,-14.120719096509674,-2.9923069623817926,-11.128412134127881,1128.9656982421875,0
2022-06-27,1128.9656982421875,1152.6533352328772,1123.9382780429507,1152.6533352328772,15474529,-0.002960129668729161,28.17851131664085,1136.58388671875,1192.8725708007812,0.014239677103359716,-0.05357393079773198,-0.006702706738660247,-15.894331740074904,-5.572711917920415,-10.321619822154489,1144.840576171875,1
2022-06-28,1144.840576171875,1147.67133814574,1124.187598454475,1124.187598454475,13572847,0.014061435129875788,34.37075087519368,1131.4749755859375,1190.4958862304688,-0.002960129668729161,-0.038349825973069684,0.011812546343781039,-15.836410281353892,-7.625451590607111,-8.210958690746782,1168.59619140625,1
2022-06-29,1168.59619140625,1176.2279518820312,1132.7477384681235,1135.555858296585,19205146,0.020750151356278,31.96076643350422,1138.2280029296876,1189.2877258300782,0.014061435129875788,-0.017398257776003123,0.026680233132902798,-13.7155234755528,-8.843465967596249,-4.872057507956551,1175.6163330078125,1
2022-06-30,1175.6163330078125,1184.7878859438251,1162.1873163749465,1168.5281075997498,23112959,0.006007328838813608,38.955084821486835,1150.0672607421875,1186.3743225097655,0.020750151356278,-0.009067955448660237,0.022215285260043904,-11.337546466033245,-9.342282067283648,-1.9952643987495975,1090.943359375,0
2022-07-01,1090.943359375,1173.9631898181497,1071.150907551117,1166.2183382001654,81997149,-0.0720243256710944,31.10038911004854,1141.792431640625,1177.9772216796875,0.006007328838813608,-0.0738841640592891,-0.04453442749884118,-16.09979546385898,-10.693784746598716,-5.406010717260266,1093.2078857421875,1
2022-07-04,1093.2078857421875,1106.0254419629423,1071.648979247077,1077.4689986763794,41857728,0.0020757506315312035,33.32037525585912,1134.640869140625,1169.96396484375,-0.0720243256710944,-0.06560550701389634,-0.03651638551484471,-19.466782797948326,-12.448384356868639,-7.018398441079688,1102.0625,1
2022-07-05,1102.0625,1116.3973279805082,1094.7478514073186,1097.42011751126,17647327,0.008099661897152277,37.068772035125384,1126.08525390625,1162.2756774902343,0.0020757506315312035,-0.05180627854164166,-0.021332979739249858,-21.17654116394283,-14.194015718283477,-6.982525445659352,1092.3701171875,0
2022-07-06,1092.3701171875,1106.0029160314311,1081.568080443144,1096.1066896148457,23943726,-0.00879476691430836,37.966065627820036,1110.8400390625,1155.2056274414062,0.008099661897152277,-0.054393355400351284,-0.016626986087562856,-23.047948869762422,-15.96480234857927,-7.083146521183153,1081.61328125,0
2022-07-07,1081.61328125,1102.0624779330788,1075.6800503518655,1098.7335863010783,23301033,-0.009847244782926978,33.43179888963056,1092.0394287109375,1145.9060974121094,-0.00879476691430836,-0.05610653116106712,-0.009547409357961278,-25.109591974808836,-17.793760273825185,-7.315831700983651,1083.1080322265625,1
2022-07-08,1083.1080322265625,1095.155633472675,1079.0996326989614,1095.155633472675,19010108,0.0013819643327928066,36.595091805301756,1090.47236328125,1138.5948669433594,-0.009847244782926978,-0.04873272867087075,-0.0067533403895978505,-26.319450831346785,-19.498898385329504,-6.820552446017281,1097.8277587890625,1
2022-07-11,1097.8277587890625,1100.046939975301,1073.4154479368833,1076.3594210782474,13847467,0.013590266274953633,35.62199929173124,1091.396337890625,1133.1825012207032,0.0013819643327928066,-0.031199513223647002,0.005892837162041031,-25.793185983690137,-20.75775590500163,-5.035430078688506,1096.2650146484375,0
2022-07-12,1096.2650146484375,1104.9837222205626,1088.8145132177926,1088.8145132177926,10778989,-0.001423487544483959,41.16792606321864,1090.2368408203124,1128.480078125,0.013590266274953633,-0.028547303670693802,0.0055292332843837055,-25.21159412869656,-21.648523549740617,-3.5630705789559443,1076.8349609375,0
2022-07-13,1076.8349609375,1102.4022679488555,1074.7742754785731,1099.3677256155834,14224132,-0.017723865535532513,40.976669302683554,1087.1298095703125,1123.5262878417968,-0.001423487544483959,-0.041557841066618084,-0.00946975102897929,-26.01859517504454,-22.522537874801404,-3.496057300243134,1085.7122802734375,1
2022-07-14,1085.7122802734375,1102.3797424093775,1076.5633677805536,1081.568146854285,16970315,0.008243899629901463,39.02520073082924,1087.949609375,1119.8384094238281,-0.017723865535532513,-0.03047415489878491,-0.0020564639044704514,-25.64619051874638,-23.147268403590402,-2.4989221151559775,1087.8182373046875,1
2022-07-15,1087.8182373046875,1093.796752824721,1079.3487135847495,1093.796752824721,9603210,0.0019397008484784983,40.253228683058175,1088.891650390625,1115.5764465332031,0.008243899629901463,-0.024882390906313834,-0.0009857850278790492,-24.894159637173743,-23.49664665030707,-1.3975129868666727,1097.0804443359375,1
2022-07-18,1097.0804443359375,1098.3258884954794,1083.5154537448523,1096.5142680086967,15160908,0.00851448037330127,38.32098420493643,1088.7421875,1112.8408203125,0.0019397008484784983,-0.01416229139773717,0.007658614621230075,-23.282402007953806,-23.45379772183642,0.17139571388261388,1103.806396484375,1
2022-07-19,1103.806396484375,1108.2902834767385,1087.1389350761635,1087.1389350761635,16439888,0.006130773894624131,32.71720796347793,1090.2504638671876,1109.5118835449218,0.00851448037330127,-0.005142339748825053,0.012433778353190261,-21.217759226690305,-23.0065900228072,1.788830796116894,1133.6534423828125,1
2022-07-20,1133.6534423828125,1151.543703777921,1126.0670869457035,1150.4114709277653,23924246,0.027040109564050674,40.02152675052888,1101.61416015625,1109.4530029296875,0.006130773894624131,0.02181294691097313,0.029083941896696608,-16.977402853726062,-21.800752588990974,4.823349735264912,1126.08984375,0
2022-07-21,1126.08984375,1132.2949020971544,1117.484465892399,1129.577351299841,16523230,-0.006671879032903227,63.197314333698806,1109.6896728515626,1109.9364929199219,0.027040109564050674,0.014553400967638463,0.014779060578525627,-14.065075639306087,-20.253617199054,6.188541559747911,1133.698974609375,1
2022-07-22,1133.698974609375,1139.6774905895736,1130.0303289124045,1132.29491466853,10969995,0.006757125909275352,64.61747682685962,1118.8658203125,1110.00556640625,-0.006671879032903227,0.021345305753587063,0.013257312921340247,-11.016055837069189,-18.406104926657036,7.390049089587848,1096.2425537109375,0
2022-07-25,1096.2425537109375,1117.5523977830067,1088.3618480432954,1117.5523977830067,23110452,-0.033039123909716306,48.25858689752556,1118.6982421875,1108.3694091796874,0.006757125909275352,-0.010941167600182267,-0.020073052436958116,-11.489660156706805,-17.02281597266699,5.5331558159601855,1096.74072265625,1
2022-07-26,1096.74072265625,1106.886133119494,1092.143624721455,1096.5595845623452,11303288,0.0004544331394782386,51.38389205920231,1117.285107421875,1105.9644165039062,-0.033039123909716306,-0.00833995534577281,-0.01838777285148907,-11.690041401164763,-15.956261058366547,4.266219657201784,1095.69921875,0
2022-07-27,1095.69921875,1099.2318912980984,1087.908961771392,1096.0388527256464,8655086,-0.0009496354833323783,54.75251439444486,1109.6942626953125,1102.3195678710938,0.0004544331394782386,-0.006005834708967095,-0.012611621431041997,-11.796898341325004,-15.12438851495824,3.327490173633235,1112.86474609375,1
2022-07-28,1112.86474609375,1117.7788361232904,1096.5143960795697,1103.3081533989875,12496073,0.015666276885122565,59.079623207947044,1107.0492431640625,1099.1819885253906,-0.0009496354833323783,0.012448127526830666,0.005253156501933143,-10.376850761706237,-14.174880964307839,3.798030202601602,1136.57470703125,1
2022-07-29,1136.57470703125,1140.039571763476,1115.9896583759382,1120.8358207488034,15130683,0.02130533923437139,61.207895578704736,1107.6243896484375,1101.463555908203,0.015666276885122565,0.03187681601875281,0.026137305799126986,-7.254630266857248,-12.790830824817721,5.536200557960473,1166.1956787109375,1
2022-08-01,1166.1956787109375,1172.038340631328,1135.7369249153332,1140.9681259695833,15700044,0.026061614336868377,67.40314942833223,1121.6150146484374,1105.1129455566406,0.02130533923437139,0.05527284192977189,0.03974685028309244,-2.3628457535178313,-10.705233810557745,8.342388057039914,1170.6341552734375,1
2022-08-02,1170.6341552734375,1181.119198519279,1160.1717542868648,1165.1312476689257,13917913,0.0038059449572014348,75.2253828603319,1136.393701171875,1108.5415283203124,0.026061614336868377,0.05601290106578971,0.030130802437793314,1.8507424742099374,-8.194038553604209,10.044781027814146,1180.462646484375,1
2022-08-03,1180.462646484375,1182.1157712823,1162.8442104812696,1177.5865998850716,14250977,0.008395869167717729,75.35148383236428,1153.34638671875,1112.9461547851563,0.0038059449572014348,0.060664652471216884,0.023510941793271956,5.914934914764217,-5.372243859930524,11.287178774694741,1164.8594970703125,0
2022-08-04,1164.8594970703125,1185.6258045890304,1148.1468730281574,1182.1156551708407,14467127,-0.013217825621616552,69.22469106319102,1163.7453369140626,1117.108465576172,0.008395869167717729,0.04274520600782661,0.0009573917255851772,7.7870289258742105,-2.7403893027695774,10.527418228643787,1147.694091796875,0
2022-08-05,1147.694091796875,1167.9847952886944,1144.5010533182249,1166.7167086831898,13942438,-0.01473603066859952,62.15074737175877,1165.9692138671876,1120.3377685546875,-0.013217825621616552,0.02441792467416226,-0.01567376038145918,7.795708098795785,-0.6331698224565048,8.42887792125229,1162.708251953125,1
2022-08-08,1162.708251953125,1170.1361123075012,1146.3352600049257,1146.3352600049257,10165178,0.013082022695388495,63.59930465211186,1165.271728515625,1123.5817932128907,-0.01473603066859952,0.03482297325978556,-0.0021998959553970465,8.91137882396174,1.2757399068271442,7.635638917134596,1169.660400390625,1
2022-08-10,1169.660400390625,1173.011933912273,1158.133573794528,1167.1239881901556,10724688,0.005979271606459946,59.29609504065815,1165.0769775390625,1127.2515625,0.013082022695388495,0.037621449640372395,0.0039340086019414855,10.238512984573617,3.068294522376439,7.1702184621971785,1173.5556640625,1
2022-08-11,1173.5556640625,1182.0704726435374,1168.618812190309,1178.990645714219,8198226,0.003330251815462093,62.49108559753802,1163.6955810546874,1132.08759765625,0.005979271606459946,0.03662973297481664,0.00847307764018157,11.472345534552232,4.749104724811598,6.723240809740634,1192.532958984375,1
2022-08-12,1192.532958984375,1196.3148161235515,1169.5248244491684,1173.1933504665235,12650587,0.016170766758673683,64.60865010748073,1169.2302734375,1137.4286315917968,0.003330251815462093,0.048446404338759574,0.019929936879213628,13.822142762239991,6.5637123322972775,7.258430429942714,1200.8211669921875,1
2022-08-16,1200.8211669921875,1203.5387175050762,1189.9512045412775,1198.511296976361,6607378,0.00695008716142409,80.36567487941747,1179.8556884765626,1143.0787780761718,0.016170766758673683,0.05051479392627467,0.017769527850220124,16.166802280142747,8.484330321866372,7.682471958276375,1207.0941162109375,1
2022-08-17,1207.0941162109375,1212.4158859762824,1202.7460834374597,1207.0261894301318,6595965,0.005223882948751202,81.00275796507309,1188.732861328125,1148.5794616699218,0.00695008716142409,0.050945238439089824,0.015446073276966787,18.319955375378413,10.45145533256878,7.868500042809632,1209.2833251953125,1
2022-08-18,1209.2833251953125,1212.7820913718717,1199.6955520359063,1208.6925853891362,7410035,0.0018136191329032325,81.70593330475596,1196.6574462890626,1153.8533081054688,0.005223882948751202,0.04803905028521793,0.010550955033459042,19.97276201711861,12.355716669478749,7.617045347639863,1187.7220458984375,0
2022-08-19,1187.7220458984375,1209.4648732471105,1183.677852607992,1204.148456169832,9460724,-0.017829799557843584,70.39519852385072,1199.49072265625,1156.55673828125,0.0018136191329032325,0.026946630965551943,-0.00981139456564617,19.32009808007456,13.74859295159791,5.571505128476648,1184.427734375,0
2022-08-22,1184.427734375,1195.651309470641,1175.0672431781986,1189.1535324408326,9471680,-0.0027736384407561765,64.66972426253213,1197.869677734375,1159.4736328125,-0.017829799557843584,0.02152192241057649,-0.011221540714511535,18.325785551118315,14.664031471501993,3.6617540796163226,1202.6944580078125,1
2022-08-23,1202.6944580078125,1205.6026043151621,1177.498175517267,1178.7023711633794,9678484,0.01542240451035326,62.02618911248544,1198.2443359375,1162.923406982422,-0.0027736384407561765,0.03419920072688987,0.0037138686466902104,18.795099437304316,15.490245064662457,3.3048543726418593,1199.490966796875,0
2022-08-24,1199.490966796875,1213.2365143204822,1197.4917062121833,1199.6500999587201,10369622,-0.002663595221220061,59.586210811884875,1196.7237060546875,1168.0858276367187,0.01542240451035326,0.026885985958493785,0.002312363938465456,18.693057178175422,16.13080748736505,2.562249690810372,1195.9920654296875,0
2022-08-25,1195.9920654296875,1210.010084840808,1191.6979945608696,1203.6713213411974,7871946,-0.0029169885093265346,55.38533437526193,1194.0654541015624,1173.0483947753905,-0.002663595221220061,0.019559014578158118,0.0016134888765999555,18.120968607649957,16.52883971142203,1.5921288962279263,1189.6077880859375,0
2022-08-26,1189.6077880859375,1204.1485194816453,1184.6095168359632,1196.4237108559755,10742038,-0.005338059948964857,59.16850424466951,1194.4426025390626,1177.7438232421875,-0.0029169885093265346,0.010073468108786177,-0.004047757877061353,16.956957220327922,16.61446321320321,0.34249400712471356,1180.3609619140625,0
2022-08-29,1180.3609619140625,1206.4205794013706,1171.4547933496005,1174.6128173581192,19838975,-0.007773004064434597,62.8564126166343,1193.629248046875,1181.118634033203,-0.005338059948964857,-0.0006414868898929615,-0.011115919080001868,15.114102253925012,16.31439102134757,-1.2002887674225597,1198.673095703125,1
2022-08-30,1198.673095703125,1201.9902529871206,1170.795945790086,1187.790382333822,23139054,0.015514011713304798,63.79622952508499,1192.8249755859374,1184.2235534667968,-0.007773004064434597,0.012201701438911083,0.004902747877419955,14.958826531182012,16.043278123314458,-1.0844515921324458,1163.4346923828125,0
2022-09-01,1163.4346923828125,1183.6780172121637,1159.0270403092493,1173.5450568236956,19909939,-0.02939784287027991,48.03765474328026,1185.613720703125,1184.0855041503905,0.015514011713304798,-0.01744030451786971,-0.01870679120275298,11.85566008432238,15.205754515516045,-3.3500944311936642,1149.84814453125,0
2022-09-02,1149.84814453125,1170.2277638288456,1147.6670348863252,1163.4345573963137,12999345,-0.011677963482192633,42.957627991372725,1176.3849365234375,1183.0462036132812,-0.02939784287027991,-0.028061506795454938,-0.02255791549882602,8.205469904642996,13.805697593341435,-5.600227688698439,1167.7060546875,1
2022-09-05,1167.7060546875,1173.0224725362493,1150.0754462865928,1150.0754462865928,11327815,0.015530668324494235,42.575738549417686,1172.00458984375,1182.4083740234375,-0.011677963482192633,-0.01243421448878046,-0.0036676777493022117,6.676687298787101,12.379895534430569,-5.7032082356434675,1179.9974365234375,1
2022-09-06,1179.9974365234375,1184.1552111927028,1168.7057123414318,1169.1601553219334,10899618,0.010526092407071586,43.91845738984361,1171.931884765625,1183.1652709960938,0.015530668324494235,-0.0026774234760874593,0.006882270089806131,6.383344636680931,11.180585354880641,-4.79724071819971,1173.135986328125,0
2022-09-07,1173.135986328125,1179.1112920563703,1167.7968526449285,1170.0688269822717,7488501,-0.005814800933405473,40.11654718484048,1166.824462890625,1184.4373657226563,0.010526092407071586,-0.00954155932731493,0.0054091456240676905,5.5334209441034545,10.051152472725203,-4.5177315286217485,1174.7945556640625,1
2022-09-08,1174.7945556640625,1180.519984126391,1168.2513462113554,1176.0896159479148,7057077,0.001413791201758885,39.93100400575917,1169.096435546875,1185.041680908203,-0.005814800933405473,-0.00864705892562978,0.004873952177026464,4.936774910402619,9.028276960260687,-4.091502049858068,1167.478759765625,0
2022-09-09,1167.478759765625,1185.972579330713,1165.0703685493695,1185.972579330713,8314850,-0.006227298094944045,43.55378023931007,1172.62255859375,1184.932598876953,0.001413791201758885,-0.014729815964106607,-0.004386576729594527,3.82946139454657,7.988513847117864,-4.159052452571294,1180.542724609375,1
2022-09-12,1180.542724609375,1186.8816091364133,1168.046804859231,1168.046804859231,7435419,0.011189895091858082,48.83533360559871,1175.189892578125,1185.2819519042969,-0.006227298094944045,-0.003998396573328233,0.004554865613681347,3.960407130120302,7.182892503718351,-3.222485373598049,1190.4029541015625,1
2022-09-13,1190.4029541015625,1194.9241864060612,1181.8830808225475,1189.607769133953,8888657,0.008352285170746487,46.11961327159162,1177.27099609375,1185.1754516601563,0.011189895091858082,0.004410741408863661,0.011154575328352623,4.804438111725858,6.707201625319853,-1.902763513593995,1176.135009765625,0
2022-09-14,1176.135009765625,1185.9726599528265,1169.046493026583,1170.0688394223355,8678219,-0.011985810591931823,43.108073839698925,1177.87080078125,1183.941143798828,0.008352285170746487,-0.0065933463619282096,-0.0014736684316086768,4.272780921094636,6.22031748447481,-1.947536563380174,1164.479736328125,0
2022-09-15,1164.479736328125,1183.0417041001508,1161.7760353689525,1173.7039298739198,10365600,-0.009909809112665258,41.12832109312979,1175.8078369140626,1181.8104248046875,-0.011985810591931823,-0.014664524963406644,-0.00963431287859795,2.87778232463279,5.551810452506407,-2.6740281278736173,1135.625732421875,0
2022-09-16,1135.625732421875,1160.0722649582217,1131.899684568862,1155.8690579820689,20217708,-0.0247784508446951,36.509237164401945,1169.4372314453126,1178.1275451660156,-0.009909809112665258,-0.036075731289477164,-0.028912624050501434,-0.549704435197782,4.331507474965569,-4.881211910163351,1137.1024169921875,1
2022-09-19,1137.1024169921875,1146.3038949822844,1127.5146444730447,1135.6256276709717,7580254,0.0013003267961912979,38.75234554923304,1160.749169921875,1175.5965637207032,-0.0247784508446951,-0.03274435118003727,-0.020371974878327093,-3.110994672359766,2.8430070455005025,-5.954001717860269,1137.2841796875,1
2022-09-20,1137.2841796875,1153.119972213298,1133.5808482063046,1146.1903481529216,8411448,0.00015984725086881646,32.37671712924026,1150.1254150390625,1173.2393859863282,0.0013003267961912979,-0.03064609552687414,-0.01116507398554134,-5.0677510286598135,1.2608554306684392,-6.3286064593282525,1140.419677734375,1
2022-09-21,1140.419677734375,1150.9843653188254,1133.7173348356014,1134.5125199123227,9207309,0.002757004891896564,41.89994440687636,1142.9823486328125,1170.1256469726563,0.00015984725086881646,-0.025386990974120116,-0.002242091403688695,-6.292944899187887,-0.24990463530282625,-6.043040263885061,1129.673095703125,0
2022-09-22,1129.673095703125,1137.3523524884633,1123.3116153435435,1129.6276634257686,10308170,-0.009423357243887431,42.754623216208344,1136.0210205078124,1166.6347534179688,0.002757004891896564,-0.0316822875424847,-0.005587858578400051,-8.038417354098328,-1.8076071790619266,-6.230810175036401,1108.498291015625,0
2022-09-23,1108.498291015625,1134.1488981287762,1106.9533532004177,1129.1733426023927,9528051,-0.01874418782570053,29.231750762169014,1130.5955322265625,1162.2600646972655,-0.009423357243887431,-0.046256234137790786,-0.01954478023402395,-11.00350506616087,-3.646786756481715,-7.356718309679154,1080.257568359375,0
2022-09-26,1080.257568359375,1098.6379294477279,1079.257938059937,1087.845960638479,12479523,-0.02547655949056571,18.534986371446806,1119.2265625,1156.7925537109375,-0.01874418782570053,-0.06616137448848691,-0.034817788860890264,-15.454004595869037,-6.00823032435918,-9.445774271509858,1088.8455810546875,1
2022-09-27,1088.8455810546875,1102.3638454814661,1072.4191704410875,1087.8231145473603,16154822,0.007949967625179744,23.695392302294593,1109.5388427734374,1152.2167846679688,-0.02547655949056571,-0.05499937551382117,-0.018650326532980488,-18.079665555462952,-8.422517370579936,-9.657148184883017,1059.855224609375,0
2022-09-28,1059.855224609375,1080.5529923156532,1057.4242371952328,1072.5328732525227,16997059,-0.026624855672584546,19.357950251981393,1093.4259521484375,1145.2758911132812,0.007949967625179744,-0.0745852306564071,-0.030702332858572157,-22.243392285193067,-11.186692353502561,-11.056699931690506,1056.606201171875,0
2022-09-29,1056.606201171875,1075.7816245647894,1051.017070236145,1072.373723430393,14671827,-0.0030655351429695887,19.787001333237527,1078.8125732421875,1139.9344665527344,-0.026624855672584546,-0.07309917177331404,-0.02058408719095195,-25.511266751816947,-14.051607233165438,-11.45965951865151,1080.4393310546875,1
2022-09-30,1080.4393310546875,1091.458340177691,1050.108360317172,1050.108360317172,18613024,0.0225563032437055,24.233895065068253,1073.20078125,1136.4640258789063,-0.0030655351429695887,-0.04929737637836007,0.006744823458157079,-25.879622234995168,-16.417210233531385,-9.462412001463782,1076.690673828125,0
2022-10-03,1076.690673828125,1098.2516553264609,1073.7370949613044,1086.687337582096,11852723,-0.0034695675349981636,19.780271115312573,1072.48740234375,1131.9132568359375,0.0225563032437055,-0.048786938994051066,0.003919180286117374,-26.172333549176983,-18.368234896660503,-7.80409865251648,1096.547607421875,1
2022-10-04,1096.547607421875,1098.7287171700252,1086.0737854797874,1089.5499554327275,8948850,0.0184425611518948,29.45934842550446,1074.0278076171876,1127.7407653808593,-0.0034695675349981636,-0.027659865561789676,0.020967613356910553,-24.519376673331635,-19.59846325199473,-4.9209134213369055,1100.5916748046875,1
2022-10-06,1100.5916748046875,1113.269322563035,1098.7968595905177,1103.7271026820092,13352162,0.003687999823665411,32.836884967964124,1082.17509765625,1124.1135498046874,0.0184425611518948,-0.020924821166052876,0.017018112122819673,-22.622298228119234,-20.203230247219633,-2.4190679808996016,1105.249267578125,1
2022-10-07,1105.249267578125,1110.49753632006,1097.2064333500286,1097.2064333500286,7714340,0.004231898968583447,40.62013750678487,1091.9037109375,1120.6362854003905,0.003687999823665411,-0.013730608247053078,0.012222283436665649,-20.506633376261334,-20.263910873027974,-0.24272250323335953,1093.1851806640625,0
2022-10-10,1093.1851806640625,1098.547030597458,1085.0969133921378,1092.8216022630288,6329527,-0.010915263432382027,37.27119497994639,1094.452880859375,1116.9216064453126,0.004231898968583447,-0.02125164885724884,-0.0011582958183792291,-19.57774467491572,-20.126677633405528,0.5489329584898073,1071.4195556640625,0
2022-10-11,1071.4195556640625,1096.911150105876,1068.329679997323,1096.911150105876,9215177,-0.019910281793957707,33.03289818348996,1093.3986572265626,1111.4654479980468,-0.010915263432382027,-0.03602981307796327,-0.020101635773223547,-20.363163844232986,-20.17397487557102,-0.18918896866196633,1079.3033447265625,1
2022-10-12,1079.3033447265625,1082.2342073300697,1064.6944639855953,1068.7386577474495,7417103,0.007358265042692436,34.632042604785354,1089.9498046875,1105.910467529297,-0.019910281793957707,-0.02405902067477228,-0.00976784427608579,-20.117555646043,-20.162691029665417,0.04513538362241576,1082.7340087890625,1
2022-10-13,1082.7340087890625,1087.8231445652352,1072.419200033899,1077.5538882747444,7328492,0.0031785911525819,37.74612123827193,1086.378271484375,1101.2404174804688,0.007358265042692436,-0.016805057640135623,-0.00335450624425071,-19.42219646987064,-20.014592117706464,0.5923956478358221,1077.2357177734375,0
2022-10-14,1077.2357177734375,1097.9789154976827,1076.508681223135,1097.3654596284905,9106089,-0.0050781549032290485,41.11105943407163,1080.7755615234375,1096.8782165527343,0.0031785911525819,-0.01790763868119216,-0.0032752810814952182,-19.09467393172463,-19.830608480510097,0.7359345487854689,1094.5255126953125,1
2022-10-17,1094.5255126953125,1096.911067683068,1064.9216983657,1070.1018190034106,16729355,0.016050150061503343,54.32624081974386,1081.0436279296875,1094.8232055664062,-0.0050781549032290485,-0.00027190953715638955,0.012471175461663986,-17.241221933064708,-19.31273117102102,2.071509237956313,1113.83740234375,1
2022-10-18,1113.83740234375,1119.1765361724479,1099.7056807153497,1100.5462980220425,12415820,0.017644074463720072,57.11515377306491,1089.527197265625,1093.6599548339843,0.016050150061503343,0.018449470898683984,0.022312618848924437,-14.052056413064975,-18.260596219429814,4.20853980636484,1133.2174072265625,1
2022-10-19,1133.2174072265625,1148.6441893082867,1109.497912475689,1115.3142054707246,19247142,0.017399312361061625,72.09523942578694,1100.310009765625,1093.4566162109375,0.017644074463720072,0.036362476961733226,0.029907387162593446,-9.847301768133548,-16.57793732917056,6.730635561037012,1136.261962890625,1
2022-10-20,1136.261962890625,1144.6228248019718,1129.1734452455337,1129.1734452455337,8717053,0.002686647455860891,74.0203252870483,1111.0156005859376,1093.24873046875,0.017399312361061625,0.03934441561476354,0.022723679389715867,-6.197887827898512,-14.50192742891615,8.304039601017639,1123.0843505859375,0
2022-10-21,1123.0843505859375,1143.6231056125362,1120.9942254138175,1139.4880471639096,8243452,-0.01159733647262462,63.74284235156386,1120.1853271484374,1092.9192932128906,0.002686647455860891,0.02760044365615477,0.0025879855477841662,-4.319234721502426,-12.465388887433408,8.146154165930982,1126.8331298828125,1
2022-10-24,1126.8331298828125,1137.1252236758137,1115.6778227953112,1117.8133802746593,3370033,0.0033379320929181056,66.15896379204402,1126.6468505859375,1093.83603515625,-0.01159733647262462,0.030166399410903377,0.00016533956206243872,-2.499085537863266,-10.47212821751938,7.973042679656114,1109.4298095703125,0
2022-10-25,1109.4298095703125,1135.5348605120162,1107.8167232856267,1135.5348605120162,12233241,-0.015444452111831208,54.21813882433635,1125.76533203125,1095.2946472167969,0.0033379320929181056,0.01290535144075955,-0.014510592923893673,-2.432862179167387,-8.864275009848981,6.4314128306815945,1113.7919921875,1
2022-10-27,1113.7919921875,1121.6530982836084,1105.453847178534,1116.904583955269,12513059,0.003931914015251614,54.31331644761772,1121.8802490234375,1096.5419677734376,-0.015444452111831208,0.015731294306125854,-0.007209554533987084,-2.0052724764914274,-7.492474503177471,5.4872020266860435,1147.871826171875,1
2022-10-28,1147.871826171875,1151.8931840194223,1117.5635667319068,1120.0854189154575,17609592,0.030598023889040427,61.68122621360783,1124.2022216796875,1100.9427978515625,0.003931914015251614,0.04262621855730586,0.021054579003430884,1.071205044034059,-5.779738593735165,6.850943637769224,1158.527099609375,1
2022-10-31,1158.527099609375,1163.6845036279556,1150.6205624722443,1154.6193234067157,12419943,0.00928263347401348,68.04710147126353,1131.290771484375,1106.0388427734374,0.030598023889040427,0.0474560700818798,0.024075444449408012,4.3193365375336725,-3.7599235674813976,8.07926010501507,1149.552978515625,0
2022-11-01,1149.552978515625,1181.428769564145,1139.6244632866772,1181.428769564145,13963166,-0.007746146893565009,73.22080679251471,1135.8347412109374,1109.4945251464844,0.00928263347401348,0.03610513838619589,0.012077670110761218,6.099061392055546,-1.788126575574009,7.887187967629555,1156.7322998046875,1
2022-11-02,1156.7322998046875,1158.7998289194838,1142.8051438822936,1150.666129478395,8981896,0.00624531572118836,73.1082034198646,1145.2952392578125,1113.4966064453124,-0.007746146893565009,0.03882876077853448,0.00998612423665235,7.9966371342750335,0.1688261663957995,7.827810967879234,1161.0491943359375,1
2022-11-03,1161.0491943359375,1163.0485752218901,1147.3719146666933,1149.5530246719463,6693449,0.0037319737090240057,73.24970718526765,1154.7466796875,1116.7216857910157,0.00624531572118836,0.03969432053566946,0.005457919697281932,9.736579662617714,2.0823768656401827,7.654202796977532,1178.1343994140625,1
2022-11-04,1178.1343994140625,1181.428720196316,1159.2088516372303,1160.4810755593053,12575815,0.014715315390143147,78.02604310770417,1160.7991943359375,1120.5988220214845,0.0037319737090240057,0.05134359974498959,0.014933853471566172,12.351746667835187,4.136250826079184,8.215495841756002,1184.427734375,1
2022-11-07,1184.427734375,1186.1090891689403,1169.6145286927685,1177.3392175630618,11789748,0.005341780160283527,76.59635014723206,1165.9793212890625,1124.5577453613282,0.014715315390143147,0.053238696954984066,0.015822247229514863,14.761938458916802,6.2613883526467085,8.500550106270094,1183.246337890625,0
2022-11-09,1183.246337890625,1191.4027533204435,1176.9074538352093,1186.1090519678319,11254205,-0.000997440747196321,73.00109059371016,1172.7179931640626,1129.0608032226562,0.005341780160283527,0.04799168876760951,0.00897772933299712,16.387795687262496,8.286669819569866,8.10112586769263,1168.9329833984375,0
2022-11-10,1168.9329833984375,1179.8611290593667,1164.616195791804,1176.8848340514855,5966242,-0.012096681843701274,62.246864425651175,1175.1581298828125,1133.936474609375,-0.000997440747196321,0.030862847763247325,-0.005297284106774436,16.333053890295787,9.89594663371505,6.437107256580736,1195.878662109375,1
2022-11-11,1195.878662109375,1197.787058206641,1175.9760787775724,1181.428793587036,12310132,0.023051517147371747,67.56363301580359,1182.1240234375,1139.7652404785156,-0.012096681843701274,0.04923243808286437,0.011635529266952771,18.253546181404772,11.567466543252996,6.686079638151776,1190.0849609375,0
2022-11-14,1190.0849609375,1200.5133505404451,1183.7687931045677,1195.4013783558953,9043112,-0.004844723261184125,70.63685727542003,1184.5141357421876,1145.1327880859376,0.023051517147371747,0.039254987123981344,0.004703046613978801,19.088012171481296,13.071575668898657,6.016436502582639,1184.745849609375,0
2022-11-15,1184.745849609375,1193.4247362453084,1176.8847439241665,1191.5617725862496,7086433,-0.004486327870170781,67.6646398903828,1184.5777587890625,1150.5082946777343,-0.004844723261184125,0.02975863371869991,0.0001418993553317094,19.098356847827745,14.276931904684476,4.821424943143269,1177.9527587890625,0
2022-11-16,1177.9527587890625,1188.6764594316192,1172.954366703904,1185.9727580356148,9716161,-0.005733795836931788,72.34747630452507,1183.51904296875,1154.6796569824219,-0.004486327870170781,0.02015546187715933,-0.004703164019841166,18.346917576133364,15.090929038974256,3.2559885371591086,1180.9970703125,1
2022-11-17,1180.9970703125,1187.3358341262497,1172.3407797375921,1174.5900378958909,6661451,0.0025844088404420873,72.10771479512344,1185.9318603515626,1158.0376403808593,-0.005733795836931788,0.019826151699257055,-0.004161107567849376,17.79195248392739,15.631133727964883,2.160818755962506,1180.3609619140625,0
2022-11-18,1180.3609619140625,1185.518366679259,1168.2967693410817,1184.495900066872,5303197,-0.0005386197937554682,63.70260994739329,1182.8283203125,1160.3948181152343,0.0025844088404420873,0.01720633657366566,-0.0020859818420525533,17.103649790341706,15.925636940440247,1.1780128499014584,1159.1180419921875,0
2022-11-21,1159.1180419921875,1175.9760614312995,1155.5737233322704,1175.9760614312995,6390268,-0.01799696923848415,50.22880169542954,1176.6349365234375,1161.5376220703124,-0.0005386197937554682,-0.0020830836919533136,-0.014887280657335022,14.674876007692319,15.675484753890663,-1.0006087461983437,1165.547607421875,1
2022-11-22,1165.547607421875,1167.1152613187112,1152.5746494360667,1156.4369938334312,6611488,0.005546946209755266,56.317293728991054,1172.7952880859375,1163.6607849121094,-0.01799696923848415,0.001621454064818506,-0.006179834398798656,13.11765531758374,15.163918866629277,-2.0462635490455376,1161.912353515625,0
2022-11-23,1161.912353515625,1171.3865449235016,1159.7312438376161,1170.0687686238546,6413408,-0.0031189235712910657,52.10485851045362,1169.58720703125,1165.41474609375,0.005546946209755266,-0.003005275666765228,-0.006562019034994426,11.458129903266808,14.422761073956785,-2.9646311706899766,1171.9320068359375,1
2022-11-24,1171.9320068359375,1178.7024981272687,1157.8911489931052,1165.9794167577484,9389439,0.008623415776582322,54.226246797795106,1167.7741943359374,1168.5398559570312,-0.0031189235712910657,0.002902897031379359,0.003560459308115105,10.826643534089044,13.703537565983238,-2.876894031894194,1189.4261474609375,1
2022-11-25,1189.4261474609375,1192.7431844497548,1173.295044904841,1176.430472976704,7349922,0.014927607167442902,54.37116999277946,1169.5872314453125,1172.3215637207031,0.008623415776582322,0.014590351546505786,0.016962322674392682,11.60405268462955,13.283640589712501,-1.6795879050829505,1230.2991943359375,1
2022-11-28,1230.2991943359375,1236.4335137804842,1136.8981171457083,1185.4730378039467,31527484,0.03436366937304314,64.00729404064057,1183.8234619140626,1176.4429321289062,0.014927607167442902,0.045778899032163256,0.03925900602335641,15.341421967137194,13.69519686519744,1.6462251019397538,1232.4119873046875,1
2022-11-29,1232.4119873046875,1241.2500078770877,1224.1419904117938,1228.6632233258865,11058913,0.0017173001319328307,64.92829127375187,1197.196337890625,1180.1371765136719,0.03436366937304314,0.04429553769795169,0.029415099511672427,18.26327116356447,14.608811724870847,3.654459438693621,1241.1136474609375,1
2022-11-30,1241.1136474609375,1247.5206802015884,1226.0504438987869,1232.54834119291,26164986,0.007060674714208792,72.68961219559364,1213.0365966796876,1184.7152099609375,0.0017173001319328307,0.04760505902668344,0.023146087148649963,21.038490333759228,15.894747446648523,5.1437428871107045,1237.455810546875,0
2022-12-01,1237.455810546875,1251.8601266305577,1234.1387734132652,1245.862104269674,9485801,-0.0029472215711636718,65.31125084737839,1226.141357421875,1188.7513854980468,0.007060674714208792,0.040971077420383084,0.00922769063820672,22.68125921374417,17.252049800067653,5.429209413676517,1236.9332275390625,0
2022-12-02,1236.9332275390625,1248.6793948058917,1227.1410088571656,1240.50026242272,11589592,-0.0004223043791612424,67.94924200686015,1235.6427734375,1192.545587158203,-0.0029472215711636718,0.037220917052432245,0.0010443585551611623,23.668165427197437,18.535272925493608,5.132892501703829,1218.8936767578125,0
2022-12-05,1218.8936767578125,1234.4794719283639,1216.871700030192,1232.3210781772725,14828536,-0.014584094257974245,61.92291463326272,1233.361669921875,1194.5835510253905,-0.0004223043791612424,0.020350293381785622,-0.01173053575191696,22.73260737909459,19.374739816213804,3.3578675628807844,1222.415283203125,1
2022-12-06,1222.415283203125,1225.5051588426245,1209.146894711336,1211.0099786652759,8594245,0.002889182635420484,65.88729973872802,1231.3623291015624,1196.482928466797,-0.014584094257974245,0.021673819257545412,-0.007265973375168433,22.021485121898195,19.90408887735068,2.117396244547514,1204.375732421875,0
2022-12-07,1204.375732421875,1224.5963402295367,1200.5815364526634,1220.0523915216042,8462111,-0.014757301409043633,57.54509295941555,1224.01474609375,1197.5393981933594,0.002889182635420484,0.005708650787463965,-0.016044752511805815,19.774328474913546,19.878136796863252,-0.1038083219497068,1203.8077392578125,0
2022-12-08,1203.8077392578125,1210.9645247591304,1199.6500849785011,1208.6925503476532,7757008,-0.00047160794490630487,57.57040449377975,1217.2851318359376,1199.283135986328,-0.014757301409043633,0.003772756520722176,-0.011071680928032235,17.743077191682232,19.45112487582705,-1.708047684144816,1185.56396484375,0
2022-12-09,1185.56396484375,1208.6927229432208,1182.269523352392,1202.3311215679532,12655763,-0.015155056591769744,58.7073934771617,1207.011279296875,1198.767401123047,-0.00047160794490630487,-0.011014176951197996,-0.017768942859936465,14.49409686333729,18.459719273329096,-3.9656224099918056,1187.3812255859375,1
2022-12-12,1187.3812255859375,1191.8797417479038,1174.612713657261,1174.839995212842,9479842,0.0015328238678602446,57.41395819257282,1200.7087890625,1198.6322143554687,-0.015155056591769744,-0.00938652293404374,-0.011099746747892603,11.928391230952911,17.15345366485386,-5.225062433900948,1192.7886962890625,1
2022-12-13,1192.7886962890625,1196.4237590933476,1184.473147579326,1187.381293975718,8333348,0.004554115044607121,60.35987329235896,1194.7834716796874,1199.034356689453,0.0015328238678602446,-0.005208908623465014,-0.0016695706275720035,10.213652102342849,15.765493352351658,-5.55184125000881,1188.471923828125,0
2022-12-14,1188.471923828125,1199.127475241392,1186.4271108317469,1198.5367354613884,7268947,-0.003619058827743382,55.7704346937298,1191.6027099609375,1199.5603149414062,0.004554115044607121,-0.009243712863094222,-0.002627374129515969,8.409442707233438,14.294283223328014,-5.884840516094576,1171.5911865234375,0
2022-12-15,1171.5911865234375,1188.2447615787812,1168.2514331327313,1182.5648851623062,8688551,-0.014203732512513945,43.751005115395806,1185.1593994140626,1199.090020751953,-0.003619058827743382,-0.02293308571717656,-0.011448428707001912,5.553442710039235,12.546115120670258,-6.992672410631023,1165.7974853515625,0
2022-12-16,1165.7974853515625,1189.9714223850988,1162.412300039899,1168.2513090093973,15837349,-0.004945155988299255,20.03357341348608,1181.206103515625,1198.3618469238281,-0.014203732512513945,-0.027174064040721646,-0.013044817596355007,2.7903731861615597,10.59496673376852,-7.8045935476069594,1181.1107177734375,1
2022-12-19,1181.1107177734375,1183.2463953663826,1166.2973916450521,1172.7952889779006,7729933,0.013135413838413879,28.770201295630983,1179.952001953125,1199.4614807128905,-0.004945155988299255,-0.015299168197169921,0.0009820025038258517,1.815344399841024,8.839042266983022,-7.023697867141998,1191.3345947265625,1
2022-12-20,1191.3345947265625,1193.242990634255,1165.9792991040035,1174.1129983269077,7467588,0.008656154583372544,29.656435768035777,1179.661181640625,1200.750830078125,0.013135413838413879,-0.007841956145847484,0.009895564309154059,1.846325199983312,7.44049885358308,-5.594173653599768,1174.3856201171875,0
2022-12-21,1174.3856201171875,1196.4237592798247,1170.5687080191292,1190.9710448813423,8527550,-0.014226880243719542,26.750388565247007,1176.8439208984375,1201.374493408203,0.008656154583372544,-0.022464996084984534,-0.0020888927899405108,0.49750220903388254,6.0518995246732405,-5.554397315639358,1171.3411865234375,0
2022-12-22,1171.3411865234375,1183.541675654874,1166.3200787009303,1180.5199485444361,7451122,-0.0025923627994067777,26.26210684238707,1176.7939208984376,1201.344952392578,-0.014226880243719542,-0.02497514623870989,-0.004633550767187078,-0.8077982809154491,4.679959963555503,-5.487758244470952,1136.98876953125,0
2022-12-23,1136.98876953125,1177.1119563604352,1132.4675372830459,1164.7523350248803,10257115,-0.02932742175159575,23.488718881205088,1171.032177734375,1198.7230834960938,-0.0025923627994067777,-0.051500062704052274,-0.0290712833092166,-4.561627675199361,2.8316424358045307,-7.393270111003892,1146.917236328125,1
2022-12-26,1146.917236328125,1155.073650986399,1132.5356390815007,1142.6914342154514,5990242,0.008732247022077644,26.535717700190744,1164.1934814453125,1194.5539855957031,-0.02932742175159575,-0.0398782724280331,-0.014839668313328391,-6.658663294614598,0.9335812897207048,-7.592244584335303,1156.3006591796875,1
2022-12-27,1156.3006591796875,1158.1636228081527,1142.9186909584178,1149.6210331376262,5763271,0.00818142979662917,34.20894990966369,1157.1866943359375,1190.7484191894532,0.008732247022077644,-0.02892950303743791,-0.0007656803872589935,-7.477222560475184,-0.748579480318473,-6.7286430801567105,1156.187255859375,0
2022-12-28,1156.187255859375,1158.618243480646,1145.7588646322624,1153.2563929529824,7459393,-9.80742503363663e-05,34.31141582407223,1153.547021484375,1186.502099609375,0.00818142979662917,-0.02554975988662833,0.0022887964910200953,-8.042379827821378,-2.207339549819054,-5.8350402780023245,1155.66455078125,0
2022-12-29,1155.66455078125,1158.209118855438,1147.5762834083114,1148.2578877514563,6930648,-0.00045209378971788894,38.847403543536544,1150.4116943359375,1182.4125366210938,-9.80742503363663e-05,-0.022621534372664676,0.004566066627430088,-8.435213079663072,-3.4529142557878574,-4.982298823875214,1157.4366455078125,1
2022-12-30,1157.4366455078125,1170.97762738263,1154.6649160603042,1156.4824475075623,7289476,0.0015333988789087982,38.82679172337398,1154.50126953125,1178.4377075195312,-0.00045209378971788894,-0.017821104906701746,0.0025425489378234634,-8.505496953150441,-4.463430795260375,-4.0420661578900665,1170.477783203125,1
2023-01-02,1170.477783203125,1171.88642405352,1157.8910002870925,1158.708901395193,5316175,0.01126725833843878,42.12382043253464,1159.21337890625,1176.016912841797,0.0015333988789087982,-0.0047100765118138765,0.009717282859091236,-7.4233152492404315,-5.055407686056386,-2.367907563184046,1161.912353515625,0
2023-01-03,1161.912353515625,1169.1600029724839,1157.7092673063357,1165.5475363123066,7658932,-0.007317891727991466,40.89702631283879,1160.3357177734374,1172.991766357422,0.01126725833843878,-0.009445431041858576,0.001358775497502629,-7.174138046043254,-5.4791537580537595,-1.6949842879894943,1144.4183349609375,0
2023-01-04,1144.4183349609375,1163.7301788455284,1142.350805656606,1161.8898109401732,9264891,-0.015056229070768978,40.725819219302295,1157.98193359375,1169.993896484375,-0.007317891727991466,-0.021859568327909695,-0.011713134928382218,-8.292691426293686,-6.041861291701745,-2.250830134591941,1142.37353515625,0
2023-01-05,1142.37353515625,1152.5293324862785,1137.806869836127,1146.6676067944138,13637099,-0.0017867590392610655,41.795372820988625,1155.32373046875,1166.922186279297,-0.015056229070768978,-0.021037093485487435,-0.011209148545097136,-9.237665239384569,-6.681022081238311,-2.556643158146258,1152.7562255859375,1
2023-01-06,1152.7562255859375,1157.7773327318898,1144.304501308931,1148.0986967891931,6349597,0.009088700070653655,39.71305681822208,1154.387646484375,1165.2817993164062,-0.0017867590392610655,-0.010748965390017018,-0.0014132348898620029,-9.04450799041365,-7.153719263073379,-1.8907887273402704,1179.9747314453125,1
2023-01-09,1179.9747314453125,1182.3376907366148,1155.6873320113693,1156.57338165,10722753,0.02361167543947995,46.33108977593863,1156.2870361328125,1164.911474609375,0.009088700070653655,0.012930816773857101,0.020485999213243122,-6.618825826621105,-7.046740575782924,0.42791474916181915,1162.52587890625,0
2023-01-10,1162.52587890625,1184.155127696438,1156.891435377878,1184.155127696438,8047142,-0.014787479828224814,46.181971659623095,1156.4097412109375,1163.3983337402344,0.02361167543947995,-0.0007499192741488026,0.005288901915430078,-6.034865635009737,-6.844365587628287,0.80949995261855,1147.871826171875,0
2023-01-11,1147.871826171875,1162.3442913861395,1145.5770152034006,1159.8451553432185,11509553,-0.012605356147565638,42.96996178949486,1157.100439453125,1161.3683288574218,-0.014787479828224814,-0.011621207803061862,-0.007975637175984263,-6.677557832528919,-6.811004036608414,0.1334462040794948,1123.0843505859375,0
2023-01-12,1123.0843505859375,1150.7570549852321,1120.0853394706564,1147.2810049505638,17688773,-0.02159428868343527,45.58188894465695,1153.2426025390625,1158.9429870605468,-0.012605356147565638,-0.030940811476462993,-0.026150830611639253,-9.082342560147026,-7.265271741316137,-1.8170708188308895,1121.2667236328125,0
2023-01-13,1121.2667236328125,1123.6749947373953,1106.2716693328798,1117.0862332620186,20618583,-0.0016184242547558902,41.40664553726612,1146.9447021484375,1156.7164489746094,-0.02159428868343527,-0.030646858504711272,-0.022388157395492048,-11.007926561690965,-8.013802705391104,-2.9941238562998613,1110.58837890625,0
2023-01-16,1110.58837890625,1126.7420752597088,1102.8181384631341,1123.5840516608462,13623855,-0.009523465292865851,34.81734595165716,1133.067431640625,1153.19033203125,-0.0016184242547558902,-0.036942690154156965,-0.019839112930663316,-13.242962306766458,-9.059634625666176,-4.183327681100282,1126.3560791015625,1
2023-01-17,1126.3560791015625,1128.2644751675343,1113.5421334042796,1116.9046027544262,10751000,0.014197609568759484,41.025271893015876,1125.8334716796876,1149.94140625,-0.009523465292865851,-0.02051002513715028,0.0004641960245641563,-13.585319501068625,-9.964771600746666,-3.6205479003219594,1124.492919921875,0
2023-01-18,1124.492919921875,1131.9450149571076,1117.9724269094495,1123.947732620178,13448286,-0.0016541475775349035,40.69702882573842,1121.1576904296876,1147.4467712402343,0.014197609568759484,-0.02000428420182776,0.002974808557848041,-13.847357698960423,-10.741288820389418,-3.106068878571005,1123.2889404296875,0
2023-01-19,1123.2889404296875,1127.4238787769261,1116.2911675478767,1123.6751148013898,11940054,-0.0010706865920251385,39.774162889311306,1121.1986083984375,1145.0441589355469,-0.0016541475775349035,-0.01899945808734871,0.0018643726593952081,-13.99089758330706,-11.391210572972946,-2.5996870103341134,1109.9296875,0
2023-01-20,1109.9296875,1124.6293134044963,1107.475983857866,1124.6293134044963,14930286,-0.011892980023979649,31.902808364820345,1118.931201171875,1143.6912048339843,-0.0010706865920251385,-0.02951978400400923,-0.008044742753126943,-15.009612568758257,-12.11489097213001,-2.894721596628248,1104.3177490234375,0
2023-01-23,1104.3177490234375,1120.6305800710875,1101.9094778576764,1112.8150268033937,10954118,-0.005056120707252032,32.47618686818039,1117.6770751953125,1141.56123046875,-0.011892980023979649,-0.03262504055960225,-0.011952760299338228,-16.08437737806844,-12.908788253317695,-3.1755891247507435,1097.7972412109375,0
2023-01-24,1097.7972412109375,1110.3839043654414,1084.8014472016187,1108.7253859560433,16488755,-0.00590455764952269,34.800002547129864,1111.9653076171876,1138.6360595703125,-0.005056120707252032,-0.03586643687956481,-0.0127414644226721,-17.26328630056946,-13.77968786276805,-3.4835984378014118,1082.6204833984375,0
2023-01-25,1082.6204833984375,1097.229365511981,1081.4618400458698,1096.207019001925,12385018,-0.013824736702525375,32.055153886705185,1103.5908203125,1134.9577209472657,-0.00590455764952269,-0.046113821319393455,-0.019001913143971594,-19.200881819758933,-14.863926654166228,-4.336955165592705,1062.0816650390625,0
2023-01-27,1062.0816650390625,1084.8014072954272,1050.403647808396,1083.4610350495245,25830975,-0.018971392721946256,24.334527452297436,1091.349365234375,1130.2785766601562,-0.013824736702525375,-0.06033637461536945,-0.026817901881518114,-22.13855177577193,-16.31885167848737,-5.81970009728456,1072.26025390625,1
2023-01-30,1072.26025390625,1077.781116815708,1045.564464693845,1059.5144571522903,21772103,0.009583621676411358,16.25635467965226,1083.815478515625,1126.019757080078,-0.018971392721946256,-0.047742948412587194,-0.010661616150011932,-23.375886654744136,-17.730258673738724,-5.645627981005411,1069.5791015625,0
2023-01-31,1069.5791015625,1084.9377325667872,1063.740093440895,1082.3703285922786,22691594,-0.0025004678985186546,17.91383907952978,1076.8677490234375,1120.9748229980469,0.009583621676411358,-0.04584913093595544,-0.006768377516688795,-24.29279779640615,-19.04276649827221,-5.250031298133937,1063.240478515625,0
2023-02-01,1063.240478515625,1081.438989315294,1047.3819702702858,1081.438989315294,19347800,-0.005926277951406433,19.004939181190338,1069.956396484375,1116.0412292480469,-0.0025004678985186546,-0.04731075281869057,-0.006276814635453376,-25.239979614309277,-20.282209121479625,-4.957770492829653,1057.35595703125,0
2023-02-02,1057.35595703125,1066.920892525141,1050.1083077780725,1053.2890475640809,13662663,-0.005534516041554638,22.059237134308404,1064.9034912109375,1111.6881103515625,-0.005926277951406433,-0.04887355798303028,-0.00708752881550323,-26.16385905313723,-21.45853910781115,-4.705319945326082,1058.2874755859375,1
2023-02-03,1058.2874755859375,1067.3753725425988,1041.929212987467,1067.3753725425988,24699575,0.0008809886098366526,23.02466192334559,1064.1446533203125,1107.4838073730468,-0.005534516041554638,-0.044421716561078295,-0.005504117993826885,-26.515223411923216,-22.469875968633563,-4.0453474432896535,1050.3128662109375,0
2023-02-06,1050.3128662109375,1054.6523697762398,1047.7455820077842,1051.9259524136774,14837879,-0.007535390486015814,23.570588228997067,1059.75517578125,1102.361639404297,0.0008809886098366526,-0.04721569703884654,-0.008909897102745146,-27.12449226525223,-23.400799227957297,-3.7236930372949324,1047.791015625,0
2023-02-07,1047.791015625,1057.560517598404,1041.9292904027159,1050.5628652677376,15135435,-0.002401047028049108,11.023541936913858,1055.39755859375,1095.7524536132812,-0.007535390486015814,-0.04377032223850075,-0.0072072773968563375,-27.493901900610354,-24.21941976248791,-3.274482138122444,1068.7159423828125,1
2023-02-08,1068.7159423828125,1072.3284093286718,1048.290888887822,1051.017186057536,21160332,0.019970515537710565,26.72993225618184,1056.4926513671876,1091.0619567871095,-0.002401047028049108,-0.020480976598341027,0.011569688629454289,-25.800779658166675,-24.535691741623666,-1.2650879165430098,1070.578857421875,1
2023-02-09,1070.578857421875,1077.3039157739506,1060.559478401166,1069.3974980927496,13172763,0.0017431339471822849,28.12968187320513,1059.1372314453124,1087.1973083496093,0.019970515537710565,-0.01528558873362329,0.010802779504738291,-24.03162479663274,-24.434878352625482,0.40325355599274104,1061.7635498046875,0
2023-02-10,1061.7635498046875,1070.0562610401787,1054.7884945677279,1070.0562610401787,10790445,-0.008234150670989537,29.231936890040757,1059.8324462890625,1084.1312683105468,0.0017431339471822849,-0.020631928217249906,0.0018220837854008298,-23.07488555780901,-24.16287979366219,1.0879942358531771,1055.72021484375,0
2023-02-13,1055.72021484375,1067.8298390073717,1051.267130813873,1063.3767549774948,10352493,-0.00569178981709173,29.12359267746554,1060.913916015625,1080.8539428710938,-0.008234150670989537,-0.023253584069444666,-0.004895497262756843,-22.544431272904376,-23.839190089510627,1.294758816606251,1080.5985107421875,1
2023-02-14,1080.5985107421875,1082.3251778031881,1055.8566674193971,1058.7193818882063,14321920,0.02356523589170778,43.61833964137471,1067.4754150390625,1079.3544494628907,-0.00569178981709173,0.001152597536347777,0.01229358120874835,-19.88732318573443,-23.04881670875539,3.161493523020958,1105.0675048828125,1
2023-02-15,1105.0675048828125,1107.4531801088635,1078.2809718116707,1079.6440602664363,33503591,0.022643927321183366,57.79175324829407,1074.7457275390625,1078.290020751953,0.02356523589170778,0.02483328567965959,0.028212977792598792,-15.62696463117004,-21.56444629323832,5.937481662068279,1104.2042236328125,0
2023-02-16,1104.2042236328125,1119.5401413378127,1101.9322491792432,1113.019527781497,17264487,-0.0007812022760469439,66.93465590652734,1081.47080078125,1077.2755859375,0.022643927321183366,0.024996981317345845,0.02102083832049817,-12.179857548463588,-19.687528544283374,7.507670995819787,1108.8162841796875,1
2023-02-17,1108.8162841796875,1112.1334412904273,1095.3661670147737,1099.6375221146495,11809520,0.00417681842558193,65.38535440562832,1090.88134765625,1076.551953125,-0.0007812022760469439,0.0299700641116587,0.016440776590387784,-8.97241716883218,-17.544506269193135,8.572089100360955,1097.0928955078125,0
2023-02-20,1097.0928955078125,1113.1557282640592,1095.1389471665602,1110.9973346913087,8836937,-0.010572886454808916,60.760721668679786,1099.1558837890625,1075.9101135253907,0.00417681842558193,0.01968824506446265,-0.0018768841723690866,-7.292414632474902,-15.49408794184949,8.201673309374588,1106.0445556640625,1
2023-02-21,1106.0445556640625,1111.8152960708703,1096.161352929149,1101.4551746278107,13311592,0.008159436810596166,66.40547730375474,1104.2450927734376,1075.9964538574218,-0.010572886454808916,0.027925837207844806,0.001629586495245583,-5.178976340728013,-13.431065621625194,8.25208928089718,1080.9617919921875,0
2023-02-22,1080.9617919921875,1104.181409716533,1079.2124090771258,1102.34116225432,11024335,-0.022677896241544704,57.88675607048442,1099.4239501953125,1075.1546813964844,0.008159436810596166,0.0054011861699383434,-0.016792574147438954,-5.465033170412198,-11.837859131382595,6.372825960970397,1075.7818603515625,0
2023-02-23,1075.7818603515625,1088.1642003254076,1072.9874144624137,1080.5530912531344,9851910,-0.004791965524589492,55.68356313889224,1093.7394775390626,1074.8127502441407,-0.022677896241544704,0.0009016548298312888,-0.016418550812397403,-6.040086108927881,-10.678304526891653,4.638218417963772,1083.14306640625,1
2023-02-24,1083.14306640625,1088.8003468562933,1076.009116649248,1077.8266482510571,9434053,0.006842656793154989,60.70853218512269,1088.604833984375,1075.8658203125,-0.004791965524589492,0.006764083360912165,-0.0050172178256223665,-5.834574553727862,-9.709558532258894,3.8749839785310325,1075.9407958984375,0
2023-02-27,1075.9407958984375,1085.8467152410444,1068.6024012348664,1082.3705449963543,11199715,-0.006649417543435732,58.909831055418735,1084.3744140625,1076.0498474121093,0.006842656793154989,-0.00010134429546559964,-0.00777740423851081,-6.181610446388504,-9.003968915084817,2.8223584686963132,1055.356689453125,0
2023-02-28,1055.356689453125,1075.55458156191,1051.3126158801917,1070.6016220746747,21994038,-0.019131263099029794,45.76245197672735,1074.2368408203124,1075.3387268066406,-0.006649417543435732,-0.018582086607124126,-0.017575408559596717,-8.025095942584585,-8.808194320584771,0.7830983780001866,1065.0579833984375,1
2023-03-01,1065.0579833984375,1065.7850199744744,1055.6746563210354,1065.1034156724897,11551145,0.009192431376295662,48.33173861113837,1071.0560791015625,1075.4296020507813,-0.019131263099029794,-0.00964416325584283,-0.005600169608445227,-8.604075706729645,-8.767370597813747,0.16329489108410122,1056.947021484375,0
2023-03-02,1056.947021484375,1068.5796069332716,1054.9249246750653,1061.9226969308686,9333535,-0.007615512057082219,48.53835137503954,1067.289111328125,1075.4091552734376,0.009192431376295662,-0.017167543812074304,-0.00969005467588857,-9.606668487090701,-8.935230175669139,-0.6714383114215625,1083.9154052734375,1
2023-03-03,1083.9154052734375,1087.5733043694927,1063.9902277008234,1067.443561368033,14643807,0.025515360033077306,57.59206290458406,1067.4435791015626,1076.6905517578125,-0.007615512057082219,0.006710241400214478,0.01543109771266682,-8.13137388468931,-8.774458917473172,0.643085032783862,1094.5028076171875,1
2023-03-06,1094.5028076171875,1101.7277412564927,1090.5495987349282,1090.5495987349282,10171916,0.009767738600485298,54.05615024677905,1071.1559814453126,1078.900048828125,0.025515360033077306,0.014461727762465015,0.021795916352325362,-6.038271956415656,-8.227221525261669,2.188949568846013,1098.433349609375,1
2023-03-08,1098.433349609375,1099.1831022898903,1083.7336057675889,1094.5027369272827,15782657,0.0035911666601793346,47.80121035183385,1079.7713134765625,1081.4321655273438,0.009767738600485298,0.015720989835493526,0.017283322773899323,-4.016017557890564,-7.384980731787449,3.3689631738968853,1072.0330810546875,0
2023-03-09,1072.0330810546875,1098.2289976932168,1070.1474010143947,1097.8201071650074,16235128,-0.024034474703518383,40.8810010532595,1081.1663330078125,1081.5980224609375,0.0035911666601793346,-0.008843342172988766,-0.008447591896166617,-4.49186795591163,-6.806358176612285,2.3144902207006552,1055.4248046875,0
2023-03-10,1055.4248046875,1065.1034417835135,1051.9486346812796,1063.967514713159,13334091,-0.015492317038246606,35.82971935015041,1080.8618896484375,1080.8403198242188,-0.024034474703518383,-0.023514588298160666,-0.02353407517144601,-6.138372588143284,-6.672761058918486,0.5343884707752018,1038.06689453125,0
2023-03-13,1038.06689453125,1065.1034247048499,1033.750107312473,1058.287501818403,12771592,-0.016446373137297576,34.789228352361704,1071.6921875,1079.6554870605469,-0.015492317038246606,-0.03852024375157426,-0.031375886995303914,-8.74309272457117,-7.086827392049023,-1.656265332522147,1034.181884765625,0
2023-03-14,1034.181884765625,1047.3592882483779,1031.0465769110588,1036.0221323528851,16027522,-0.0037425427841808467,30.984719919016158,1059.6280029296875,1078.5785705566407,-0.016446373137297576,-0.041162217573174176,-0.024014199411216297,-10.994106798807252,-7.868283273400669,-3.1258235254065827,1016.5057983398438,0
2023-03-15,1016.5057983398438,1044.3375136051593,1012.120862693993,1037.8851690827282,21728555,-0.017091854620705504,32.24877503508904,1043.2424926757812,1075.3739349365235,-0.0037425427841808467,-0.05474201548334401,-0.025628456014441414,-14.042491024281617,-9.10312482357686,-4.939366200704757,1011.439208984375,0
2023-03-16,1011.439208984375,1024.2077207730244,1000.6700777539616,1019.20944966423,18363159,-0.004984319188088726,32.268920227212945,1031.1237182617188,1070.6925201416016,-0.017091854620705504,-0.05534110871475051,-0.019090346704979444,-16.674970226166124,-10.617493904094713,-6.057476322071411,1010.1670532226562,0
2023-03-17,1010.1670532226562,1023.2763079373278,1005.4413153341551,1020.0047033408911,34014213,-0.0012577678919488688,29.19147706803622,1022.07216796875,1065.9906616210938,-0.004984319188088726,-0.05236782122794992,-0.011648017741989647,-18.648908291527277,-12.223776781581227,-6.42513150994605,1000.2384643554688,0
2023-03-20,1000.2384643554688,1008.7583980790381,990.5825434751304,1006.4864237654998,19524589,-0.009828660354258334,28.74456363964775,1014.5064819335937,1060.5617706298829,-0.0012577678919488688,-0.056878635403374234,-0.014063998438857528,-20.774941975543015,-13.934009820373586,-6.84093215516943,1031.3419189453125,1
2023-03-21,1031.3419189453125,1033.295867476511,1007.3952622768678,1008.2813118906954,21400360,0.031096039292876076,43.63330800408547,1013.9384887695312,1057.274221801758,-0.009828660354258334,-0.02452750887300814,0.017164187343259085,-19.722699145589786,-15.091747685416827,-4.630951460172959,1034.477294921875,1
2023-03-22,1034.477294921875,1041.2250703817986,1031.4782836063534,1038.2942074878824,10920094,0.0030400936090806407,41.60014297229476,1017.5327880859375,1053.6958587646484,0.031096039292876076,-0.018239194624248833,0.016652541357228934,-18.423416803244436,-15.75808150898235,-2.6653352942620856,1021.390625,0
2023-03-23,1021.390625,1031.4327203269945,1019.2322313496287,1030.569386905087,16249370,-0.012650514405793012,40.49328343643662,1019.5230712890625,1050.717300415039,0.0030400936090806407,-0.027911099782457982,0.001831791514611103,-18.239457961234848,-16.254356799432852,-1.985101161801996,1001.1699829101562,0
2023-03-24,1001.1699829101562,1022.3902814688943,998.7617116838695,1020.231887763167,12375945,-0.019797168286955547,27.04818202164786,1017.7236572265625,1046.9867065429687,-0.012650514405793012,-0.04376055908493248,-0.01626539208248079,-19.50051626641448,-16.903588692829178,-2.596927573585301,1016.7330322265625,1
2023-03-27,1016.7330322265625,1024.2078438429432,999.7614322476102,1007.6224783212151,14054323,0.015544862093416212,29.007764382427794,1021.0225708007813,1043.6662048339845,-0.019797168286955547,-0.025806309031254138,-0.004201218167835918,-19.02479999290813,-17.32783095284497,-1.6969690400631592,1021.4815673828125,1
2023-03-28,1021.4815673828125,1025.3439120336418,1016.4831753805086,1020.1183586375283,12576424,0.0046703854460703464,29.31988665105571,1019.0505004882813,1040.9432434082032,0.015544862093416212,-0.018696193234964742,0.002385619646294579,-18.056480449999754,-17.473560852275927,-0.5829195977238264,1015.4380493164062,0
2023-03-29,1015.4380493164062,1020.0274303318191,1004.7142894261991,1017.3918775634875,18804065,-0.0059164240054675465,32.9220141294206,1015.2426513671875,1038.9473114013672,0.0046703854460703464,-0.022627963734995205,0.00019246428324848353,-17.57415768578221,-17.493680218977186,-0.08047746680502499,1059.218994140625,1
2023-03-31,1059.218994140625,1064.8535577563764,1024.5259234682055,1024.6622202928697,28171201,0.04311532826024411,50.98362066837597,1022.8083251953125,1038.6553619384765,-0.0059164240054675465,0.019798320940422443,0.03559872172370082,-13.503497155921423,-16.695643606366033,3.1921464504446107,1059.4007568359375,1
2023-04-03,1059.4007568359375,1067.3754434349298,1051.9259454677697,1065.5579119993613,10293043,0.00017160067589228056,56.07136802494594,1034.4544799804687,1038.7780487060547,0.04311532826024411,0.019852853220734934,0.024115393512472272,-10.145847612319812,-15.385684407556791,5.239836795236979,1056.856201171875,0
2023-04-05,1056.856201171875,1066.9210129823457,1048.995215362799,1066.9210129823457,16262928,-0.0024018820523238338,56.50245643219764,1042.4791137695313,1037.4250885009765,0.00017160067589228056,0.018730135685242955,0.013791247433588616,-7.602572807915294,-13.829062087628493,6.226489279713199,1063.944580078125,1
2023-04-06,1063.944580078125,1069.6472916141736,1053.357178265841,1053.357178265841,18435046,0.006707041978265549,64.48386631498562,1050.9717163085938,1035.8971771240235,-0.0024018820523238338,0.027075470011386438,0.012343684961472423,-4.957884854018175,-12.05482664090643,7.096941786888255,1056.4017333984375,0
2023-04-10,1056.4017333984375,1068.0116029231133,1054.9022279148219,1067.829873819937,12961408,-0.007089510883295902,63.52333824334981,1059.164453125,1033.7955963134766,0.006707041978265549,0.02186712457044182,-0.002608395436998645,-3.431044342033829,-10.33007018113191,6.899025839098082,1061.6273193359375,1
2023-04-11,1061.6273193359375,1063.7402807994256,1056.0383079017138,1060.559540630498,10542367,0.0049465897037950235,65.11812805433256,1059.6461181640625,1033.275308227539,-0.007089510883295902,0.027438970894439585,0.0018696819040942003,-1.77884569698017,-8.619825284301564,6.840979587321394,1066.3076171875,1
2023-04-12,1066.3076171875,1075.9179854968688,1058.7646577412916,1061.6272515959452,18179087,0.004408607207367465,70.02755628279178,1061.027490234375,1033.8194488525392,0.0049465897037950235,0.031425379326167846,0.004976428039539904,-0.09075922968258965,-6.914012073377769,6.82325284369518,1070.3291015625,1
2023-04-13,1070.3291015625,1075.0093475188144,1064.1947822733791,1069.1930541875877,12378208,0.00377141109205148,64.13976176288031,1063.7220703125,1035.4325592041016,0.004408607207367465,0.0337023807569099,0.00621123828713932,1.5536521034387079,-5.220479238014474,6.774131341453182,1075.7589111328125,1
2023-04-17,1075.7589111328125,1101.8866740573628,1067.3980510351955,1101.8866740573628,17929479,0.005073028064345619,64.72680558277266,1066.0849365234376,1037.511410522461,0.00377141109205148,0.03686465538831163,0.009074300065548435,3.257450326126218,-3.5248933251863352,6.782343651312553,1063.44482421875,0
2023-04-18,1063.44482421875,1080.098395721067,1056.9242116194696,1080.098395721067,10405576,-0.011446883485348391,65.08557195979142,1067.4935546875,1039.8583618164062,0.005073028064345619,0.022682379897530858,-0.003792744650280455,3.572892708863492,-2.1053361183763704,5.678228827239862,1068.7386474609375,1
2023-04-19,1068.7386474609375,1071.4195123263064,1059.741614492453,1062.8542061722762,12273475,0.004977995211060016,77.14501912824629,1068.9158203125,1042.7233337402345,-0.011446883485348391,0.024949392498378797,-0.00016575005084196182,4.201616740768259,-0.8439455465474446,5.045562287315703,1066.034912109375,0
2023-04-20,1066.034912109375,1071.9193532094926,1059.6961482625013,1069.692811176778,7007330,-0.0025298377278542006,72.08878149946074,1068.861279296875,1045.5167266845704,0.004977995211060016,0.019624923161076335,-0.0026442787686716818,4.430642529848001,0.21097206873164454,4.2196704611163565,1067.37548828125,1
2023-04-21,1067.37548828125,1072.8282030082607,1061.6500596936005,1068.1252410633845,7647317,0.0012575349612353737,71.20959625591219,1068.270556640625,1048.8735778808593,-0.0025298377278542006,0.017639790715075376,-0.0008378667312424204,4.666527585945005,1.1020831721743167,3.564444413770688,1071.465087890625,1
2023-04-24,1071.465087890625,1081.8706418346944,1066.9210188410907,1079.1897769115358,12936186,0.0038314535552623763,76.36877044918549,1067.4117919921875,1050.879736328125,0.0012575349612353737,0.01958868446205564,0.003797312273337905,5.124393879806576,1.9065453137007686,3.2178485661058067,1079.666748046875,1
2023-04-25,1079.666748046875,1081.7342770992536,1068.0569991057368,1075.1000833366595,9236126,0.007654621927436267,64.46948337341405,1070.6561767578125,1053.139208984375,0.0038314535552623763,0.025189014743912663,0.008415933597234249,6.078986870312974,2.74103362502321,3.3379532452897642,1073.328125,0
2023-04-26,1073.328125,1084.2336751201349,1069.6702254865136,1081.0073822687018,8617834,-0.0058709069797153735,59.06551887984312,1071.574072265625,1055.736083984375,0.007654621927436267,0.01666329424796409,0.001636893593987665,6.25196601445964,3.443220102910496,2.808745911549144,1080.121337890625,1
2023-04-27,1080.121337890625,1083.2793621459462,1074.1914637637067,1079.1898559504257,9167125,0.006329111044793612,64.34990678749656,1074.391357421875,1059.6836517333984,-0.0058709069797153735,0.019286591921839458,0.0053332339553622266,6.85815222961628,4.126206528251653,2.7319457013646273,1099.8648681640625,1
2023-04-28,1099.8648681640625,1101.4099263842236,1082.2570938243377,1082.3706745336378,15565210,0.018278992906477276,69.16384997622909,1080.8892333984375,1063.8402435302735,0.006329111044793612,0.033862814320920975,0.017555577555309343,8.829911340459148,5.066947490693153,3.7629638497659954,1109.2025146484375,1
2023-05-02,1109.2025146484375,1111.3609082117491,1103.3180737047812,1106.9986888116582,12981805,0.008489812480293013,77.64043105739934,1088.43671875,1068.2262908935547,0.018278992906477276,0.03835912306614997,0.019078551412971212,11.0189945646257,6.2573569054796625,4.761637659146038,1099.68310546875,0
2023-05-03,1099.68310546875,1110.9975466381402,1096.4796487993453,1110.9975466381402,7061872,-0.00858221024021455,69.06459333947308,1092.439990234375,1072.438543701172,0.008489812480293013,0.02540431051046732,0.006630217951670625,11.849132602677173,7.375712044919165,4.473420557758008,1112.3607177734375,1
2023-05-04,1112.3607177734375,1114.5645439655561,1097.1839321641876,1100.1602273210067,8635233,0.011528423271796706,71.35948329647609,1100.2465087890625,1075.0956298828125,-0.00858221024021455,0.034662114564345314,0.011010449828837032,13.37581230234855,8.575732096405043,4.800080205943507,1109.5206298828125,0
2023-05-05,1109.5206298828125,1118.4267984938415,1106.9079133744922,1109.1798878043744,8746585,-0.0025532076468053333,68.37848141698694,1106.1263671875,1077.6016235351562,0.011528423271796706,0.02962041412200489,0.0030686030059503544,14.19293824896613,9.699173326917261,4.493764922048868,1123.2205810546875,1
2023-05-08,1123.2205810546875,1128.5597141757223,1110.6110827431748,1113.2692311404737,9153782,0.012347630862277859,70.65462682000152,1110.797509765625,1080.9198425292968,-0.0025532076468053333,0.03913401980521436,0.011183920723484286,15.764267351918988,10.912192131917607,4.852075220001382,1126.6968994140625,1
2023-05-09,1126.6968994140625,1129.9913407668835,1119.2902356444074,1124.6293700397016,6464721,0.0030949560736421855,79.82019062878032,1114.29638671875,1084.0574584960937,0.012347630862277859,0.03933319270467672,0.01112855865200113,17.093029027038256,12.148359510941736,4.9446695160965195,1134.4442138671875,1
2023-05-10,1134.4442138671875,1135.9210031175069,1127.4464419348942,1131.4452030936898,10872255,0.006876130090669452,80.2764740558078,1121.2486083984375,1087.9595825195313,0.0030949560736421855,0.04272643220808403,0.011768670542742887,18.55730865449459,13.430149339652308,5.127159314842283,1127.0377197265625,0
2023-05-11,1127.0377197265625,1140.3059886325332,1125.3336486663607,1135.5121619830659,10557860,-0.0065287424891322665,76.94183838616914,1124.1840087890625,1091.2301025390625,0.006876130090669452,0.03281399322121259,0.002538473163814059,18.90222554052002,14.524564579825851,4.37766096069417,1128.8779296875,1
2023-05-12,1128.8779296875,1130.2638545526538,1116.2229969798393,1122.2664514997994,6955341,0.0016327847140591434,77.04315284812233,1128.05546875,1094.3586181640626,-0.0065287424891322665,0.03154296128388734,0.0007290961839059307,19.10384696616461,15.440421057093603,3.663425909071007,1131.1044921875,1
2023-05-15,1131.1044921875,1138.0567125858797,1123.7886933664054,1131.3999221918086,6833343,0.0019723678189158544,76.66076589279945,1129.6322509765625,1097.3973876953125,0.0016327847140591434,0.030715495471496546,0.0013032924738689555,19.22172233422043,16.19668131251897,3.025041021701462,1114.99609375,0
2023-05-16,1114.99609375,1135.8073202110538,1113.3374551908087,1133.2627523170945,8717229,-0.014241300029095627,64.75063096563224,1127.29208984375,1099.3592468261718,0.0019723678189158544,0.014223600673730186,-0.010907551116990821,17.810023418632,16.519349733741578,1.2906736848904217,1108.4073486328125,0
2023-05-17,1108.4073486328125,1120.0852459817609,1103.7271032383842,1119.1764803056624,8798967,-0.005909209148014072,64.61567412787298,1122.084716796875,1101.607373046875,-0.014241300029095627,0.006172776029203408,-0.012189247353003974,15.975430373781137,16.41056586174949,-0.43513548796835266,1106.0218505859375,0
2023-05-18,1106.0218505859375,1116.4502407386783,1102.8864225456616,1113.0649351771951,10525531,-0.002152185340360102,61.20285920354983,1117.88154296875,1103.471533203125,-0.005909209148014072,0.002311176415588534,-0.01060907790937915,14.165718823520365,15.961596454103667,-1.795877630583302,1109.611572265625,1
2023-05-19,1109.611572265625,1111.4292240517473,1099.1150328365684,1106.0219413561279,8050447,0.003245615516353384,54.900600875227866,1114.028271484375,1105.6503662109376,-0.002152185340360102,0.003582693205504528,-0.003964620406684105,12.872780519860726,15.34383326725508,-2.4710527473943547,1115.5413818359375,1
2023-05-22,1115.5413818359375,1120.5397737195674,1105.2494084549478,1106.4534840047638,7434906,0.00534404085044371,53.30025116685818,1110.9156494140625,1108.058660888672,0.003245615516353384,0.0067530007312648355,0.004163891672886999,12.186129557988579,14.71229252540178,-2.5261629674132013,1115.3367919921875,0
2023-05-23,1115.3367919921875,1121.4483940779485,1113.9281511842048,1118.1086413363598,6092034,-0.00018339960048208148,59.0252821918271,1110.9837890625,1110.25224609375,0.00534404085044371,0.004579631265171136,0.003918151617100518,11.492961329009177,14.06842628612326,-2.575464957114084,1108.8389892578125,0
2023-05-24,1108.8389892578125,1119.630957590089,1105.749113749558,1111.4063935962217,8112254,-0.005825866035288563,47.81371817955853,1111.0701171875,1111.7108581542968,-0.00018339960048208148,-0.0025832876196354437,-0.002008089224229459,10.300563651379889,13.314853759174587,-3.0142901077946984,1108.70263671875,0
2023-05-25,1108.70263671875,1112.8149786046417,1097.842640709934,1105.9536236071287,11487863,-0.00012296874513206824,49.474552534552814,1111.6062744140625,1113.4795837402344,-0.005825866035288563,-0.004290107417540989,-0.0026121098469357173,9.2380864803049,12.49950030340065,-3.261413823095749,1138.94287109375,1
2023-05-26,1138.94287109375,1140.0787982471202,1113.6102893364032,1116.904610291511,12626260,0.02727533368595325,58.32942074255153,1117.4725341796875,1116.4206604003907,-0.00012296874513206824,0.020173588229083883,0.01921330167620039,10.712710396353714,12.142142321991264,-1.4294319256375498,1145.349609375,1
2023-05-29,1145.349609375,1149.6209640491697,1139.260723455887,1145.5313384612555,10010304,0.005625162107645965,59.584319658383414,1123.4341796875,1118.6948974609375,0.02727533368595325,0.023826614365149767,0.0195075333150323,12.25703919180387,12.165121695953786,0.09191749585008324,1145.0543212890625,0
2023-05-30,1145.0543212890625,1153.1198717474913,1142.50963326853,1145.3496310598186,11342504,-0.0002578148047727158,55.90392118504994,1129.377685546875,1120.4874877929688,0.005625162107645965,0.021925129699112755,0.013880773405396729,13.303746301705132,12.392846617104055,0.9108996846010768,1122.311767578125,0
2023-05-31,1122.311767578125,1140.4649655887667,1118.267694287889,1135.9891655098565,27107927,-0.019861550048852483,47.753664981311005,1132.0722412109376,1121.6189208984374,-0.0002578148047727158,0.0006177202138606397,-0.008621776312059515,12.157985521391083,12.345874397961461,-0.18788887657037812,1119.2901611328125,0
2023-06-01,1119.2901611328125,1129.1279320638168,1116.9046059479208,1126.969538270473,14592692,-0.0026923057679711926,45.4933642409185,1134.18974609375,1121.9653930664062,-0.019861550048852483,-0.002384415731649381,-0.013136765706314169,10.880717324409034,12.052842983250978,-1.172125658841944,1115.63232421875,0
2023-06-02,1115.63232421875,1128.196393125224,1113.723928040502,1122.811826505655,15800644,-0.0032679970226491273,42.824014312566526,1129.52763671875,1122.270977783203,-0.0026923057679711926,-0.005915374892404568,-0.012301879164608676,9.464218586342213,11.535118103869225,-2.070899517527012,1125.6517333984375,1
2023-06-05,1125.6517333984375,1128.6053121788445,1117.1090229973545,1121.085068396339,10908682,0.008980924057308881,55.23792722310831,1125.5880615234375,1122.3925354003907,-0.0032679970226491273,0.0029037951476433843,5.656765310191325e-05,9.045840893229979,11.037262661741376,-1.9914217685113975,1126.6058349609375,1
2023-06-06,1126.6058349609375,1130.4000307352399,1118.7221336360576,1128.4689187387335,7493309,0.0008475992477881,59.470334137974845,1121.8983642578125,1122.3879821777343,0.008980924057308881,0.003757927606298228,0.004195986778391614,8.691076262378374,10.568025381868775,-1.8769491194904013,1135.1485595703125,1
2023-06-07,1135.1485595703125,1135.989176828128,1123.5386905370437,1130.0820196952836,10312545,0.007582709359632567,64.24445399622705,1124.46572265625,1122.4231994628906,0.0008475992477881,0.01133739939936329,0.009500366884307665,8.99555407015282,10.253531119525585,-1.257977049372764,1135.830078125,1
2023-06-08,1135.830078125,1143.6457515710592,1131.899585359948,1138.7155083681228,12071109,0.000600378293168502,63.19760211179331,1127.7737060546874,1122.8628173828124,0.007582709359632567,0.011548392681139719,0.007143606937331848,9.185957774963526,10.040016450613173,-0.8540586756496467,1127.787353515625,0
2023-06-09,1127.787353515625,1139.874261684162,1125.9924180855612,1139.1699412328312,5877018,-0.007080922370581777,56.035859330345055,1130.2047119140625,1122.8082885742188,0.000600378293168502,0.004434474693564061,-0.002138867740467676,8.588866318156079,9.749786424121755,-1.1609201059656762,1128.786865234375,1
2023-06-12,1128.786865234375,1131.0815554468197,1120.0851432204013,1124.8563729167881,6391969,0.0008862590235954038,56.57779895097172,1130.83173828125,1122.6924072265624,-0.007080922370581777,0.005428430769268244,-0.0018082911698100723,8.102913931347985,9.420411925567002,-1.3174979942190177,1145.46337890625,1
2023-06-13,1145.46337890625,1146.6448585440896,1129.741286337972,1133.7173319025067,11248016,0.014773837458156747,66.28950800340095,1134.6032470703126,1124.215771484375,0.0008862590235954038,0.018899937148026735,0.009571744011820593,8.96016128381234,9.32836179721607,-0.36820051340373006,1159.5496826171875,1
2023-06-14,1159.5496826171875,1160.9810398065779,1143.7140091659376,1145.5315407318087,13277380,0.012297471896821177,70.11878875462592,1139.4834716796875,1126.7728881835938,0.014773837458156747,0.02908908687573364,0.01760991838514414,10.653377468138842,9.593364931400625,1.060012536738217,1159.86767578125,1
2023-06-15,1159.86767578125,1164.4116242878063,1152.1201510303479,1159.5268135380984,11813494,0.00027423849864272043,60.84807031222313,1144.2909912109376,1129.4651794433594,0.012297471896821177,0.02691760391663789,0.013612520495183134,11.883932309765669,10.051478407073635,1.8324539026920341,1171.1595458984375,1
2023-06-16,1171.1595458984375,1173.431520437393,1163.3438717544047,1163.3438717544047,24171579,0.0097354813423709,62.73559050470127,1152.9654296875,1132.542578125,0.00027423849864272043,0.0340975858385566,0.015780279046067047,13.61338876415175,10.763860478489258,2.849528285662492,1159.52685546875,0
2023-06-19,1159.52685546875,1174.1584519189826,1155.3692013285906,1174.1584519189826,6798554,-0.009932626575454018,56.422682836188784,1159.113427734375,1134.7418518066406,0.0097354813423709,0.021841975443708916,0.0003566758217814492,13.885273772323671,11.38814313725614,2.4971306350675313,1161.9351806640625,1
2023-06-20,1161.9351806640625,1165.070488566,1151.893084884151,1157.5957972211602,6921096,0.002076989578942534,71.45676916629318,1162.4077880859375,1137.0717712402343,-0.009932626575454018,0.021866174196470523,-0.0004065762692911923,14.132169463567834,11.93694840251848,2.195221061049354,1165.2069091796875,1
2023-06-21,1165.2069091796875,1167.728761153971,1157.800246036839,1161.889751966922,6961603,0.0028157582024113115,74.79754549457968,1163.5392333984375,1139.8901672363281,0.002076989578942534,0.022209808164886713,0.0014332785121298208,14.42554848258601,12.434668418531988,1.9908800640540214,1152.1202392578125,0
2023-06-22,1152.1202392578125,1169.296404389101,1150.52986917785,1161.4354185434336,7619166,-0.011231198355224348,67.88411395230008,1161.98974609375,1142.0610473632812,0.0028157582024113115,0.008807928365786921,-0.008493626444739055,13.447059247507013,12.637146584326993,0.80991266318002,1142.6915283203125,0
2023-06-23,1142.6915283203125,1151.1659695700039,1141.441900396204,1149.1211566554268,6628570,-0.008183790733139018,58.400493955544,1156.296142578125,1142.2484802246095,-0.011231198355224348,0.0003878736574163266,-0.011765683337383703,11.775045905949355,12.464726448651467,-0.6896805427021118,1133.9671630859375,0
2023-06-26,1133.9671630859375,1142.9869124040958,1130.8545713330911,1139.1700001634836,12641159,-0.007634925977966556,53.37082922488367,1151.1842041015625,1141.6793579101563,-0.008183790733139018,-0.006755132052431945,-0.014955939244373107,9.63491462642014,11.898764084205203,-2.263849457785062,1134.3760986328125,1
2023-06-27,1134.3760986328125,1140.3058517527372,1129.9230146151945,1134.4215309070003,9689466,0.0003606237995130712,49.61781254454223,1145.6723876953124,1141.1454467773438,-0.007634925977966556,-0.005932064281243266,-0.009859964492313633,7.880995637634896,11.095210394891142,-3.2142147572562454,1149.3939208984375,1
2023-06-28,1149.3939208984375,1153.1881169201986,1135.0122016455275,1141.896393407388,11354006,0.01323883876231613,55.87717878492641,1142.5097900390624,1142.4995544433593,0.0003606237995130712,0.006034458769165196,0.006025445838096166,7.615033583420882,10.399175032597089,-2.7841414491762073,1158.8226318359375,1
2023-06-30,1158.8226318359375,1161.7307784588775,1151.1888070463274,1157.0732487107562,11151555,0.008203202371324547,63.28790807212153,1143.8502685546875,1144.4761779785156,0.01323883876231613,0.012535388794865154,0.013089443341363527,8.072025626177265,9.933745151313126,-1.861719525135861,1188.5628662109375,1
2023-07-03,1188.5628662109375,1191.425580555085,1161.1400387375704,1162.3669506539804,12154387,0.025664181521793505,70.53863453532276,1153.0245361328125,1148.122705078125,0.008203202371324547,0.0352228563671344,0.030821833330033632,10.710519277896083,10.089099976629717,0.621419301266366,1176.31689453125,0
2023-07-04,1176.31689453125,1192.7887391966194,1169.2736896643748,1192.7887391966194,8061643,-0.010303175395952602,60.93395811775617,1161.494482421875,1150.6559631347657,0.025664181521793505,0.022301132761329834,0.012761500234136358,11.678771329405436,10.40703424718486,1.2717370822205751,1174.3856201171875,0
2023-07-05,1174.3856201171875,1185.5183304828597,1170.432411192628,1185.5183304828597,10248062,-0.0016417977358321734,55.75324879430583,1169.49638671875,1153.0449523925781,-0.010303175395952602,0.018508096913591565,0.004180631470059648,12.150220176282119,10.755671433004313,1.3945487432778059,1199.03662109375,1
2023-07-06,1199.03662109375,1201.6266214253383,1170.546016490242,1170.546016490242,19117987,0.02099055076483536,62.77790078482033,1179.4249267578125,1156.23935546875,-0.0016417977358321734,0.03701419210700485,0.016628183694445964,14.347586499728777,11.474054446349205,2.873532053379572,1196.696533203125,0
2023-07-07,1196.696533203125,1210.9418359205672,1194.1518448825288,1197.332705283274,13375267,-0.0019516400495678266,58.847561537791364,1186.99970703125,1159.2826782226562,0.02099055076483536,0.0322732804373731,0.00816919002964811,15.718990864433636,12.323041729966093,3.3959491344675428,1242.794921875,1
2023-07-10,1242.794921875,1252.3145466417043,1215.5085119378625,1221.8245601360636,33240016,0.03852136894596514,73.28756834705281,1197.8461181640625,1165.033056640625,-0.0019516400495678266,0.06674648825725282,0.037524689548462664,20.291683513005182,13.916770086573912,6.37491342643127,1256.2677001953125,1
2023-07-11,1256.2677001953125,1258.6759714064597,1243.9536302912918,1250.9058502676546,20069348,0.010840709181516583,74.8443954054207,1213.836279296875,1171.4070983886718,0.03852136894596514,0.07244330508443286,0.03495646128077179,24.71778475879978,16.076973021019086,8.640811737780695,1257.653564453125,1
2023-07-12,1257.653564453125,1273.2166423107678,1254.8817149747802,1256.9946762890331,18733835,0.001103159985405222,74.59200207822572,1230.4898681640625,1177.0166076660157,0.010840709181516583,0.06850961682436219,0.022075513981754114,28.01439701742379,18.464457820300026,9.549939197123763,1246.4073486328125,0
2023-07-13,1246.4073486328125,1271.8535100977601,1243.794632147719,1264.992154591986,14682934,-0.008942220765861486,75.3296062564521,1239.964013671875,1181.3594909667968,0.001103159985405222,0.0550618657262254,0.0051963886773271906,29.380826476350194,20.64773155151006,8.733094924840135,1245.3621826171875,0
2023-07-14,1245.3621826171875,1254.5409440468316,1238.2735461254954,1249.5879849572364,15124144,-0.0008385428862974775,78.8827763354899,1249.6971435546875,1185.6342163085938,-0.008942220765861486,0.05037638547118983,-0.003468809190976807,30.03319156712473,22.524823554632995,7.5083680124917365,1270.8084716796875,1
2023-07-17,1270.8084716796875,1279.1466167196916,1239.5914489485467,1248.225023984058,22220040,0.02043284228289588,85.18517821025156,1255.299853515625,1190.6166625976562,-0.0008385428862974775,0.06735317218479953,0.012354512844583443,32.23194862537116,24.46624856878063,7.7657000565905285,1281.600341796875,1
2023-07-18,1281.600341796875,1289.3250310279557,1269.127138140066,1280.0326878114854,25867313,0.008492129504710899,85.93610609375214,1260.3663818359375,1196.7203369140625,0.02043284228289588,0.07092718512805529,0.016847450286643362,34.44819580428157,26.46263801588082,7.985557788400747,1291.32421875,1
2023-07-19,1291.32421875,1297.7539668955087,1270.9445997962002,1285.9396532326007,39122156,0.007587292727693651,85.56299493177626,1267.1005126953125,1203.1897888183594,0.008492129504710899,0.07325064653199598,0.019117430552656023,36.5676936551954,28.48364914374374,8.084044511451658,1289.7606201171875,0
2023-07-20,1289.7606201171875,1295.2251136644823,1270.1422890108254,1270.1422890108254,38717624,-0.0012108489952477042,84.15489369940342,1275.7711669921875,1209.4174743652343,0.007587292727693651,0.06643127576283914,0.010965487766886994,37.686811526026304,30.324281620200253,7.362529905826051,1249.8345947265625,0
2023-07-21,1249.8345947265625,1287.3234307026405,1242.3762502436682,1284.4188902576473,30249238,-0.030956151682625666,65.17615585841739,1276.6656494140625,1214.3031921386719,-0.0012108489952477042,0.02926073390724726,-0.021016508668353695,34.949151860604616,31.249255668281126,3.6998961923234894,1224.554931640625,0
2023-07-24,1224.554931640625,1238.1179088392782,1215.6443158350814,1221.4042392370138,23727866,-0.020226406912242756,61.2232586831531,1267.41494140625,1218.3963623046875,-0.030956151682625666,0.005054651775460162,-0.033816872726835534,30.389369576161016,31.077278449857104,-0.6879088736960881,1223.767333984375,0
2023-07-25,1223.767333984375,1233.3179681079685,1220.9119513502328,1227.8041962368873,12026020,-0.0006431705396791054,61.55082293563679,1255.84833984375,1222.8863708496094,-0.020226406912242756,0.0007203965599464901,-0.025545286673203216,26.40774467330766,30.143371694547216,-3.735627021239555,1243.65625,1
2023-07-26,1243.65625,1253.8961800235134,1223.3733833366434,1223.3733833366434,12911012,0.016252203718226443,60.674739413281245,1246.31474609375,1228.3503784179688,-0.0006431705396791054,0.012460509518256613,-0.002133085644763777,24.573875218776266,29.029472399393025,-4.45559718061676,1232.087158203125,0
2023-07-27,1232.087158203125,1249.2931304965796,1226.0072859774648,1247.5209111436616,17226898,-0.009302483541473006,58.10873400600324,1234.7800537109374,1232.485040283203,0.016252203718226443,-0.00032282913550540915,-0.0021808705928795247,21.934148235347266,27.610407566583877,-5.676259331236611,1244.4686279296875,1
2023-07-28,1244.4686279296875,1251.853175548335,1231.0287272255082,1236.6902137331379,20827852,0.010049183326137134,50.453558170629975,1233.7068603515625,1236.7673400878907,-0.009302483541473006,0.0062269495580709044,0.008723115615210553,20.603719856314,26.209070024529904,-5.605350168215903,1255.00390625,1
2023-07-31,1255.00390625,1257.2930680054526,1239.594792375287,1244.4686660676819,8551174,0.008465684135275486,49.65198338878696,1239.7966552734374,1240.0893920898438,0.010049183326137134,0.012026966971325992,0.012265923538250512,20.166982275998635,25.000652474823653,-4.833670198825018,1237.25634765625,0
2023-08-01,1237.25634765625,1259.803857697837,1233.3672005487501,1257.8346449464532,9536632,-0.014141436935268481,44.84743417060139,1242.4944580078125,1243.1363647460937,0.008465684135275486,-0.004729985588543761,-0.004215801783100992,18.17922613834685,23.636367207528295,-5.457141069181446,1224.0382080078125,0
2023-08-02,1224.0382080078125,1236.665738028631,1212.838309305523,1235.2872649193357,12748214,-0.010683428437022635,44.405044399853935,1238.570849609375,1245.618994140625,-0.014141436935268481,-0.017325350877217094,-0.011733395474425978,15.360258182324742,21.981145402487584,-6.620887220162842,1218.8934326171875,0
2023-08-03,1218.8934326171875,1231.201012494138,1210.1058926997707,1218.5981228148664,10168350,-0.00420311666495965,43.51269325910333,1235.9321044921876,1246.611834716797,-0.010683428437022635,-0.022234990337554827,-0.013786090524771089,12.56620994422542,20.098158310835153,-7.531948366609733,1235.45947265625,1
2023-08-04,1235.45947265625,1238.6348041373592,1216.776590964359,1230.1672134573323,22885610,0.013591048729741928,40.94190953139125,1234.1302734375,1248.549981689453,-0.00420311666495965,-0.010484569480742612,0.001077033152300677,11.55544360758563,18.38961537018525,-6.83417176259962,1242.4993896484375,1
2023-08-07,1242.4993896484375,1244.739272893678,1233.219426922262,1241.0962775533026,5982870,0.005698217665571548,39.78404293116304,1231.6293701171876,1248.535205078125,0.013591048729741928,-0.004834317370578156,0.008825722896016686,11.193435512927408,16.95037939873368,-5.7569438858062725,1235.016357421875,0
2023-08-08,1235.016357421875,1247.7178038434138,1230.536470478926,1244.5424722858313,9844072,-0.006022564106594741,35.11406630600209,1231.1813720703126,1247.472637939453,0.005698217665571548,-0.009985213413701066,0.0031148825336055896,10.185313374960515,15.597366193979049,-5.412052819018534,1243.1640625,1
2023-08-09,1243.1640625,1245.034838767312,1221.453562693164,1233.145764124846,11486586,0.006597244667377211,38.095826168418995,1235.00654296875,1246.7481628417968,-0.006022564106594741,-0.002874758871613148,0.006605243978416997,9.929361525236118,14.463765260230463,-4.534403734994346,1248.7025146484375,1
2023-08-10,1248.7025146484375,1255.3732475116944,1234.9180240875248,1243.041027453777,15470598,0.0044551256873526235,49.64913634726497,1240.968359375,1246.8629211425782,0.006597244667377211,0.0014753775051499218,0.006232354930735484,10.05748817874337,13.582509843933044,-3.5250216651896746,1253.9700927734375,1
2023-08-11,1253.9700927734375,1259.7301365729732,1236.8380369520157,1246.733259512152,22179330,0.004218441192523015,60.40761641833462,1244.6704833984375,1247.2933166503906,0.0044551256873526235,0.005353012025252735,0.007471543271122316,10.463462721477299,12.958700419441897,-2.4952376979645976,1268.788330078125,1
2023-08-14,1268.788330078125,1271.274485095857,1243.065489745762,1249.9577340453427,9575812,0.011817057990524793,64.49053745257726,1249.928271484375,1247.1923095703125,0.004218441192523015,0.017315710129140127,0.015088912719249281,11.84437381235216,12.73583509802395,-0.8914612856717898,1267.754638671875,0
2023-08-16,1267.754638671875,1271.5208305674453,1255.865563518659,1255.865563518659,10203112,-0.0008147075298102768,58.82783280000429,1256.475927734375,1246.5000244140624,0.011817057990524793,0.017051435091470335,0.008976464004238682,12.708845878922602,12.730437254203682,-0.021591375281079905,1249.4654541015625,0
2023-08-17,1249.4654541015625,1269.2068594315797,1246.930140835009,1263.791524524126,13673744,-0.014426438691222288,56.06737215358192,1257.7362060546875,1244.4070861816406,-0.0008147075298102768,0.004064881963540712,-0.0065759035267569654,11.782342365596378,12.540818276482224,-0.7584759108858457,1258.720703125,1
2023-08-18,1258.720703125,1268.9606325625684,1234.9670764174216,1246.1423337524884,18639978,0.007407366880817445,55.08694420843953,1259.73984375,1242.8550903320313,-0.014426438691222288,0.01276545666215223,-0.0008090088045213939,11.660488055137876,12.364752232213355,-0.7042641770754798,1244.986328125,0
2023-08-21,1244.986328125,1262.5000997685252,1242.8371963360953,1254.8424457661688,9221746,-0.010911376102658799,46.50429125680919,1257.9430908203126,1242.6126770019532,0.007407366880817445,0.0019102099688645957,-0.010299959346223964,10.33651544090253,11.95910487395119,-1.6225894330486597,1244.68994140625,0
2023-08-22,1244.68994140625,1253.8544488619668,1234.6115281978846,1243.4548358358238,7713044,-0.00023806423577066305,52.95375923292285,1253.1234130859375,1243.6194274902343,-0.010911376102658799,0.0008608050761766961,-0.006729960985182859,9.157776526933048,11.398839204547563,-2.241062677614515,1246.0732421875,1
2023-08-23,1246.0732421875,1256.2752862282496,1243.4795205761563,1247.061326610869,9517952,0.001111361741774175,59.664664605711074,1248.7871337890624,1244.7347229003906,-0.00023806423577066305,0.0010753450212994675,-0.0021732219432210043,8.240249787404991,10.767121321119049,-2.5268715337140577,1225.1258544921875,0
2023-08-24,1225.1258544921875,1254.8177179260883,1220.7782590700385,1254.8177179260883,14140020,-0.016810719455414236,52.400768908124135,1243.9192138671874,1243.808203125,0.001111361741774175,-0.0150202809290646,-0.015108183204738612,5.756467143562759,9.764990485607791,-4.008523342045033,1219.4691162109375,0
2023-08-25,1219.4691162109375,1237.5757146480018,1206.747529523438,1213.3676467766436,22222400,-0.004617271164842673,43.27521646232842,1236.068896484375,1243.1773010253905,-0.016810719455414236,-0.01907063843178136,-0.013429494359619154,3.293633048104539,8.470718998107142,-5.177085950002603,1207.315673828125,0
2023-08-28,1207.315673828125,1227.2008731617648,1201.0660879981488,1221.272366528133,12580826,-0.009966174806111505,35.81356247545152,1228.534765625,1241.3196533203125,-0.004617271164842673,-0.027393411037384907,-0.017271869214120383,0.3570225205769475,6.847979702601103,-6.490957182024156,1195.755126953125,0
2023-08-29,1195.755126953125,1212.107851949824,1189.7277154191993,1211.4162410930335,16876644,-0.009575413560518165,34.673433404812954,1218.747802734375,1238.3572143554688,-0.009966174806111505,-0.03440209893275181,-0.018865819269305528,-2.8700182134755323,4.904380119385777,-7.774398332861309,1194.6187744140625,0
2023-08-30,1194.6187744140625,1206.9451032694478,1193.1119215700844,1201.5106390304122,12168946,-0.0009503221131553774,29.951714688151895,1208.4569091796875,1236.2253356933593,-0.009575413560518165,-0.03365613054351535,-0.01145107836324799,-5.456268926023313,2.8322503103039587,-8.288519236327271,1189.1595458984375,0
2023-08-31,1189.1595458984375,1198.0523052778192,1185.6517981191516,1197.0642209023324,21638600,-0.004569849924133895,25.393779435088433,1201.2636474609376,1234.4814025878907,-0.0009503221131553774,-0.03671327619390885,-0.01007614072737828,-7.855848039082957,0.6946306404265754,-8.550478679509533,1191.950927734375,1
2023-09-01,1191.950927734375,1198.3734766692594,1186.5164632510111,1188.9373425267036,18112842,0.0023473568753371588,23.834999006055327,1195.760009765625,1233.13427734375,-0.004569849924133895,-0.03339729530354685,-0.0031854903995297557,-9.423660496430102,-1.3290275869447603,-8.094632909485341,1190.987548828125,0
2023-09-04,1190.987548828125,1197.3853714174265,1188.3197691016735,1191.950907028467,9347626,-0.0008082370539206352,12.831883178987141,1192.494384765625,1230.9106811523438,0.0023473568753371588,-0.03243381744550622,-0.0012636000275977333,-10.621462186343933,-3.187514506824595,-7.433947679519338,1197.36083984375,1
2023-09-05,1197.36083984375,1202.4741047382813,1191.852196412095,1195.5822395056102,8675876,0.005351265864950383,18.002889730802266,1192.81552734375,1228.6537536621095,-0.0008082370539206352,-0.025469269698715546,0.0038105745572591943,-10.930457820370975,-4.736103169533871,-6.194354650837104,1199.8802490234375,1
2023-09-06,1199.8802490234375,1203.5608392350891,1194.2234900414205,1196.1256007292052,8200370,0.0021041352747233066,23.689399121170666,1193.867822265625,1226.8969482421876,0.005351265864950383,-0.022020349188623944,0.005036090801411097,-10.847006284885992,-5.958283792604297,-4.888722492281696,1201.5106201171875,1
2023-09-07,1201.5106201171875,1204.5983838407617,1191.1357340059783,1196.421961377583,13652572,0.0013587781739694549,16.97090657431643,1196.338037109375,1224.814276123047,0.0021041352747233066,-0.019026277257008672,0.004323680136686825,-10.527953327555451,-6.872217699594527,-3.655735627960924,1209.51416015625,1
2023-09-08,1209.51416015625,1213.3677136631895,1197.039593881822,1205.463038004146,23109288,0.006661231207662377,28.069690849868536,1199.85068359375,1222.8548583984375,0.0013587781739694549,-0.010909469877447009,0.008053899284831134,-9.519547351288338,-7.40168362993329,-2.1178637213550484,1222.556884765625,1
2023-09-11,1222.556884765625,1223.668479723262,1211.391482722607,1211.391482722607,13271074,0.010783441020392859,38.17944986856928,1206.16455078125,1221.284197998047,0.006661231207662377,0.0010420889500284414,0.013590462407270687,-7.580555550885947,-7.437458014123822,-0.14309753676212544,1204.8948974609375,0
2023-09-12,1204.8948974609375,1226.7068128830886,1203.462102676104,1226.7068128830886,16255666,-0.014446761148519838,31.26550179440386,1207.6713623046876,1218.0895263671875,0.010783441020392859,-0.010832232459630053,-0.0022990235012707583,-7.383947793669904,-7.426755970033039,0.04280817636313472,1210.9222412109375,1
2023-09-13,1210.9222412109375,1216.653058753229,1198.6699696902265,1205.4630504045967,12803338,0.00500238133857267,42.52281916630038,1209.8797607421875,1215.2479064941406,-0.014446761148519838,-0.003559492067492731,0.0008616397286540511,-6.664949077404572,-7.274394591507345,0.6094455141027737,1212.033935546875,1
2023-09-14,1212.033935546875,1218.2094639750317,1207.9333605474212,1215.343994661209,9209636,0.0009180559230836938,45.8891988969293,1211.984423828125,1213.3763305664063,0.00500238133857267,-0.0011063303162545113,4.085177810586593e-05,-5.936994989971936,-7.006914671200264,1.0699196812283285,1214.28173828125,1
2023-09-15,1214.28173828125,1219.2962186489121,1210.156437431325,1219.2962186489121,25468592,0.0018545707908423914,54.32518713221585,1212.937939453125,1211.1543823242187,0.0009180559230836938,0.002582128259347005,0.0011078875385255316,-5.1196906293839675,-6.629469862837006,1.5097792334530382,1203.7091064453125,0
2023-09-18,1203.7091064453125,1210.8974446523887,1201.5353689892672,1205.4877066299114,7516300,-0.008706901786155852,54.99991559251751,1209.1683837890625,1209.0905212402345,0.0018545707908423914,-0.004450795619009518,-0.004514902487478878,-5.264409232594971,-6.3564577367886,1.0920485041936283,1176.8826904296875,0
2023-09-20,1176.8826904296875,1199.3370070481767,1163.4694916701224,1197.089090701199,57081884,-0.022286460966342903,41.57280170383758,1203.5659423828124,1205.7001586914062,-0.008706901786155852,-0.023901023860688042,-0.022170162027265072,-7.457798484418618,-6.576725886314604,-0.881072598104014,1168.31103515625,0
2023-09-21,1168.31103515625,1180.8103271156433,1165.9396084396587,1173.3255153106452,12226182,-0.0072833557185788544,40.37852472702976,1195.043701171875,1201.8120483398438,-0.022286460966342903,-0.027875417982263895,-0.022369613755053974,-9.77505545869235,-7.216391800790153,-2.558663657902197,1163.4447021484375,0
2023-09-22,1163.4447021484375,1177.0308632017375,1160.9992172819989,1173.8443150051187,19176786,-0.004165271799526971,37.09174406251071,1185.3258544921875,1198.7279907226562,-0.0072833557185788544,-0.029433940683197046,-0.01846003127395235,-11.86737104361896,-8.146587649355915,-3.7207833942630444,1156.2811279296875,0
2023-09-25,1156.2811279296875,1166.2854832156668,1153.638074334712,1161.1968240581607,14254884,-0.0061572107428239375,35.11971118166184,1173.725732421875,1195.5685913085938,-0.004165271799526971,-0.03286090289132193,-0.014862590135254261,-13.9428621541756,-9.305842550319852,-4.637019603855748,1157.2939453125,1
2023-09-26,1157.2939453125,1161.0980464311394,1153.8851021083722,1155.342502590839,10087782,0.0008759265877027467,31.993750466301236,1164.4427001953125,1193.0675048828125,-0.0061572107428239375,-0.029984522605723263,-0.006139207091609866,-15.3292716130577,-10.510528362867422,-4.818743250190277,1170.336669921875,1
2023-09-27,1170.336669921875,1171.769464855697,1155.3178333556975,1157.7880446735417,11722778,0.011270018876538002,37.87026317240273,1163.13349609375,1191.79658203125,0.0008759265877027467,-0.01800635480326651,0.0061929037830275036,-15.200352028094358,-11.44849309591281,-3.7518589321815483,1153.1439208984375,0
2023-09-28,1153.1439208984375,1177.3025356797164,1148.648088734931,1177.3025356797164,14518346,-0.014690430083323935,32.39213169771811,1160.1000732421876,1189.7228393554688,0.011270018876538002,-0.030745747872544693,-0.005996165765518313,-16.297624616923258,-12.4183194001149,-3.8793052168083584,1158.5289306640625,1
2023-09-29,1158.5289306640625,1170.4353956391562,1153.1439190620806,1156.9480197858836,12342014,0.004669850543399079,31.07810207933342,1159.1169189453126,1188.19130859375,-0.014690430083323935,-0.024964311483471002,-0.0005072726242190129,-16.542009773683276,-13.243057474828577,-3.298952298854699,1145.2637939453125,0
2023-10-03,1145.2637939453125,1153.8849261975774,1144.201651539282,1151.0935156022144,8859056,-0.011449983136067599,21.3618720335633,1156.9134521484375,1185.856951904297,0.004669850543399079,-0.0342310747462401,-0.01006960216556485,-17.603154238467596,-14.115076827556381,-3.488077410911215,1143.287841796875,0
2023-10-04,1143.287841796875,1145.683994991749,1133.8764332853668,1140.743572417399,10286386,-0.0017253249067016307,24.171514023130158,1154.1122314453125,1183.4719665527343,-0.011449983136067599,-0.0339544373601931,-0.009378974898205494,-18.391555295499074,-14.97037252114492,-3.421182774354154,1143.26318359375,0
2023-10-05,1143.26318359375,1150.8219332922222,1140.743519950406,1145.8074528562056,10953682,-2.1567799659449882e-05,20.1308660417603,1148.6975341796874,1180.7670837402343,-0.0017253249067016307,-0.03176231846477784,-0.0047308803442485114,-18.801625093758958,-15.736623035667728,-3.0650020580912294,1145.18994140625,1
2023-10-06,1145.18994140625,1148.5494528467332,1142.2504141267464,1144.7206253894863,5431026,0.0016853143179538232,20.70153323288703,1147.10673828125,1178.032568359375,-2.1567799659449882e-05,-0.027879218143233908,-0.0016709838858344206,-18.754939838478094,-16.340286396229804,-2.414653442248291,1135.4326171875,0
2023-10-09,1135.4326171875,1142.200971985465,1133.8269798521974,1140.2989816654238,7576878,-0.008520267132951176,17.574150564148695,1142.4874755859375,1174.7286682128906,0.0016853143179538232,-0.03345117224828742,-0.006174998456608405,-19.282993609329424,-16.928827838849728,-2.354165770479696,1140.447021484375,1
2023-10-10,1140.447021484375,1145.1404226117538,1138.1497733893898,1139.5331157395624,10236032,0.004416294037153712,22.737855885598975,1141.52412109375,1171.2753112792968,-0.008520267132951176,-0.02632027628179956,-0.0009435627241436428,-19.076952276663405,-17.358452726412466,-1.7184995502509395,1158.5535888671875,1
2023-10-11,1158.5535888671875,1160.850836659799,1142.7195135510772,1143.4358505583396,9814118,0.01587672819667274,41.45939698400998,1144.5772705078125,1168.075146484375,0.004416294037153712,-0.008151494059132292,0.012210899796371244,-17.25372417891822,-17.33750701691362,0.08378283799540043,1160.70263671875,1
2023-10-12,1160.70263671875,1165.618452848462,1155.1446622546925,1157.9607991424273,12554450,0.0018549403948278087,46.22909996442547,1148.0651611328126,1165.8655334472655,0.01587672819667274,-0.004428380958522493,0.011007629195426416,-15.457211462567102,-16.961447906044317,1.5042364434772146,1160.6534423828125,0
2023-10-13,1160.6534423828125,1164.7045645712087,1150.6984190160554,1156.058825491677,10150316,-4.238323786065479e-05,48.54721641938976,1151.157861328125,1163.3520935058593,0.0018549403948278087,-0.0023197200040395716,0.008248721894434485,-13.877461031112261,-16.34465053105791,2.467189499945647,1158.0596923828125,0
2023-10-16,1158.0596923828125,1163.2471357038708,1154.0826283801794,1158.5290083696577,5929036,-0.002234732526769645,50.97193463689536,1155.6832763671875,1160.6533813476562,-4.238323786065479e-05,-0.0022346800573933567,0.002056286583202116,-12.688525951982683,-15.613425615242864,2.924899663260181,1163.593017578125,1
2023-10-17,1163.593017578125,1165.7914814830851,1156.7011522648252,1163.963549268257,7928180,0.0047781001546882695,53.28019955045209,1160.3124755859376,1158.1189453125,-0.002234732526769645,0.004726692614589689,0.0028272918383738244,-11.171020664127127,-14.724944625019717,3.5539239608925897,1148.1541748046875,0
2023-10-18,1148.1541748046875,1169.3979912920374,1146.6720480730119,1163.5929949263082,8918320,-0.013268249757609873,38.729863792596596,1158.2325927734375,1155.3411987304687,0.0047781001546882695,-0.006220693881321404,-0.008701549267075004,-11.086375538313632,-13.997230807678502,2.9108552693648697,1139.33544921875,0
2023-10-19,1139.33544921875,1147.0672825471008,1136.7911799610206,1142.2256445327594,12032556,-0.0076807851937111815,42.33192380120852,1153.9591552734375,1153.4638366699219,-0.013268249757609873,-0.012248660948019685,-0.012672637491421779,-11.597205751003685,-13.517225796343538,1.9200200453398537,1135.8524169921875,0
2023-10-20,1135.8524169921875,1143.559402581249,1134.4690747739153,1136.2970067050267,8913312,-0.0030570735150484696,37.13560364313257,1148.9989501953125,1151.8409057617187,-0.0076807851937111815,-0.013880813478279741,-0.01144172777607011,-12.143115687840236,-13.242403774642879,1.099288086802643,1118.1162109375,0
2023-10-23,1118.1162109375,1139.3847504014805,1114.1885998234964,1131.3565651682993,7853962,-0.015614886044486465,35.342710603010914,1141.01025390625,1149.574481201172,-0.0030570735150484696,-0.027365143170890227,-0.020064712731872714,-13.847293862797187,-13.36338179227374,-0.48391207052344676,1115.5225830078125,0
2023-10-25,1115.5225830078125,1127.0090643806484,1108.1366760976812,1111.6196977984057,11620688,-0.002319640753185026,35.108543504477524,1131.3961669921875,1147.536553955078,-0.015614886044486465,-0.027897996658081903,-0.014030084640091145,-15.231571369045469,-13.737019707628086,-1.4945516614173826,1099.9849853515625,0
2023-10-26,1099.9849853515625,1115.5473150342816,1096.9219477593886,1112.089019549233,15222534,-0.013928537075740377,30.099855745213503,1121.7623291015625,1144.6711059570312,-0.002319640753185026,-0.039038393100791824,-0.019413509604518264,-17.382006591601566,-14.466017084422782,-2.915989507178784,1119.4007568359375,1
2023-10-27,1119.4007568359375,1123.2048573671625,1104.6535500268835,1106.654444909806,11771084,0.017650942279152648,39.78463427960795,1117.775390625,1142.1243103027343,-0.013928537075740377,-0.019895867080154894,0.0014541080655110505,-17.319898495515872,-15.036793366641401,-2.283105128874471,1142.47265625,1
2023-10-30,1142.47265625,1148.6481841216216,1121.4511352518443,1123.4520304054054,16813304,0.020610937837202137,52.52255215513922,1119.0994384765625,1141.5907470703125,0.017650942279152648,0.0007725265660665226,0.020885738094244433,-15.233367145090597,-15.07610812233124,-0.15725902275935688,1130.3192138671875,0
2023-10-31,1130.3192138671875,1150.1303563093797,1127.8490026208185,1150.1303563093797,12808438,-0.010637840928906295,46.54767641108478,1121.5400390625,1140.1802612304687,0.020610937837202137,-0.008648673984795407,0.007827785454744829,-14.394526110251263,-14.939791719915245,0.5452656096639821,1135.0126953125,1
2023-11-01,1135.0126953125,1144.942993469817,1124.0449807279863,1130.9368464684328,10309190,0.0041523504048512905,41.167833468134546,1125.4380615234375,1139.667706298828,-0.010637840928906295,-0.004084533553596614,0.008507472882249845,-13.198865513412102,-14.591606478614617,1.3927409652025151,1146.2767333984375,1
2023-11-02,1146.2767333984375,1148.302354744411,1140.2247162104195,1143.1889695269997,10562104,0.009924151626194977,44.934117854837226,1134.6964111328125,1139.8171508789062,0.0041523504048512905,0.005667209441927001,0.010205656906999483,-11.213124223979776,-13.91591002768765,2.702785803707874,1146.0296630859375,0
2023-11-03,1146.0296630859375,1153.5638066087804,1144.078220526126,1149.7349795725816,8850156,-0.00021554159244552284,44.871757552511845,1140.0221923828126,1139.9554748535156,0.009924151626194977,0.005328443405390404,0.005269608559609118,-9.549268432698682,-13.042581708689857,3.4933132759911754,1155.564697265625,1
2023-11-06,1155.564697265625,1156.0587394619763,1148.9445800808262,1152.2546386732256,10647304,0.008320058796743801,49.165676777819954,1142.6406005859376,1140.4742126464844,-0.00021554159244552284,0.01323176311380414,0.011310727689056499,-7.376224633939728,-11.909310293739832,4.533085659800104,1148.055419921875,0
2023-11-07,1148.055419921875,1155.6142905704303,1145.9557403314866,1153.1193530516352,6960204,-0.006498361676779307,44.87201387187851,1146.187841796875,1141.1053527832032,0.008320058796743801,0.006090644585725835,0.0016293822503579136,-6.188668572488268,-10.76518194948952,4.576513377001252,1154.033203125,1
2023-11-08,1154.033203125,1156.552866758098,1147.042553778562,1152.1064866637696,7884494,0.005206876862731802,52.06954133281539,1149.991943359375,1141.7846618652343,-0.006498361676779307,0.010727540550208747,0.0035141635460675946,-4.710860820702692,-9.554317723732154,4.8434569030294625,1141.50927734375,0
2023-11-09,1141.50927734375,1154.0331752710283,1138.3720609954937,1154.0085696526105,14513610,-0.010852309749265876,50.745778611632275,1149.0384521484375,1140.9324462890625,0.005206876862731802,0.0005055786226113579,-0.006552587331267845,-4.49840881742989,-8.543135942471702,4.0447271250418115,1143.6583251953125,1
2023-11-10,1143.6583251953125,1144.3747829309668,1135.3337858785344,1139.039102652828,7734954,0.001882637219176475,52.70272326440077,1148.5641845703126,1140.0802307128906,-0.010852309749265876,0.0031384584926839043,-0.00427129753905342,-4.109259882918423,-7.656360730561047,3.547100847642624,1143.5101318359375,0
2023-11-13,1143.5101318359375,1148.4505538682092,1142.0773370771153,1147.610585630105,3854810,-0.0001295783505529391,60.011781567429736,1146.153271484375,1139.2230651855468,0.001882637219176475,0.0037631494493068907,-0.002306096151533321,-3.7693636365941074,-6.878961311767659,3.1095976751735517,1164.1856689453125,1
2023-11-15,1164.1856689453125,1166.9029009306619,1149.6361508923676,1156.0586992213753,12220648,0.018080764248393555,66.79171180703565,1149.3793212890625,1139.529364013672,-0.0001295783505529391,0.02163727035940144,0.012882037619786235,-1.8107768521269918,-5.865324419839526,4.054547567712534,1166.285400390625,1
2023-11-16,1166.285400390625,1172.9302438744137,1159.4923201233041,1161.542667627995,13134910,0.0018036053022494336,75.216141807225,1151.8297607421875,1139.6639831542968,0.018080764248393555,0.02335900548743064,0.01255015293156081,-0.08813595866331525,-4.7098867276042835,4.621750768940968,1163.7412109375,0
2023-11-17,1163.7412109375,1172.4857343750468,1162.012063114762,1162.4319266451018,7758634,-0.0021814467130196746,69.34698847288342,1156.2761474609374,1140.4433349609376,0.0018036053022494336,0.020428788754647265,0.006456125115920752,1.0595605793700997,-3.555997266209407,4.615557845579507,1160.6781005859375,0
2023-11-20,1160.6781005859375,1165.1490860409533,1154.2801575494677,1160.2828426994563,4490186,-0.002632123295775446,59.62396961401905,1159.6801025390625,1141.5104675292969,-0.0021814467130196746,0.01679146499473405,0.0008605804692949359,1.7023275759454464,-2.504332297778437,4.206659873723883,1175.2769775390625,1
2023-11-21,1175.2769775390625,1179.7728099438689,1166.0384122376151,1168.9038812090425,8214450,0.01257788610447208,73.16710783228326,1166.0334716796874,1143.4816955566407,-0.002632123295775446,0.02780567638815068,0.007927307477768819,3.351102984611998,-1.3332452413003502,4.684348225912348,1179.87158203125,1
2023-11-22,1179.87158203125,1182.9593458443583,1171.9669066696931,1173.3502489811203,8534814,0.00390938015463238,73.1397360884776,1169.170654296875,1146.5694641113282,0.01257788610447208,0.029045006833260834,0.009152579818050954,4.971210537962406,-0.07235408544779875,5.043564623410205,1183.4781494140625,1
2023-11-23,1183.4781494140625,1185.7013394254852,1179.8716170501546,1179.8716170501546,8531542,0.003056745698208463,70.83577183300426,1172.6092041015625,1149.9672424316407,0.00390938015463238,0.029140749184787262,0.009269026095379829,6.471576981661201,1.2364321279740011,5.2351448536872,1182.6876220703125,0
2023-11-24,1182.6876220703125,1186.9858858764198,1181.2796741129466,1181.5514214570694,6749486,-0.0006679695304399047,70.40716196233637,1176.398486328125,1154.1023742675782,0.003056745698208463,0.024768381419261187,0.0053460930248367955,7.510265581278418,2.4911988186348846,5.019066762643533,1182.9346923828125,1
2023-11-28,1182.9346923828125,1185.5531403805655,1173.4738317237427,1182.6876712625676,13792174,0.00020890580732335629,66.99399262379697,1180.8498046875,1157.279071044922,-0.0006679695304399047,0.02216891498325091,0.0017655824534470455,8.258175186177368,3.6445940921433815,4.613581094033987,1186.047119140625,1
2023-11-29,1186.047119140625,1191.605094048659,1184.7379555197092,1189.6536514263266,12531306,0.0026311061615269526,74.95133644395273,1183.0038330078125,1159.4577941894531,0.00020890580732335629,0.022932550959959608,0.0025725074153604144,8.998318746921768,4.715339023099059,4.282979723822709,1174.560791015625,0
2023-11-30,1174.560791015625,1186.0472739919132,1170.830747689414,1183.083020320613,28439984,-0.009684546203630351,62.571995047817275,1181.9416748046874,1161.669873046875,0.0026311061615269526,0.011096885843255189,-0.006244710670923803,8.559370076599862,5.48414523379922,3.075224842800642,1182.88525390625,1
2023-12-01,1182.88525390625,1183.9226701483003,1174.6347733568996,1174.8323419889748,14342842,0.007087298464498293,76.71462844856667,1181.823095703125,1164.0635009765624,-0.009684546203630351,0.016169008747286995,0.0008987455119016108,8.781981462048634,6.143712479449103,2.6382689825995307,1195.6810302734375,1
2023-12-04,1195.6810302734375,1210.4035134582498,1185.0097900344595,1210.4035134582498,15590990,0.010817428254289219,79.52902667915723,1184.42177734375,1166.5337158203124,0.007087298464498293,0.02498625976929314,0.00950611779102739,9.87705822396174,6.890381628351631,2.986676595610109,1204.3514404296875,1
2023-12-05,1204.3514404296875,1205.8830195816831,1196.3973123183705,1204.9689932142376,12693624,0.007251440757797489,81.48822505199476,1188.705126953125,1169.4498046875,0.010817428254289219,0.02984449234357167,0.013162485061932072,11.314121930529382,7.775129688787182,3.5389922417422,1215.887451171875,1
2023-12-06,1215.887451171875,1221.7417795681863,1202.992899973077,1208.9708595498532,16422442,0.009578608332192262,79.55397701502326,1194.673193359375,1172.4659423828125,0.007251440757797489,0.0370343454930695,0.017757373255229858,13.231342250658145,8.866372201161376,4.364970049496769,1213.886474609375,0
2023-12-07,1213.886474609375,1215.813191043024,1206.4511149904754,1215.3438750518303,8142096,-0.0016456922559496823,77.24066917593672,1202.538330078125,1175.7574951171875,0.009578608332192262,0.03242928890569141,0.009436825627431533,14.423031354028126,9.977704031734726,4.4453273222934,1213.244140625,0
2023-12-08,1213.244140625,1223.5943006598802,1207.9331869400896,1217.2459307176134,10204894,-0.0005291549068306978,78.95941819511373,1208.610107421875,1178.7180419921874,-0.0016456922559496823,0.029291227759998373,0.003834183724485074,15.141085560432884,11.01038033747436,4.130705222958525,1215.0228271484375,1
2023-12-11,1215.0228271484375,1219.0986756148789,1211.589137099235,1213.3677374036308,7066138,0.0014660582020378232,82.27694288647476,1212.478466796875,1182.3937194824218,-0.0005291549068306978,0.027595805972564502,0.00209847879466607,15.673005182016368,11.94290530638276,3.7300998756336075,1197.5830078125,0
2023-12-12,1197.5830078125,1217.7892853568703,1195.6561708810905,1215.3438006129375,9197124,-0.014353491100136284,62.815727497029805,1211.1247802734374,1185.0899536132813,0.0014660582020378232,0.01054186153644121,-0.011181153817924616,14.519930919341732,12.458310428974555,2.0616204903671775,1202.473876953125,1
2023-12-13,1202.473876953125,1204.6477348008102,1188.813659637376,1196.5700973342687,10031182,0.004083950013251014,62.941885302735464,1208.4420654296875,1188.0381408691405,-0.014353491100136284,0.012150902893928617,-0.004938746049394149,13.841210663001675,12.734890475779979,1.1063201872216961,1217.39404296875,1
2023-12-14,1217.39404296875,1222.7297228698085,1206.7721356331074,1212.3795628682321,16972354,0.0124078920146109,67.19247548033786,1209.1435791015624,1190.6985595703125,0.004083950013251014,0.022420018218608728,0.006823394681811035,14.341927857565452,13.056297952137076,1.285629905428376,1232.9317626953125,1
2023-12-15,1232.9317626953125,1235.1055001292314,1220.3089603608373,1224.236571728094,15932152,0.012763098206618473,72.15681165848795,1213.081103515625,1194.0308776855468,0.0124078920146109,0.032579463175332,0.016363835132010784,15.810263098074074,13.607090981324477,2.203172116749597,1245.4803466796875,1
2023-12-18,1245.4803466796875,1252.3474847954778,1230.634354917611,1232.9317234441762,14165188,0.010177841437828183,74.88199392390113,1219.172607421875,1198.1178344726563,0.012763098206618473,0.03953076303874359,0.02157835494142546,17.781520905225534,14.44197696610469,3.339543939120844,1263.8094482421875,1
2023-12-19,1263.8094482421875,1271.615218807123,1247.5553868731267,1262.2778691174958,16820604,0.014716492003557846,77.59462098325945,1232.4178955078125,1203.2744018554688,0.010177841437828183,0.0503085965207708,0.025471516478945855,20.58546579723611,15.670674732330975,4.9147910649051365,1248.518798828125,0
2023-12-20,1248.518798828125,1283.9417239360823,1244.9864450577063,1270.207325538083,17736722,-0.012098856702907224,75.5546519906734,1241.6268798828125,1206.9364929199219,0.014716492003557846,0.034452770425065005,0.005550716609778128,21.327929610683896,16.80212570800156,4.525803902682334,1266.0079345703125,1
2023-12-21,1266.0079345703125,1271.4176728398502,1244.1218397625619,1248.44470925444,13765454,0.014007907416855092,77.01064255992638,1251.349658203125,1211.243310546875,-0.012098856702907224,0.04521356159128054,0.011713973205727424,23.06172343130129,18.05404525266151,5.007678178639779,1267.242919921875,1
2023-12-22,1267.242919921875,1275.07341611771,1258.6465136069178,1264.5504141598008,16541784,0.0009754957436201028,75.14305639308319,1258.2118896484376,1215.4315490722656,0.014007907416855092,0.042627962791616625,0.007177670428754945,24.25581459024238,19.294399120177687,4.9614154700646935,1273.66552734375,1
2023-12-26,1273.66552734375,1280.5326657287192,1266.0819312708138,1268.7003790735205,7465664,0.005068173844893886,74.74413557785748,1263.84892578125,1219.9804443359376,0.0009754957436201028,0.04400487176418166,0.007767227049255032,25.427281308647707,20.520975557871694,4.9063057507760135,1278.01318359375,1
2023-12-27,1278.01318359375,1284.4603381656593,1271.2201029702012,1275.6170305456778,9204156,0.003413499193204217,73.37781052422696,1266.6896728515626,1224.7343688964843,0.005068173844893886,0.043502343079725225,0.008939451378565444,26.402149107299692,21.697210267757296,4.704938839542397,1287.2518310546875,1
2023-12-28,1287.2518310546875,1290.4383794995902,1278.0132649417642,1279.470665481518,12302636,0.007228914051542468,76.1811622170974,1274.436279296875,1229.7946044921875,0.003413499193204217,0.04672099418278508,0.010055859179466387,27.602041349768115,22.87817648415946,4.723864865608654,1277.074462890625,0
2023-12-29,1277.074462890625,1291.4264140714613,1274.2831724837226,1289.9937398232034,10864584,-0.007906275927161754,71.32710661554776,1276.6495849609375,1234.9202880859375,0.007228914051542468,0.03413513828493686,0.00033280700882420966,27.415704861694167,23.785682159666404,3.6300227020277624,1279.69287109375,1
2024-01-01,1279.69287109375,1287.8940202608817,1271.2447008145452,1274.9006856426909,4030540,0.002050317565037041,71.48710352788294,1279.1395751953125,1239.7606689453125,-0.007906275927161754,0.03220960557041108,0.0004325531858810905,27.166160918732203,24.461777911479565,2.7043830072526376,1290.2900390625,1
2024-01-02,1290.2900390625,1291.920402508132,1271.1706293129728,1277.099135940161,7448800,0.008281024461512132,82.26992905728106,1282.4644775390625,1244.4911193847656,0.002050317565037041,0.0368013230181794,0.006101971368793091,27.506421531653814,25.070706635514416,2.435714896139398,1276.25927734375,0
2024-01-03,1276.25927734375,1301.3071935056118,1273.2455715878027,1289.450180352941,9037536,-0.010874114574227378,74.14713030861347,1282.1136962890625,1248.0865112304687,0.008281024461512132,0.022572767079668488,-0.00456622447935584,26.340280945619043,25.324621497535343,1.0156594480836993,1282.854736328125,1
2024-01-04,1282.854736328125,1289.3761903993159,1274.1843914947026,1278.581319191514,9612778,0.005167804929185005,72.65730495638844,1281.23427734375,1251.4348754882812,-0.010874114574227378,0.0251070682584138,0.0012647639959606494,25.652597374737297,25.390216672975736,0.26238070176156114,1288.3138427734375,1
2024-01-05,1288.3138427734375,1294.3165279752034,1283.521657474919,1285.9424160498672,8086406,0.004255436169599225,70.60657426433318,1283.4821533203126,1255.1562438964843,0.005167804929185005,0.026417108657340815,0.0037645162736588134,25.256960933077153,25.36356552499602,-0.10660459191886673,1278.26025390625,0
2024-01-08,1278.26025390625,1300.2944657165137,1269.1698042070248,1289.4502625359673,7734652,-0.00780367992130282,62.42749206543138,1283.1956298828125,1258.407049560547,0.004255436169599225,0.015776456713776366,-0.003846160212541583,23.857165054244888,25.062285430845794,-1.205120376600906,1274.8759765625,0
2024-01-09,1274.8759765625,1287.8693113555237,1273.245613077726,1284.5098000629723,5403074,-0.0026475651835438097,54.731719436183354,1280.1128173828124,1261.39970703125,-0.00780367992130282,0.0106835838443049,-0.004090921322871477,22.21861151429971,24.49355064753658,-2.2749391332368702,1309.261474609375,1
2024-01-10,1309.261474609375,1313.6584025883456,1272.183577934786,1273.1469362430112,11102740,0.026971641696151405,72.32617489653589,1286.7132568359375,1266.9836303710938,-0.0026475651835438097,0.03336889540230148,0.017523887046041686,23.424643639001715,24.27976924582961,-0.8551256068278938,1343.696044921875,1
2024-01-11,1343.696044921875,1346.265040325212,1312.6701695941608,1313.6582540274271,23725852,0.026300758847864092,75.39157349947695,1298.8815185546875,1274.0447387695312,0.026971641696151405,0.05466943509347466,0.03450239742963945,26.849510386828115,24.79371747402931,2.055792912798804,1354.39208984375,1
2024-01-12,1354.39208984375,1356.961085397271,1329.7147038034357,1343.6961234746648,15012164,0.007960167005252261,76.82484192744067,1312.09716796875,1280.8946411132813,0.026300758847864092,0.05737977689296048,0.03223459581158661,30.080078967789404,25.85098977278133,4.229089195008076,1377.5130615234375,1
2024-01-15,1377.5130615234375,1379.810309335981,1349.7231898438201,1358.6159487812977,8610594,0.017071106552575044,78.98509789705153,1331.9477294921876,1288.1237060546875,0.007960167005252261,0.06939500845189395,0.034209549686023966,34.11276629236022,27.50334507669711,6.609421215663112,1358.24560546875,0
2024-01-16,1358.24560546875,1379.6623844587446,1354.1697570573224,1373.4126778584214,9069024,-0.013987131296874233,70.67213760289457,1348.6216552734375,1293.7619689941407,0.017071106552575044,0.049841963220439434,0.007136137965515044,35.34652463867428,29.071980989092545,6.274543649581737,1345.35107421875,0
2024-01-17,1345.35107421875,1369.7568331827044,1338.8791932605309,1343.30084717423,12197382,-0.009493519580024645,64.69265899561827,1355.8395751953126,1297.8390502929688,-0.013987131296874233,0.03660856399339818,-0.007735797928048904,34.88171145258252,30.233927081790544,4.647784370791978,1351.6500244140625,1
2024-01-18,1351.6500244140625,1354.663730119792,1335.1490629645289,1335.2972997496222,10279438,0.004682012239050959,69.23668895800836,1357.43037109375,1302.9956115722657,-0.009493519580024645,0.03734042725062414,-0.004258300685456073,34.62250955367426,31.11164357616729,3.510865977506974,1351.156005859375,0
2024-01-19,1351.156005859375,1359.6041759840746,1342.8067406703178,1359.6041759840746,10422704,-0.00036549294992371806,68.6381094524829,1356.783154296875,1307.2530151367187,0.004682012239050959,0.03358415717103158,-0.004147419150716147,33.985463741862986,31.686407609306432,2.2990561325565544,1312.7442626953125,0
2024-01-23,1312.7442626953125,1355.4048574857818,1306.791150318716,1355.4048574857818,20055420,-0.02842879948539434,55.114228757788325,1343.82939453125,1309.5280822753907,-0.00036549294992371806,0.0024559843072120557,-0.023131754642694458,30.034870403374953,31.356100168120136,-1.3212297647451834,1327.8619384765625,1
2024-01-24,1327.8619384765625,1333.4199132911328,1308.1497027138623,1319.314984194113,21919128,0.011516085966515988,61.69524293284508,1337.7526611328126,1312.2379028320313,-0.02842879948539434,0.011906404784385538,-0.0073935361473133066,27.803366905304756,30.64555351555706,-2.8421866102523055,1336.952392578125,1
2024-01-25,1336.952392578125,1347.895500834099,1319.2903820615336,1326.9480369708251,11808872,0.006845933178860397,62.12359961219188,1336.0729248046875,1315.18486328125,0.011516085966515988,0.016550927481454814,0.0006582483314419019,26.463354897478894,29.809113791941428,-3.3457588944625343,1430.795654296875,1
2024-01-29,1430.795654296875,1435.1925816017736,1343.9677382154596,1348.241154971167,23893438,0.0701919247384617,72.87078558997331,1351.90205078125,1322.3620544433593,0.006845933178860397,0.08199993299048502,0.05835748490065029,32.5979834056925,30.366887714691646,2.2310956910008564,1390.8524169921875,0
2024-01-30,1390.8524169921875,1442.5786154279806,1387.6905949006082,1442.5538891928095,14093978,-0.027916800826681687,66.49060808329521,1359.8413330078124,1328.0509521484375,0.0701919247384617,0.04728844532821097,0.022804928215986786,33.84647417949509,31.062805007652337,2.783669171842753,1409.6259765625,1
2024-01-31,1409.6259765625,1417.1601204834947,1385.788439238697,1387.2705659116798,15130226,0.013497880394033102,68.88461122615028,1379.21767578125,1334.547607421875,-0.027916800826681687,0.056257542798090254,0.022047499328940567,35.93652755284711,32.03754951669129,3.8989780361558175,1409.650634765625,1
2024-02-01,1409.650634765625,1426.1515960154993,1401.1531330404457,1417.9011153905622,13349362,1.7492727528489738e-05,65.56850088899255,1395.5754150390626,1340.5156372070312,0.013497880394033102,0.051573436101526315,0.010085603095959073,37.16646771566161,33.063333156485356,4.1031345591762545,1440.3306884765625,1
2024-02-02,1440.3306884765625,1457.3258137867138,1416.0980132616144,1416.0980132616144,19652588,0.021764296027886765,65.16281769130433,1416.25107421875,1348.7192077636719,1.7492727528489738e-05,0.06792479871684542,0.017002362572678287,40.153958250754386,34.481458175339164,5.672500075415222,1421.8782958984375,0
2024-02-05,1421.8782958984375,1452.978230847658,1414.4676622830975,1443.344407147716,8814432,-0.012811219482966152,60.337549902299,1414.4676025390625,1355.6703857421876,0.021764296027886765,0.04883776384921412,0.00523921038988262,40.565004039814085,35.69816734823415,4.866836691579934,1410.7869873046875,0
2024-02-06,1410.7869873046875,1424.6695010773788,1402.9069175392074,1424.6695010773788,9047984,-0.007800462687801102,55.29193594229774,1418.4545166015625,1361.79404296875,-0.012811219482966152,0.03597676505408365,-0.005405551751666682,39.53999245920795,36.466532370428915,3.0734600887790364,1424.966064453125,1
2024-02-07,1424.966064453125,1432.2284612961826,1412.2197504708995,1418.8152626559165,9296568,0.01005047344215071,60.78589628628622,1421.5225341796875,1369.1293334960938,-0.007800462687801102,0.04078265624070099,0.0024224239789660817,39.41741697673706,37.056709291690545,2.3607076850465134,1432.845947265625,1
2024-02-08,1432.845947265625,1442.0845126481563,1410.515263064875,1432.7224367107362,14694634,0.005529874015297365,64.37734889259042,1426.1615966796876,1377.02783203125,0.01005047344215071,0.040535212096648676,0.004686951746211365,39.50077536181857,37.54552250571615,1.955252856102419,1443.344482421875,1
2024-02-09,1443.344482421875,1454.4357071881138,1433.6612057465102,1436.6749118202338,12556798,0.0073270508782083965,64.86230875556524,1426.76435546875,1383.731982421875,0.005529874015297365,0.043080958420620874,0.011620788597341836,39.95342333567919,38.02710267170876,1.9263206639704293,1435.0443115234375,0
2024-02-12,1435.0443115234375,1443.591265452315,1425.1634678173984,1443.344244359664,6674430,-0.005750651351443259,63.2614631717686,1429.39755859375,1388.2993957519532,0.0073270508782083965,0.033670630351434916,0.003950442545349375,39.19063049896317,38.259808237159646,0.9308222618035273,1447.642578125,1
2024-02-13,1447.642578125,1461.376976810473,1436.6748642883217,1438.1569910396506,7715594,0.00877900877373472,73.22049411842822,1436.7686767578125,1392.9619201660157,-0.005750651351443259,0.03925495533464929,0.0075683034736846455,39.151373840134056,38.438121357754525,0.7132524823795308,1463.7236328125,1
2024-02-14,1463.7236328125,1465.9715491065435,1440.1331160740654,1440.1331160740654,7117888,0.011108442740284996,73.30901722051584,1444.5201904296875,1397.2724487304688,0.00877900877373472,0.047557785986839685,0.013293993749647903,39.9572668735002,38.74195046090367,1.215316412596536,1453.076904296875,0
2024-02-15,1453.076904296875,1467.0335965408115,1449.0505085860837,1465.674980481667,10006782,-0.0072737286445034854,69.81699797349546,1448.5663818359376,1402.014013671875,0.011108442740284996,0.03642109859605913,0.003113783750262611,39.28399940411032,38.850360249545,0.43363915456532,1443.17138671875,0
2024-02-16,1443.17138671875,1459.4007219371786,1441.170612214809,1458.8819534815811,9767498,-0.006816925896236836,52.95993049059486,1448.5317626953124,1406.905029296875,-0.0072737286445034854,0.025777402643872627,-0.0037005581200292292,37.51864600272529,38.58401740018106,-1.0653713974557704,1456.4364013671875,1
2024-02-19,1456.4364013671875,1461.8708655513933,1436.2053974591388,1444.6288410678121,6729828,0.009191572650700364,67.98040997947828,1452.8101806640625,1412.1443481445312,-0.006816925896236836,0.03136510320694419,0.0024960044687101224,36.76614925276658,38.22044377069817,-1.4542945179315865,1453.496826171875,0
2024-02-20,1453.496826171875,1457.9184795791293,1444.3817720340203,1457.4491636292228,7117496,-0.002018334060143734,63.17108818058013,1453.9810302734375,1417.2613891601563,0.009191572650700364,0.02556722231259756,-0.00033301954529030287,35.523102789181394,37.680975574394814,-2.1578727852134207,1450.2115478515625,0
2024-02-21,1450.2115478515625,1470.7884795851646,1440.1825868389801,1456.4365283424868,12720292,-0.0022602583377943075,61.94353084955339,1451.27861328125,1424.1347534179688,-0.002018334060143734,0.018310622903491725,-0.0007352588399790472,33.88231081877825,36.9212426232715,-3.0389318044932523,1464.0941162109375,1
2024-02-22,1464.0941162109375,1467.2559381666686,1440.6271108051608,1450.6561919754163,18493728,0.009572788452789194,57.76555344577236,1453.4820556640625,1430.9463623046875,-0.0022602583377943075,0.023164917134183893,0.007301129384790883,33.31810819463726,36.20061573754465,-2.8825075429073905,1475.82763671875,1
2024-02-23,1475.82763671875,1479.7059164315408,1465.6750448712426,1471.7517883622584,14438584,0.008014184592298523,68.43961718287787,1460.0133056640625,1437.8901245117188,0.009572788452789194,0.026384152419096862,0.010831634885337227,33.43238289492615,35.646969169020956,-2.214586274094806,1469.6026611328125,0
2024-02-26,1469.6026611328125,1476.7169415654328,1464.8352018923576,1475.753583346703,7513106,-0.004217955695542952,70.79465591266053,1462.6465576171875,1439.8304748535156,0.008014184592298523,0.020677563643265673,0.004755833512477103,32.64433928977951,35.046443193172664,-2.4021039033931544,1467.94775390625,0
2024-02-27,1467.94775390625,1482.0772898132236,1460.4383358684995,1465.3540321072526,10826044,-0.001126091609882418,66.67301186836832,1465.5367431640625,1443.6852416992188,-0.004217955695542952,0.016805957078617872,0.0016451383791185048,31.522895554969864,34.341733665532104,-2.8188381105622398,1438.2803955078125,0
2024-02-28,1438.2803955078125,1473.5056294891751,1432.8953836215212,1465.3292067243183,8647950,-0.020210091482814607,51.80326620484948,1463.1505126953125,1445.1179626464843,-0.001126091609882418,-0.004731494117027002,-0.016997647864460674,27.918409388448936,33.05706881011547,-5.138659421666532,1443.393798828125,1
2024-02-29,1443.393798828125,1461.352161163495,1437.1935448412644,1447.5437052316252,23628976,0.0035552200643791387,50.01697073975623,1459.01044921875,1446.8051208496095,-0.020210091482814607,-0.0023578310391113577,-0.010703590504774763,25.184130071131904,31.482481062318758,-6.2983509911868545,1474.345458984375,1
2024-03-01,1474.345458984375,1482.1266237591103,1445.0734581651325,1446.061542580972,12132926,0.021443669898941753,61.70026420127267,1458.714013671875,1448.505859375,0.0035552200643791387,0.017838795364296445,0.010715908098498872,25.22396811052886,30.23077847196078,-5.006810361431921,1489.4384765625,1
2024-03-04,1489.4384765625,1494.4282305064353,1469.503825173054,1472.7150995331629,10024420,0.010237097069856427,62.26084702087401,1462.6811767578124,1451.8838684082032,0.021443669898941753,0.025866123986535206,0.018293323404898088,26.171729023860962,29.418968582340817,-3.247239558479855,1482.32421875,0
2024-03-05,1482.32421875,1489.4384990399915,1468.3429205099196,1487.8328618357061,7107668,-0.004776469739736444,55.75948764236566,1465.5564697265625,1455.4607299804688,0.010237097069856427,0.018457034405793715,0.011441216609392013,26.04850428403438,28.74487572267953,-2.6963714386451514,1485.0909423828125,1
2024-03-06,1485.0909423828125,1491.0194491388315,1460.8828731290673,1475.654687549837,7805676,0.0018664767112457348,60.42138709167248,1474.9185791015625,1458.466973876953,-0.004776469739736444,0.018254762694479565,0.006896898191794731,25.875818931129288,28.171064364369485,-2.295245433240197,1461.302734375,0
2024-03-07,1461.302734375,1485.1896018011073,1457.9679496051947,1485.0660912540775,8315726,-0.01601801433765704,55.41297376093294,1478.5003662109375,1459.8898132324218,0.0018664767112457348,0.0009678272495441398,-0.011631807626812485,23.548008184713126,27.246453128438215,-3.6984449437250895,1449.12451171875,0
2024-03-11,1449.12451171875,1471.257625711574,1446.0614742974403,1471.257625711574,11277130,-0.008333812268857876,47.80283428105263,1473.4561767578125,1460.1788146972656,-0.01601801433765704,-0.007570513191432315,-0.016513327931205857,20.484389317538216,25.894040366258217,-5.409651048720001,1457.844482421875,1
2024-03-12,1457.844482421875,1470.269595576354,1447.568380480176,1449.1245651727334,9432678,0.006017406118389745,51.26257577368924,1467.1373779296875,1461.3188232421876,-0.008333812268857876,-0.0023775378548838155,-0.0063340322778265845,18.546287989744314,24.42448989095544,-5.878201901211124,1415.10986328125,0
2024-03-13,1415.10986328125,1465.4279903850718,1410.7622676768488,1462.142657909758,13522134,-0.029313565099640226,41.70656874434348,1453.6945068359375,1459.6921875,0.006017406118389745,-0.030542277749054603,-0.026542470493796877,13.40744937709519,22.22108178818339,-8.8136324110882,1414.4180908203125,0
2024-03-14,1414.4180908203125,1431.2649780682007,1408.514310659922,1422.5450608782721,18571102,-0.0004888471763835334,37.482898201235265,1439.5599365234375,1457.2269104003906,-0.029313565099640226,-0.029376907106605565,-0.017464952354705687,9.173318195063302,19.611529069559374,-10.438210874496072,1401.3260498046875,0
2024-03-15,1401.3260498046875,1416.1473166057365,1396.0645483366263,1408.9589780840722,19223818,-0.00925613232791167,31.355132221210013,1427.564599609375,1454.6393676757812,-0.0004888471763835334,-0.03665053968412635,-0.018379938681490904,4.707060370913723,16.630635329830245,-11.923574958916522,1422.32275390625,1
2024-03-18,1422.32275390625,1424.5459437848976,1399.6462653903534,1403.0798345242215,9169392,0.014983453782571932,38.982271708637256,1422.204248046875,1453.5969360351562,-0.00925613232791167,-0.02151503030421209,8.332548544820462e-05,2.8291645638450973,13.870341176633216,-11.041176612788119,1408.267333984375,0
2024-03-19,1408.267333984375,1420.4701525728194,1400.3626585436627,1411.7256294896865,8275764,-0.009882018608837861,36.852412003760584,1412.288818359375,1451.1884826660157,0.014983453782571932,-0.0295765499756373,-0.002847494310456722,0.20440740426761295,11.137154422160096,-10.932747017892483,1426.5469970703125,1
2024-03-20,1426.5469970703125,1427.7821026954816,1407.0570544283007,1410.9352137218616,8488806,0.012980250727125275,47.278589532479124,1414.5762451171875,1449.8409912109375,-0.009882018608837861,-0.01606658542684014,0.008462429645942127,-0.3961489549765247,8.830493746732772,-9.226642701709297,1433.685791015625,1
2024-03-21,1433.685791015625,1440.5283239841642,1427.460931435626,1435.2173701383908,13006936,0.005004247290817165,47.76931068760701,1418.42978515625,1449.0147033691405,0.012980250727125275,-0.010578852179949472,0.010755559435530637,-0.29267936096903213,7.005859125192412,-7.298538486161444,1437.6876220703125,1
2024-03-22,1437.6876220703125,1442.6033181580033,1430.1040255590262,1432.6977472783171,19527608,0.002791288774545597,40.38615328960216,1425.702099609375,1447.6943786621093,0.005004247290817165,-0.006912202422893032,0.00840675093641341,0.11095632372371256,5.626878564898673,-5.515922241174961,1424.3978271484375,0
2024-03-26,1424.3978271484375,1435.0939139473653,1421.853557874578,1427.7820647176966,11415906,-0.00924386822134371,32.7796318525083,1426.1171142578125,1445.1228881835937,0.002791288774545597,-0.014341383147841502,-0.0012055721736918823,-0.634223932165014,4.374658065485936,-5.00888199765095,1475.061767578125,1
2024-03-27,1475.061767578125,1482.1265951381042,1429.7581221098912,1430.74620650665,16326644,0.03556867292553645,48.43749507564337,1439.4760009765625,1445.3958435058594,-0.00924386822134371,0.02052442879613503,0.024721333719645466,2.830740903705191,4.065874633129788,-1.2351337294245965,1468.1451416015625,0
2024-03-28,1468.1451416015625,1488.0056133770977,1461.0309823617722,1475.0864584455267,21854364,-0.0046890415903863,46.41809930653246,1447.7956298828126,1445.405712890625,0.03556867292553645,0.015732211729993617,0.014055513981898748,4.961444148451164,4.244988536194064,0.7164556122571009,1467.0831298828125,0
2024-04-01,1467.0831298828125,1476.1734586788064,1464.8352136106084,1474.691331987126,5013880,-0.0007233697055262223,51.351687718547055,1454.47509765625,1446.845849609375,-0.0046890415903863,0.013987170975333196,0.008668441451406883,6.489538984879346,4.69389862593112,1.7956403589482255,1469.232177734375,1
2024-04-02,1469.232177734375,1476.198221604726,1457.4246163768214,1466.317376747934,8910166,0.0014648439531399493,54.93337390518885,1460.7840087890625,1448.1377685546875,-0.0007233697055262223,0.01456657621791102,0.0057833114919678685,7.784243440497448,5.311967588844386,2.4722758516530625,1454.0650634765625,0
2024-04-03,1454.0650634765625,1466.7619246317818,1451.397283687729,1464.4152240453116,7008292,-0.010323156875859385,49.10116293450372,1466.7174560546875,1447.1237487792969,0.0014648439531399493,0.004796628279454929,-0.008626332580890295,7.4999914527888905,5.749572361633287,1.750419091155603,1445.4935302734375,0
2024-04-04,1445.4935302734375,1462.1180033355356,1432.7224901750476,1462.1180033355356,14490272,-0.005894875971114488,58.62798344722782,1460.80380859375,1444.9265014648438,-0.010323156875859385,0.00039242744043987976,-0.010480721798672654,6.508047885499991,5.901267466406628,0.6067804190933632,1442.7021484375,0
2024-04-05,1442.7021484375,1453.2747249138113,1438.651026127194,1443.4679380450307,7442298,-0.0019310925835893666,57.937116380529964,1455.7152099609375,1442.9453979492187,-0.005894875971114488,-0.00016857845907713997,-0.008939290758517737,5.434043999594451,5.807822773044192,-0.3737787734497413,1468.268798828125,1
2024-04-08,1468.268798828125,1473.2092211870183,1443.5914132686094,1445.542855977216,8357118,0.01772136432895355,67.55640414416871,1455.95234375,1442.1042907714843,-0.0019310925835893666,0.0181432842437792,0.008459380645936765,6.570166410748698,5.960291500585093,0.6098749101636045,1446.2098388671875,0
2024-04-09,1446.2098388671875,1472.0482715276003,1445.0735176190665,1471.2577557160955,7071414,-0.01502378854508346,56.229914976717765,1451.3478759765626,1441.3496459960938,0.01772136432895355,0.003371973542016571,-0.0035401830218808605,5.625728001968355,5.893378800861745,-0.2676507988933903,1461.9449462890625,1
2024-04-10,1461.9449462890625,1469.281521297736,1448.877554057703,1448.877554057703,9138330,0.010880238122429331,63.87789715269673,1452.9238525390624,1441.9906677246095,-0.01502378854508346,0.013838008116890288,0.006208923980589365,6.076894763763448,5.930081993442085,0.14681277032136286,1449.6680908203125,0
2024-04-12,1449.6680908203125,1468.7627741208264,1445.6415744118667,1458.2891033204971,15551012,-0.008397618186589795,56.169255864128374,1453.7587646484376,1441.5818481445312,0.010880238122429331,0.005609284471907783,-0.0028138601311300526,5.381770340155526,5.820419662784774,-0.4386493226292476,1447.3707275390625,0
2024-04-15,1447.3707275390625,1464.4646364315843,1429.0911655763507,1443.591352839028,12902062,-0.0015847512239508532,53.74830734869787,1454.69248046875,1443.194891357422,-0.008397618186589795,0.0028934665765847356,-0.005033196382047911,4.592561024691804,5.57484793516618,-0.9822869104743761,1448.2847900390625,1
2024-04-16,1448.2847900390625,1453.6451964542034,1433.6364862387566,1436.0325186728678,9366184,0.0006315330845154676,52.95250792441537,1450.6956787109375,1444.8882263183593,-0.0015847512239508532,0.0023507449634063704,-0.0016618845063475218,3.9948144268248598,5.258841233497916,-1.2640268066730567,1446.876708984375,0
2024-04-18,1446.876708984375,1468.2934876101954,1441.9610129858208,1446.0615875622616,19005692,-0.0009722404490967174,56.7069612945757,1450.829052734375,1447.1657592773438,0.0006315330845154676,-0.0001997354422710318,-0.0027241967222472185,3.368643937787965,4.880801774355926,-1.5121578365679609,1452.607666015625,1
2024-04-19,1452.607666015625,1456.4364932961696,1425.8306012864564,1439.4167626045175,15741778,0.003960915947892163,40.8459521814168,1448.9615966796875,1448.6800048828125,-0.0009722404490967174,0.0027111999334388237,0.0025163326235093653,3.2968357800632475,4.5640085754973905,-1.267172795434143,1462.2166748046875,1
2024-04-22,1462.2166748046875,1465.1562017707047,1450.3103301575065,1454.9048261235944,10350362,0.006615006249704791,47.63501076190383,1451.4713134765625,1451.3774719238281,0.003960915947892163,0.007468217669447386,0.007403082119747717,3.9695356649615405,4.445113993390221,-0.4755783284286803,1441.936279296875,0
2024-04-23,1441.936279296875,1475.7041133303053,1438.20635702296,1461.3768889290402,14605554,-0.013869624014868687,41.30206965505186,1450.384423828125,1452.1469360351562,0.006615006249704791,-0.007031421190860754,-0.0058247623129817905,2.833533532392721,4.122797901190721,-1.2892643687980003,1432.895263671875,0
2024-04-24,1432.895263671875,1451.0513135165108,1432.2282584925008,1446.0614393265091,10462776,-0.006270052120062264,38.00354003414295,1447.3065185546875,1452.1074096679688,-0.013869624014868687,-0.013230526797247566,-0.00995729287338798,1.189991771464065,3.5362366752453904,-2.3462449037813253,1442.57861328125,1
2024-04-25,1442.57861328125,1450.4832891142164,1424.3237766526493,1425.31186113177,15943926,0.006757890722983495,46.06533343703455,1446.4468994140625,1452.3519592285156,-0.006270052120062264,-0.006729323346977956,-0.0026743367726664857,0.6612163803565636,2.9612326162676252,-2.3000162359110616,1435.2421875,0
2024-04-26,1435.2421875,1447.5437912682185,1432.7225237808307,1446.5062542977878,9413848,-0.005085633263730904,46.45845018450185,1442.9738037109375,1452.8941772460937,0.006757890722983495,-0.012149535749088392,-0.005358112663621406,-0.34584350554359844,2.2998173919053806,-2.645660897448979,1447.568359375,1
2024-04-29,1447.568359375,1450.4091019997668,1432.7223672737166,1432.7223672737166,7247974,0.008588217363141082,51.57723065138709,1440.044140625,1451.5195068359376,-0.005085633263730904,-0.00272207672189706,0.005224991746943575,-0.14762493602916038,1.8103289263184725,-1.957953862347633,1449.5198974609375,1
2024-04-30,1449.5198974609375,1465.403306850403,1445.4440490785064,1450.5079819172845,11474262,0.001348149172575308,42.824721404418845,1441.5608642578125,1450.5882446289063,0.008588217363141082,-0.0007364923657174893,0.005521121862047007,0.16503510034385727,1.4812701611235497,-1.3162350607796924,1449.0753173828125,0
2024-05-02,1449.0753173828125,1459.7218309784546,1446.6791643138517,1454.460329459568,14512646,-0.0003067085032111283,51.31401881296083,1444.796875,1449.6878540039063,0.001348149172575308,-0.0004225300083752215,0.002961276049834094,0.3726508479610402,1.259546298491048,-0.8868954505300077,1416.9129638671875,0
2024-05-03,1416.9129638671875,1457.374969923783,1399.275682268563,1453.4720849711525,17226958,-0.022195087536038938,32.05355978773791,1439.6637451171875,1447.0718933105468,-0.0003067085032111283,-0.020841348368921042,-0.015802843773181308,-2.034591805128912,0.600718677767056,-2.6353104828959677,1402.610595703125,0
2024-05-06,1402.610595703125,1422.841600588335,1401.1037428015688,1418.3952205864964,7394208,-0.01009403437528511,31.544295701081694,1433.1374267578126,1444.499169921875,-0.022195087536038938,-0.028998683482120313,-0.02130070046649224,-5.03835155149045,-0.5270953680844453,-4.5112561834060045,1384.775634765625,0
2024-05-07,1384.775634765625,1403.8209867220144,1375.4135586957902,1399.1028593353728,14517472,-0.012715546989404691,28.117470637888204,1420.5788818359374,1441.4632751464844,-0.01009403437528511,-0.039326454831184465,-0.025203279823532765,-8.75703938708466,-2.173084171884488,-6.583955215200172,1401.6473388671875,1
2024-05-08,1401.6473388671875,1415.8756594095175,1380.8481115524094,1380.8481115524094,9439002,0.01218370953242398,35.33255834666781,1411.0043701171876,1439.4105346679687,-0.012715546989404691,-0.026235180923899537,-0.0066314686532281675,-10.224855006447115,-3.783438338797014,-6.441416667650101,1377.5130615234375,0
2024-05-09,1377.5130615234375,1406.7850596926346,1373.4372136770937,1396.1631531839807,11009612,-0.01721850901757882,30.913546707189028,1396.6919189453124,1434.8727478027345,0.01218370953242398,-0.03997545173753814,-0.013731630549103091,-13.183571932156383,-5.663465057468888,-7.520106874687495,1390.6546630859375,1
2024-05-10,1390.6546630859375,1393.1989320382118,1371.535134440886,1380.1068144144485,10505096,0.009540092162876768,33.62069466309595,1391.4402587890625,1432.094989013672,-0.01721850901757882,-0.0289368556175702,-0.0005645917589078842,-14.30308196945407,-7.391388439865924,-6.911693529588145,1385.9859619140625,0
2024-05-13,1385.9859619140625,1390.210046915121,1367.5088315833425,1383.2193979190515,8456620,-0.0033571966468762815,29.305314561657696,1388.11533203125,1428.2970397949218,0.009540092162876768,-0.02962344435505826,-0.0015340008629337598,-15.389624890227651,-8.99103572993827,-6.398589160289381,1403.154052734375,1
2024-05-14,1403.154052734375,1410.0706442572628,1383.3430308132884,1384.281662845081,7188300,0.01238691537438319,39.29065018452075,1391.791015625,1425.971337890625,-0.0033571966468762815,-0.01600122285066574,0.008164327102134772,-14.69599030527911,-10.13202664500644,-4.563963660272671,1399.399169921875,0
2024-05-15,1399.399169921875,1412.935877106148,1396.1878958233801,1403.5738021267655,5046534,-0.0026760303369275373,40.472208989179144,1391.3413818359375,1423.5727600097657,0.01238691537438319,-0.016980930491901858,0.0057913810306604585,-14.284603543649382,-10.96254202473503,-3.322061518914353,1408.3660888671875,1
2024-05-16,1408.3660888671875,1410.4904944706304,1381.3667306256436,1401.6471872524828,14711774,0.006407692056736858,40.2285986825453,1397.5119873046874,1421.5768249511718,-0.0026760303369275373,-0.009293015932809734,0.007766732350850125,-13.084194700083799,-11.386872559804782,-1.6973221402790166,1418.5927734375,1
2024-05-17,1418.5927734375,1420.0749000882806,1396.4103261437938,1406.0936018418706,10916476,0.007261382286290585,45.32201129642765,1403.099609375,1420.1626281738281,0.006407692056736858,-0.0011054049058781823,0.011042098478953655,-11.178791911623648,-11.345256430168558,0.16646451854490962,1419.0128173828125,1
2024-05-21,1419.0128173828125,1424.6448506468714,1408.6132041549795,1408.6132041549795,11176128,0.0002960990307985245,41.40145603339335,1409.70498046875,1418.4828857421876,0.007261382286290585,0.0003735904366217735,0.006602684280059501,-9.52505354996606,-10.981215854128058,1.4561623041619978,1443.2454833984375,1
2024-05-22,1443.2454833984375,1451.2736690394956,1419.1609264752628,1419.1609264752628,10281604,0.017077129761462695,48.33419540341639,1417.7232666015625,1417.534326171875,0.0002960990307985245,0.018137943294817438,0.01800225572798464,-6.187751806110782,-10.022523044524604,3.834771238413822,1468.343017578125,1
2024-05-23,1468.343017578125,1474.444366988288,1437.6629456463684,1441.1706938631594,14608260,0.017389650248958333,54.52329983292783,1431.5120361328125,1418.8546630859375,0.017077129761462695,0.034879086477083376,0.025728726350642717,-1.5004585188860347,-8.318110139396891,6.817651620510857,1462.6119384765625,0
2024-05-24,1462.6119384765625,1470.7636348065282,1458.5113640783345,1465.9467233388211,7094776,-0.0039030928284150557,62.24835266942804,1442.3612060546875,1420.3404968261718,0.017389650248958333,0.02976148447843907,0.01403998688876773,1.7318414048138493,-6.308119830554744,8.039961235368594,1448.77880859375,0
2024-05-27,1448.77880859375,1467.2066075031105,1444.134859977049,1462.587264504762,6629010,-0.009457826453420637,62.40532253641794,1448.3984130859376,1420.6505065917968,-0.0039030928284150557,0.01979959312402202,0.00026263181758245935,3.141036495068647,-4.418288565430066,7.559325060498713,1438.8485107421875,0
2024-05-28,1438.8485107421875,1460.8828419616084,1435.4396676765145,1450.5079553599196,7820162,-0.006854253936252164,65.1738692861415,1452.3655517578125,1420.8308227539062,-0.009457826453420637,0.01268109313208643,-0.009306913813306283,3.4171509224077,-2.8512006678625132,6.268351590270213,1423.607421875,0
2024-05-29,1423.607421875,1440.6271526936466,1421.310053120064,1429.264181324664,7383556,-0.01059255978193685,56.21933065195852,1448.437939453125,1419.6327758789062,-0.006854253936252164,0.0027997705206779244,-0.01714296270608595,2.3787246419158237,-1.805215605906846,4.18394024782267,1407.8720703125,0
2024-05-30,1407.8720703125,1423.2368313836507,1403.178669288835,1418.3951935729253,13206858,-0.011053153643843294,59.02746268700058,1436.34375,1417.5503845214844,-0.01059255978193685,-0.006827492210974562,-0.019822329917542403,0.2827931050130701,-1.3876138637228628,1.6704069687359329,1413.3560791015625,1
2024-05-31,1413.3560791015625,1425.0648561889025,1405.3031663821573,1414.2453792660226,31069832,0.0038952465246684387,57.072511785618126,1426.492578125,1415.764422607422,-0.011053153643843294,-0.0017010905680366895,-0.009208950137479244,-0.9250704248288457,-1.2951051759440593,0.37003475111521356,1492.32861328125,1
2024-06-03,1492.32861328125,1496.4539141466187,1441.6152266357983,1465.3292536675044,21527942,0.05587589380157376,72.64591733019311,1435.2025390625,1419.535205078125,0.0038952465246684387,0.05127974842942962,0.03980349300111041,4.438943159284918,-0.14829550889826382,4.587238668183182,1380.625732421875,0
2024-06-04,1380.625732421875,1480.1999676014107,1343.1032493273078,1480.1999676014107,36709098,-0.07485139657931561,46.57966450495651,1423.5579833984375,1418.4359619140625,0.05587589380157376,-0.026656282347188753,-0.030158413972061093,-0.3198394648413796,-0.182604300086887,-0.1372351647544926,1403.821044921875,1
2024-06-05,1403.821044921875,1414.097147783154,1367.6077240917773,1405.0561505394378,17464890,0.016800579588873044,50.63392507140057,1419.6007080078125,1419.388232421875,-0.07485139657931561,-0.010967533155772369,-0.011115564395626332,-2.194247196395054,-0.5849328793485203,-1.6093143170465334,1414.541748046875,1
2024-06-06,1414.541748046875,1426.497546390369,1404.41388190777,1417.9012594747105,17855722,0.0076368018301054,50.88091988575954,1420.9346435546875,1420.0329528808593,0.016800579588873044,-0.0038669559201736092,-0.004499077798412743,-2.7825818114711183,-1.02446266577304,-1.7581191456980783,1452.4346923828125,1
2024-06-07,1452.4346923828125,1454.4603137562979,1409.5024711775536,1411.4786400821138,18558696,0.026788141380951203,54.47420039643282,1428.7503662109375,1423.779034423828,0.0076368018301054,0.020126478383340363,0.016576951951855712,-0.1890184225644589,-0.8573738171313238,0.6683553945668649,1453.867431640625,1
2024-06-10,1453.867431640625,1475.5558362929214,1450.5819785928986,1452.4346368701142,9251760,0.000986439710732867,54.59578132419099,1421.0581298828124,1426.9396728515626,0.026788141380951203,0.01887098614004512,0.023087937831591798,1.9594223320177662,-0.29401458730150587,2.253436919319272,1439.31787109375,0
2024-06-11,1439.31787109375,1456.1153056542432,1437.3417023219272,1451.4959629037996,11774902,-0.01000748777380378,49.46855093371513,1432.7965576171875,1429.606268310547,0.000986439710732867,0.0067932010361704265,0.004551458085164439,2.4596953316458894,0.25672739648797316,2.202967935157916,1445.888671875,1
2024-06-12,1445.888671875,1458.4126908916728,1437.835879864395,1440.1331280315808,10081742,0.0045652186450355625,46.801306284843825,1441.2100830078125,1431.7429992675782,-0.01000748777380378,0.009880036161977523,0.003246292072438983,3.3477828400398266,0.8749384851983439,2.4728443548414827,1447.790771484375,1
2024-06-13,1447.790771484375,1454.7073627830548,1442.7021123343332,1454.4603416652449,9181160,0.0013155228658845441,47.865390653816526,1447.8598876953124,1434.162579345703,0.0045652186450355625,0.00950254339008727,-4.773680901359878e-05,4.157160966850597,1.5313829815287945,2.6257779853218026,1459.944091796875,1
2024-06-14,1459.944091796875,1462.0437710581825,1439.8612048457326,1452.4840066456875,8157998,0.008394389957355308,51.6158917278696,1449.361767578125,1436.7414794921874,0.0013155228658845441,0.016149469223153856,0.007301368406062547,5.71340971259292,2.3677883277416196,3.3456213848513006,1463.377685546875,1
2024-06-18,1463.377685546875,1469.676723437239,1453.8179209728387,1469.6272709721836,7196766,0.002351866601805197,53.61801179050198,1451.263818359375,1438.9807250976562,0.008394389957355308,0.016954334428324724,0.008347115827082696,7.14148775028184,3.322528212249664,3.8189595380321757,1441.2694091796875,0
2024-06-19,1441.2694091796875,1469.7756214798555,1438.650961260282,1469.7756214798555,8725874,-0.015107703626713098,52.55338681515171,1451.6541259765625,1440.0935546875,0.002351866601805197,0.0008165125719505895,-0.00715371286523836,6.41534464795177,3.941091499390086,2.474253148561684,1456.139892578125,1
2024-06-20,1456.139892578125,1465.1808887163045,1432.8211254931246,1441.6151005379975,16113776,0.010317629239700032,56.99555437924075,1453.7043701171874,1440.7382751464843,-0.015107703626713098,0.010690086948703215,0.001675390478974137,6.959569159130069,4.544787031338083,2.4147821277919865,1436.872314453125,0
2024-06-21,1436.872314453125,1457.1280450509373,1423.4096642387256,1456.0659025463858,31170360,-0.013231955407036033,53.27731555626326,1451.5206787109375,1439.1647399902345,0.010317629239700032,-0.0015928861188782006,-0.010091736530285944,5.769629775761359,4.789755580222738,0.9798741955386214,1424.2989501953125,0
2024-06-24,1424.2989501953125,1432.2283517054532,1420.3713387903338,1428.3007403004744,8878386,-0.00875050909627828,38.36597254840562,1444.391650390625,1437.249090576172,-0.013231955407036033,-0.009010366028944894,-0.013910839341863102,3.7685869018348512,4.585521844545161,-0.8169349427103096,1436.822998046875,1
2024-06-25,1436.822998046875,1438.576872033328,1423.8296636688654,1425.8058325289194,7045386,0.008793131420791411,64.54419543904788,1439.080712890625,1436.651300048828,-0.00875050909627828,0.0001195126458599649,-0.001568859080332552,3.1569407534204856,4.299805626320226,-1.1428648728997404,1495.9844970703125,1
2024-06-26,1495.9844970703125,1500.875466568816,1427.905458276952,1428.8194845866847,22014882,0.04117521720062789,70.10888585495985,1450.02373046875,1439.5080993652343,0.008793131420791411,0.03923312257151035,0.03169656167399726,7.361190094812628,4.912082520018707,2.4491075747939206,1512.3126220703125,1
2024-06-27,1512.3126220703125,1519.1797603831344,1488.0551018777237,1495.7127559544517,28383030,0.010914635166324516,70.82283229765866,1461.2582763671876,1443.943359375,0.04117521720062789,0.04734899208574617,0.03493861867461945,11.873757925307018,6.30441760107637,5.569340324230648,1546.747314453125,1
2024-06-28,1546.747314453125,1562.161406676686,1512.781913849386,1512.781913849386,28957336,0.02276955960049598,70.3866128588791,1483.2332763671875,1450.8871215820313,0.010914635166324516,0.06607005565434254,0.0428213411187075,18.020859088849875,8.647705898631072,9.373153190218803,1541.5599365234375,0
2024-07-01,1541.5599365234375,1560.5805616644209,1537.138282854078,1543.9066370278445,7724306,-0.003353733270596626,68.65283480755339,1506.6854736328125,1457.297314453125,0.02276955960049598,0.05782116060642961,0.023146478479372457,22.217790147504047,11.361722748405668,10.856067399098379,1546.525146484375,1
2024-07-02,1546.525146484375,1554.7509013864856,1538.4475077589818,1550.7985635373939,7749246,0.0032208997154759,73.77307355820037,1528.6259033203125,1460.0071411132812,-0.003353733270596626,0.05925861794423981,0.011709367952736915,25.64887493225092,14.219153185174719,11.4297217470762,1533.927001953125,0
2024-07-03,1533.927001953125,1556.2329594590622,1524.391963189475,1547.661278880494,9049620,-0.008146097436494082,69.01411644112983,1536.214404296875,1467.6722045898437,0.0032208997154759,0.045142775856954254,-0.0014889863923629454,27.03977171060251,16.78327689026028,10.25649482034223,1535.5079345703125,1
2024-07-04,1535.5079345703125,1548.822348177101,1532.321386398175,1538.447461634288,6837176,0.0010306439714371507,68.97107051604615,1540.853466796875,1474.2565490722657,-0.008146097436494082,0.041547304325418644,-0.0034692021932979378,27.947474390048455,19.016116390217917,8.931357999830539,1569.6956787109375,1
2024-07-05,1569.6956787109375,1579.4530127748421,1529.5547474353805,1535.3102911811948,12269710,0.02226477856019149,71.67110090836474,1545.4431396484374,1482.0142456054687,0.0010306439714371507,0.05916369114903275,0.015692935210814163,31.06737517416491,21.426368147007317,9.641007027157592,1581.824462890625,1
2024-07-08,1581.824462890625,1589.6303543798022,1563.6684106310508,1570.0662334946016,9500806,0.0077268379751467275,72.61157391483479,1553.496044921875,1488.4837341308594,0.02226477856019149,0.06270859843441157,0.018235268806348737,34.12523606295872,23.9661417301976,10.159094332761121,1571.325927734375,0
2024-07-09,1571.325927734375,1581.4290665009253,1561.6673786971023,1578.563597646217,6960002,-0.00663697862976842,75.97945097587869,1558.456201171875,1494.3566589355469,0.0077268379751467275,0.051506625502411474,0.008257996954179836,35.29461445552715,26.23183627526351,9.062778180263642,1565.3480224609375,0
2024-07-10,1565.3480224609375,1578.4648673124634,1544.5241914718106,1575.9946562525065,7134578,-0.003804370034202087,72.6184390363778,1564.7404052734375,1500.6581665039062,-0.00663697862976842,0.04310765596121047,0.0003883182062993651,35.331706342928555,28.051810288796524,7.279896054132031,1561.815673828125,0
2024-07-11,1561.815673828125,1585.1344421846698,1551.786592769845,1568.5840280306456,11940946,-0.00225658996090794,77.68168934853631,1570.001953125,1506.4545166015625,-0.003804370034202087,0.03674930548281852,-0.005214184148357726,34.67634361342698,29.376716953722617,5.299626659704362,1577.6990966796875,1
2024-07-12,1577.6990966796875,1586.023756297877,1555.7389442164904,1565.619788574804,12924784,0.010169844699170483,83.49512441120842,1571.60263671875,1512.949932861328,-0.00225658996090794,0.04279663352501317,0.0038791357423946238,35.03476445324782,30.50832645362766,4.526437999620157,1578.193115234375,1
2024-07-15,1578.193115234375,1586.7153433656392,1566.6078495211154,1585.332001053062,5329688,0.000313125966622696,82.57995438090705,1570.8763671875,1518.8623840332032,0.010169844699170483,0.03906261148138013,0.004657749139084011,34.9557308141284,31.39780732572781,3.55792348840059,1557.4681396484375,0
2024-07-16,1557.4681396484375,1580.9351457176842,1550.4280378276635,1574.5125966882063,9386838,-0.013132090988028255,67.22016555734402,1568.1048095703125,1523.5669067382812,0.000313125966622696,0.022251226880960262,-0.006783137107263637,32.84217955936879,31.686681772456005,1.1554977869127825,1567.7689208984375,1
2024-07-18,1567.7689208984375,1574.9078068261192,1539.2625884242743,1557.2210712967385,12298374,0.006613799016347954,66.07476728107011,1568.5889892578125,1529.8918823242188,-0.013132090988028255,0.024757983888819446,-0.0005228063979736408,31.633708225191185,31.676087063003042,-0.042378837811856584,1536.61962890625,0
2024-07-19,1536.61962890625,1571.029623251694,1534.2976544625544,1567.1020115011324,13140390,-0.01986854795816262,47.00735266534119,1563.5497802734376,1533.915869140625,0.006613799016347954,0.0017626519289741793,-0.01722372495391733,27.84155829476117,30.909181309354672,-3.067623014593501,1482.7935791015625,0
2024-07-22,1482.7935791015625,1519.179738244426,1481.4102368427714,1518.9327171487766,19674376,-0.03502887038023872,36.512082178086885,1544.5686767578125,1536.211932373047,-0.01986854795816262,-0.03477277590792238,-0.03999504754034078,20.259402002514662,28.77922544798667,-8.519823445472007,1470.1708984375,0
2024-07-23,1470.1708984375,1487.808182000688,1445.5675711552426,1483.1147807956386,18052044,-0.00851276997821282,33.0704330871057,1522.9642333984375,1538.5055297851563,-0.03502887038023872,-0.044416240321995426,-0.03466485542022946,13.081152296042774,25.63961081759789,-12.558458521555117,1477.8779296875,1
2024-07-24,1477.8779296875,1491.5135439533938,1458.8079713194404,1467.3054738461674,11913362,0.005242268948590256,37.29705622943727,1507.04619140625,1540.5582763671875,-0.00851276997821282,-0.040686774165723194,-0.019354590380227576,7.922900434322173,22.096268740942747,-14.173368306620574,1474.6171875,0
2024-07-25,1474.6171875,1482.595920809754,1459.474721651074,1463.3530011800513,12519876,-0.002206367739850834,36.304024908911686,1488.4158447265625,1539.4899108886718,0.005242268948590256,-0.042139102653309335,-0.00927070030559729,3.5311293660586216,18.383240865965924,-14.852111499907302,1491.044189453125,1
2024-07-26,1491.044189453125,1494.4037007697482,1472.59166375446,1474.6172851615388,9859940,0.011139841643223125,30.77296320766034,1479.3007568359376,1538.4264892578126,-0.002206367739850834,-0.03079919653980112,0.007938502405897108,1.360458407229089,14.978684374218558,-13.618225966989469,1501.9871826171875,1
2024-07-29,1501.9871826171875,1509.2990318372968,1493.7614276294273,1493.9342700426573,7538550,0.007339147452146255,30.369276484624734,1483.1394775390625,1536.1884826660157,0.011139841643223125,-0.022263739400957272,0.012707978827047661,0.5172318012080268,12.086393859616452,-11.569162058408425,1495.1199951171875,0
2024-07-30,1495.1199951171875,1506.8287716127938,1492.0075050067665,1498.9488223237445,8228208,-0.004572067977327232,30.92146641019953,1488.129296875,1533.8664855957031,0.007339147452146255,-0.025260666976153257,0.0046976417014756855,-0.6971200331522596,9.52969108106271,-10.22681111421497,1487.4869384765625,0
2024-07-31,1487.4869384765625,1492.4519658681731,1483.2628537354879,1486.0788700242824,10057346,-0.005105313731040506,30.667310849181277,1490.0510986328125,1530.9145751953124,-0.004572067977327232,-0.028367119512993977,-0.0017208538409204666,-2.2494957033914034,7.173853724171887,-9.423349427563291,1497.244384765625,1
2024-08-01,1497.244384765625,1499.9121644798522,1486.37545603751,1493.9836579008804,10764222,0.006559685357006018,34.44789936917569,1494.5765380859375,1529.0804443359375,-0.005105313731040506,-0.020820395479021703,0.0017850184394732072,-2.6617373854669495,5.20673550224412,-7.86847288771107,1481.459716796875,0
2024-08-02,1481.459716796875,1491.3405616106625,1475.4818780540024,1487.067144475012,10268248,-0.010542479323588094,26.80955605377737,1492.6596435546876,1526.3780334472656,0.006559685357006018,-0.029428041852085807,-0.007503335945454048,-4.213561363113513,3.322676129172594,-7.536237492286107,1430.079345703125,0
2024-08-05,1430.079345703125,1466.2186085334113,1416.1721046606897,1462.3650548737628,17046704,-0.0346822600109854,21.338470929056967,1478.278076171875,1519.397216796875,-0.010542479323588094,-0.05878506956992191,-0.03260464404204966,-9.480079138114661,0.7621250757151432,-10.242204213829805,1438.700439453125,1
2024-08-06,1438.700439453125,1459.8948030686215,1434.0316438440889,1437.8111393077952,10236186,0.006028402393128296,25.887707190330346,1466.9941650390624,1512.241015625,-0.0346822600109854,-0.048630195459604786,-0.019286869886891433,-12.810510609832136,-1.952402061394313,-10.858108548437823,1447.3707275390625,1
2024-08-07,1447.3707275390625,1454.954323788822,1444.0853950542364,1451.4960282823629,8174568,0.006026472118986215,25.393778577886536,1458.9709228515626,1506.0432556152343,0.006028402393128296,-0.03895806302867677,-0.007950943456657478,-14.582187378711524,-4.4783591248577554,-10.103828253853768,1431.8577880859375,0
2024-08-08,1431.8577880859375,1447.5436277380477,1428.6959662921352,1440.1577210643813,12387192,-0.010718013814954852,27.127588976796815,1445.893603515625,1499.3687438964844,0.006026472118986215,-0.04502625260488147,-0.009707363941274805,-17.04157389328293,-6.991002078542791,-10.050571814740138,1456.7330322265625,1
2024-08-09,1456.7330322265625,1458.9067698886504,1438.6510375603623,1442.6033755756382,6249776,0.017372705828472945,43.48690657349928,1440.9482666015624,1494.1146118164063,-0.010718013814954852,-0.02501921826759912,0.01095442910121136,-16.789887739426604,-8.950779210719555,-7.839108528707049,1443.2208251953125,0
2024-08-12,1443.2208251953125,1455.4483700557605,1440.3800824499558,1452.4841167562581,8184584,-0.009275692067335806,43.29440937042317,1443.5765625,1487.3906982421875,0.017372705828472945,-0.029696214383399977,-0.00024642773644878435,-17.479256838021456,-10.656474736179936,-6.82278210184152,1446.18505859375,1
2024-08-13,1446.18505859375,1452.5581548536697,1440.6270837336665,1443.344315887485,6265064,0.002053901486653187,41.92371533731339,1445.073486328125,1480.7902954101562,-0.009275692067335806,-0.02336943787629364,0.0007692150441771517,-17.583703959404147,-12.04192058082478,-5.5417833785793675,1444.43115234375,0
2024-08-14,1444.43115234375,1454.460233101401,1436.3782403810737,1446.1109681889411,6267466,-0.0012127813377531549,42.248169910545684,1444.4855712890626,1475.138446044922,0.002053901486653187,-0.020816550326854366,-3.767358178874414e-05,-17.60506440824338,-13.154549346308501,-4.450515061934878,1460.5863037109375,1
2024-08-16,1460.5863037109375,1462.760161748311,1440.676499654279,1451.1501701128775,9416902,0.011184438483602399,42.1674220559438,1450.2312744140625,1469.779315185547,-0.0012127813377531549,-0.006254688292064325,0.007140260646398389,-16.132442264415886,-13.75012792992998,-2.3823143344859066,1475.65625,1
2024-08-19,1475.65625,1485.47150978375,1467.8238660907393,1469.8067419652286,13797742,0.010317737644652603,43.369451949944214,1454.01591796875,1466.7311462402345,0.011184438483602399,0.0060850304997230875,0.014883146576195161,-13.59267202309411,-13.718636748562806,0.12596472546869641,1483.1416015625,1
2024-08-20,1483.1416015625,1491.0484162933285,1477.2674041310693,1484.4057091952604,8411808,0.005072557760318563,46.993011364576574,1462.0000732421875,1466.7485473632812,0.010317737644652603,0.011176458452055726,0.014460688961135393,-10.850799236182638,-13.145069246086774,2.2942700099041353,1485.8433837890625,1
2024-08-21,1485.8433837890625,1494.964564922092,1477.2426107826689,1480.464784262564,7769996,0.001821661683359288,49.5769369025145,1469.93173828125,1467.5321716308595,0.005072557760318563,0.012477554163500049,0.010824751308804004,-8.36342568721102,-12.188740534311624,3.8253148471006035,1485.2979736328125,0
2024-08-22,1485.2979736328125,1493.6012664349316,1477.8869991875908,1490.1312336221058,10445782,-0.0003670710938989963,46.77180896788269,1478.1051025390625,1467.903173828125,0.001821661683359288,0.011850100275567765,0.004866278508472988,-6.362827555185049,-11.02355793848631,4.66073038330126,1487.1322021484375,1
2024-08-23,1487.1322021484375,1498.3849993365056,1485.5955458508122,1490.8749048344312,9249654,0.001234922923336823,51.65782498100256,1483.4142822265626,1468.5289245605468,-0.0003670710938989963,0.012667968112005434,0.0025063260927313813,-4.576576287477565,-9.73416160828456,5.157585320806996,1499.6490478515625,1
2024-08-26,1499.6490478515625,1509.9600269352031,1490.131267553257,1494.0722092753902,8816114,0.008416767308946804,76.3085857256944,1488.212841796875,1468.9591674804688,0.001234922923336823,0.020892262392652183,0.007684523163285828,-2.126442146574391,-8.212617715942528,6.086175569368137,1487.6031494140625,0
2024-08-27,1487.6031494140625,1500.516654009415,1486.6117113802566,1497.5671500638725,6251156,-0.008032478302011592,68.02619891629791,1489.1051513671875,1468.2399658203126,0.008416767308946804,0.01318802378665107,-0.0010086607730461772,-1.1435147930567382,-6.798797131365371,5.655282338308632,1485.4715576171875,0
2024-08-28,1485.4715576171875,1494.567928369235,1480.2168879705305,1492.1141436005682,9610286,-0.0014329035251872124,64.75578323528354,1489.0307861328124,1467.7575439453126,-0.008032478302011592,0.012068760092528441,-0.0023902988096495825,-0.5304250179081009,-5.545122708673917,5.014697690765816,1507.90283203125,1
2024-08-29,1507.90283203125,1523.8401488737275,1481.2083164719252,1490.2303777286736,38335358,0.015100440192906905,77.95299474737975,1493.5517578125,1468.778338623047,-0.0014329035251872124,0.02663743900586213,0.00960868891465072,1.7453501155139293,-4.087028143836348,5.8323782593502775,1496.6995849609375,0
2024-08-30,1496.6995849609375,1526.5418444404818,1490.4534771750382,1520.865886117465,41620730,-0.00742968766443719,66.33273471016662,1495.465234375,1468.7510986328125,0.015100440192906905,0.019028742415335698,0.0008253957080142094,2.6147684723807743,-2.746668820592924,5.361437292973698,1503.267822265625,1
2024-09-02,1503.267822265625,1513.7275412609433,1493.7252318027681,1497.9388431759776,11240852,0.004388480741684075,76.01529487050661,1496.1889892578124,1469.84150390625,-0.00742968766443719,0.02274144407444023,0.004731242549327996,3.7901007196176124,-1.4393149125508167,5.229415632168429,1496.203857421875,0
2024-09-03,1496.203857421875,1509.9600595401412,1494.5927706873033,1508.2250430567562,10923800,-0.004699072739482779,70.92717058222676,1497.909130859375,1473.1477294921874,0.004388480741684075,0.01565092724110939,-0.0011384358385756466,4.104245874850449,-0.3306027550705636,4.434848629921012,1501.5823974609375,1
2024-09-04,1501.5823974609375,1504.50709100704,1486.6612078847159,1487.850885016148,11983304,0.0035947909186186955,73.20740800223655,1501.131298828125,1476.2918273925782,-0.004699072739482779,0.017131145481599885,0.00030050578064999556,4.7326562887628825,0.6820490536961257,4.050607235066757,1480.192138671875,0
2024-09-05,1480.192138671875,1512.7113538076746,1474.3179410781217,1506.0439573959175,16264168,-0.014245144871990911,57.636658776944,1495.58916015625,1477.9328979492188,0.0035947909186186955,0.0015286490515171725,-0.010294953918204675,3.4647217946805995,1.2385836018930205,2.226138192787579,1452.2830810546875,0
2024-09-06,1452.2830810546875,1484.182646260627,1449.110527949692,1479.721175380084,19394228,-0.01885502353919355,41.72371552538692,1486.705859375,1478.9541625976562,-0.014245144871990911,-0.01803374453209783,-0.023153724795827224,0.20547824387563196,1.031962530289543,-0.826484286413911,1449.9283447265625,0
2024-09-09,1449.9283447265625,1457.339440034618,1443.1370191466497,1453.943716732093,9010298,-0.0016214031264586426,37.79598054052697,1476.0379638671875,1478.6139282226563,-0.01885502353919355,-0.019400320089352108,-0.017688988887669455,-2.5382439972481734,0.3179212247819997,-2.856165222030173,1449.0113525390625,0
2024-09-10,1449.0113525390625,1459.4462610127246,1445.0951000796938,1447.9951044503912,10768260,-0.0006324396587149561,36.28641240025961,1466.599462890625,1478.9034545898437,-0.0016214031264586426,-0.020212341757678498,-0.011992442924325775,-4.732108446165512,-0.6920847094075027,-4.040023736758009,1439.0721435546875,0
2024-09-11,1439.0721435546875,1456.1744477064742,1435.1560121734635,1450.5232999620255,9760202,-0.0068593037362743026,33.9140740489015,1454.097412109375,1478.5478088378907,-0.0006324396587149561,-0.026698944090438492,-0.010333055013756809,-7.189892324314087,-1.9916462323888195,-5.1982460919252675,1467.1298828125,1
2024-09-12,1467.1298828125,1473.2767495080643,1433.4953029575859,1444.5250498204912,22349376,0.01949710400793836,44.11376530929683,1451.4849609375,1479.6827453613282,-0.0068593037362743026,-0.008483482414173071,0.010778562848418938,-6.795346164698003,-2.9523862188506564,-3.8429599458473467,1460.016357421875,0
2024-09-13,1460.016357421875,1470.451266381587,1456.918113729867,1463.7590600068495,8711328,-0.004848599618861527,37.953902401197965,1453.0316162109375,1479.654248046875,0.01949710400793836,-0.01327194555817468,0.0048070125474293235,-6.97624967576462,-3.7571589102334495,-3.219090765531171,1458.752197265625,0
2024-09-16,1458.752197265625,1468.2204780575375,1452.2087310287416,1464.8991851443227,5481774,-0.0008658534199453838,40.61590016636293,1454.79638671875,1478.8090454101562,-0.004848599618861527,-0.01356283842513839,0.0027191506543380317,-7.139326459853464,-4.433592420157453,-2.7057340396960115,1459.6942138671875,1
2024-09-17,1459.6942138671875,1464.8248328952707,1454.0677548146177,1461.3796100548857,5935328,0.0006457687627332565,41.55023808571085,1456.932958984375,1477.6366760253907,-0.0008658534199453838,-0.012142675157783445,0.0018952518479211644,-7.1105867018516165,-4.968991276496285,-2.141595425355331,1450.919921875,0
2024-09-18,1450.919921875,1469.3111455549956,1448.0448484372855,1457.413889315684,8574714,-0.006011048005007624,29.484245019654168,1459.3025146484374,1475.8905029296875,0.0006457687627332565,-0.016918992977541403,-0.005744246096538008,-7.706980991091768,-5.5165892194153825,-2.190391771676386,1457.0916748046875,1
2024-09-19,1457.0916748046875,1463.8581906691413,1443.0876132109174,1453.6959512825117,16955902,0.0042536826716885745,35.20375683795217,1457.294873046875,1474.4801879882812,-0.006011048005007624,-0.011792978518970654,-0.00013943522752024595,-7.59407906387105,-5.932087188306516,-1.6619918755645333,1473.2025146484375,1
2024-09-20,1473.2025146484375,1482.1997658201985,1458.7770437683578,1461.3795684407844,30897320,0.011056847089535138,39.516033600453596,1459.9321044921876,1473.7837036132812,0.0042536826716885745,-0.0003943516022186788,0.00908974473224955,-6.133885725220807,-5.972446895689375,-0.1614388295314324,1480.5887451171875,1
2024-09-23,1480.5887451171875,1488.6441789861601,1476.2015834923338,1478.2340798324108,8832314,0.005013723772059109,44.56712028792109,1464.2994140625,1472.8306884765625,0.011056847089535138,0.005267446354373373,0.011124317129578731,-4.330742807401066,-5.644106078031713,1.3133632706306475,1476.6229248046875,0
2024-09-24,1476.6229248046875,1487.6526722077606,1475.1357678514642,1475.7554165819738,17137444,-0.0026785427929117978,41.22977385145672,1467.68515625,1472.2816772460938,0.005013723772059109,0.00294865284658985,0.006089704264314877,-3.185032537087409,-5.152291369842852,1.9672588327554434,1481.15869140625,1
2024-09-25,1481.15869140625,1483.6869066134093,1467.5264194610884,1471.1948125268714,7069002,0.0030717162285438526,50.38525839267746,1473.73291015625,1472.0660339355468,-0.0026785427929117978,0.006176799994762616,0.0050387564794307504,-1.8892720831606766,-4.4996875125064175,2.610415429345741,1485.12451171875,1
2024-09-26,1485.12451171875,1491.122760061236,1475.309372285805,1477.8870868947113,18818998,0.00267751209611089,66.17821977464254,1479.3394775390625,1470.9271179199218,0.0030717162285438526,0.009652003573708656,0.0039105521535267584,-0.5361832458031586,-3.706986659165766,3.1708034133626075,1513.10791015625,1
2024-09-27,1513.10791015625,1520.345334807694,1479.2254687210307,1486.1655345930462,20597478,0.01884245948180774,74.84888552172063,1487.320556640625,1471.7475341796876,0.00267751209611089,0.02810290149364203,0.017338127547884108,2.762333333987499,-2.4131226605351133,5.175455994522612,1463.9324951171875,0
2024-09-30,1463.9324951171875,1511.9181178232873,1461.7761901136828,1506.3908994638518,27008814,-0.03249960872518631,54.253801255879544,1483.989306640625,1469.7807678222657,0.01884245948180774,-0.003979010225955926,-0.013515469035852434,1.3923364821719133,-1.652030831993708,3.0443673141656213,1452.2830810546875,0
2024-10-01,1452.2830810546875,1475.2100841908111,1450.3002051077794,1467.9726595996829,16431642,-0.007957616967555259,53.72987623141334,1479.121337890625,1467.5847290039062,-0.03249960872518631,-0.010426415352253193,-0.018144729677290417,-0.6261879449732533,-1.4468622545896173,0.820674309616364,1394.928466796875,0
2024-10-03,1394.928466796875,1436.9902726871705,1390.070396353704,1424.2750076222521,37757294,-0.03949272356471989,32.50875931231414,1461.87529296875,1462.2520324707032,-0.007957616967555259,-0.04604101357279322,-0.04579516905024139,-6.775813770909963,-2.5126525578536865,-4.263161213056277,1374.653564453125,0
2024-10-04,1374.653564453125,1405.2145916660443,1369.9442340651563,1391.9046094477658,37072876,-0.01453472549048096,30.559994217692747,1439.781103515625,1456.9751037597657,-0.03949272356471989,-0.05650167878243606,-0.04523433381885145,-13.13405055915473,-4.636932158113895,-8.497118401040835,1358.9888916015625,0
2024-10-07,1358.9888916015625,1384.5432314460647,1349.7189700751067,1381.5689173076198,22181340,-0.011395360443265057,28.678950139286087,1408.9572998046874,1452.3103942871094,-0.01453472549048096,-0.06425727107141943,-0.035464813738536716,-19.215502850819803,-7.552646296655077,-11.662856554164726,1385.3858642578125,1
2024-10-08,1385.3858642578125,1389.004637160655,1353.4119887771337,1361.2195630224157,17020808,0.01942397970975418,35.677426701789955,1393.2479736328125,1449.083270263672,-0.011395360443265057,-0.043957036364286495,-0.005643007938134659,-21.655451951758778,-10.373207427675817,-11.28224452408296,1362.8306884765625,0
2024-10-09,1362.8306884765625,1388.979866453412,1360.7486928237201,1385.5594536683957,14310610,-0.016280789607546198,33.87770841460086,1375.3574951171875,1444.774237060547,0.01942397970975418,-0.056717199464119794,-0.00910803677232852,-25.119580489725422,-13.322482040085738,-11.797098449639684,1359.31103515625,0
2024-10-10,1359.31103515625,1374.132983939481,1357.699948504806,1368.209166456891,22358646,-0.0025826049780599547,31.92852982037701,1368.2340087890625,1440.786181640625,-0.016280789607546198,-0.05654908932538427,-0.006521525978373854,-27.82814834998362,-16.223615302065316,-11.604533047918306,1360.35205078125,1
2024-10-11,1360.35205078125,1371.4314188021033,1357.1050671377104,1358.2700551936466,7980122,0.0007658406340240731,27.91306961340328,1365.3737060546875,1435.4472900390624,-0.0025826049780599547,-0.05231487061832052,-0.003677861417111794,-29.550071799189027,-18.88890660149006,-10.661165197698967,1360.7734375,1
2024-10-14,1360.7734375,1368.2587216327886,1356.5350159311083,1367.6390728953818,12221432,0.0003097629900348231,25.89268302267719,1365.730615234375,1430.4851440429688,0.0007658406340240731,-0.048732911930803535,-0.0036296892513639767,-30.528789272721042,-21.216883135736257,-9.311906136984785,1332.5174560546875,0
2024-10-15,1332.5174560546875,1359.9554295521655,1329.2208521541709,1346.8933067731043,33762794,-0.020764648005787145,23.587144755742315,1355.15693359375,1424.173406982422,0.0003097629900348231,-0.0643572969965347,-0.016706166627524555,-33.20172268753345,-23.613851046095697,-9.58787164143775,1342.4813232421875,1
2024-10-16,1342.4813232421875,1352.3213935222657,1326.1722170162907,1328.5268821992931,20034438,0.007477475917652132,25.077955086813475,1351.087060546875,1418.312762451172,-0.020764648005787145,-0.0534659499770207,-0.00636949131997766,-34.122695670648454,-25.715619971006248,-8.407075699642206,1344.811279296875,1
2024-10-17,1344.811279296875,1356.7332239102464,1340.4737382347967,1354.0067695283685,15543660,0.0017355593812362624,24.634830320117075,1348.187109375,1413.0073303222657,0.007477475917652132,-0.04826305537271147,-0.0025039774187501918,-34.26952763116901,-27.426401503038804,-6.8431261281302085,1347.66162109375,1
2024-10-18,1347.66162109375,1356.70849216764,1329.840427555484,1340.5976258716714,12082452,0.0021195106263276475,17.101993974482326,1345.6490234375,1407.5358276367188,0.0017355593812362624,-0.04253831793645979,0.0014956334238691582,-33.766653295858305,-28.694451861602708,-5.0722014342555966,1357.476806640625,1
2024-10-21,1357.476806640625,1362.2357572594483,1346.1000802528206,1355.4196212833501,14067408,0.007283123146972992,24.903552125018777,1344.989697265625,1401.7495422363281,0.0021195106263276475,-0.03158391300422414,0.009284167306550017,-32.20488050182303,-29.396537589646773,-2.808342912176254,1331.8482666015625,0
2024-10-22,1331.8482666015625,1364.2187428070656,1328.7500227270916,1357.4769157261562,15831960,-0.018879541745163153,23.36364677016647,1344.855859375,1394.312518310547,0.007283123146972992,-0.04479931929799408,-0.009672109232198633,-32.6587040936372,-30.04897089044486,-2.609733203192338,1327.0645751953125,0
2024-10-23,1327.0645751953125,1345.8522769141389,1323.56973203491,1326.0483270387208,17214742,-0.0035917690672500058,30.442833894899337,1341.772509765625,1386.8346008300782,-0.018879541745163153,-0.04309816440907288,-0.010961570954290623,-33.02368993622804,-30.643914699601495,-2.379775236626543,1328.3287353515625,1
2024-10-24,1328.3287353515625,1332.1952468902052,1311.7964576126847,1323.8424540123256,22155934,0.0009525988259191376,35.007233797439454,1338.4760009765625,1379.1931030273438,-0.0035917690672500058,-0.03687980135931179,-0.0075812084920435785,-32.83246447352849,-31.081624654386893,-1.7508398191415964,1316.4808349609375,0
2024-10-25,1316.4808349609375,1332.8395608533488,1310.6809472586556,1331.996862815434,18597496,-0.008919403815719762,35.89401451811524,1332.23984375,1370.760919189453,0.0009525988259191376,-0.039598505814283036,-0.011828957723336031,-33.253616470112775,-31.51602301753207,-1.737593452580704,1322.9251708984375,1
2024-10-28,1322.9251708984375,1341.4155124030337,1310.7800563182918,1325.552505604476,10824350,0.004895123245520772,26.109193663458043,1325.3295166015625,1361.2517822265625,-0.008919403815719762,-0.028155416821886714,-0.0018141493666347097,-32.690542187862775,-31.750926851598216,-0.9396153362645592,1328.52685546875,1
2024-10-29,1328.52685546875,1331.6994085045892,1308.995576227512,1316.728719636798,12008361,0.004234317022260736,34.923738042994245,1324.665234375,1354.4815002441405,0.004895123245520772,-0.019162051877941733,0.0029151675408556343,-31.429987303706184,-31.686738942019808,0.2567516383136237,1332.3935546875,1
2024-10-30,1332.3935546875,1338.4413022928309,1314.0023313459362,1323.569732267355,11984423,0.0029105164135998507,38.205958743212655,1325.7310302734375,1348.4870239257812,0.004234317022260736,-0.011934463552662922,0.00502554761254137,-29.775741946205017,-31.30453954285685,1.5287975966518346,1320.64501953125,0
2024-10-31,1320.64501953125,1331.5012170832633,1314.7955112005386,1328.5269031210519,9331650,-0.008817616322833066,34.09457196951915,1324.194287109375,1344.7728515625,0.0029105164135998507,-0.017941938672554003,-0.002680322376161892,-29.077561157821265,-30.859143865849735,1.7815827080284699,1327.1884765625,1
2024-11-01,1327.1884765625,1330.4601492824747,1321.5868277686543,1321.6364480777281,2127335,0.004954743276563756,37.175863431950894,1326.3358154296875,1342.3995971679688,-0.008817616322833066,-0.011331291098089835,0.000642869718885164,-27.677200023029854,-30.22275509728576,2.5455550742559048,1291.0009765625,0
2024-11-04,1291.0009765625,1328.52687951389,1274.0969107675833,1326.3952636738204,19796890,-0.027266285564600312,35.052664610419,1319.9509765625,1339.0002014160157,0.004954743276563756,-0.0358470632063802,-0.021932632737159286,-29.151393435680347,-30.00848276496468,0.8570893292843316,1294.1240234375,1
2024-11-05,1294.1240234375,1298.337634786513,1275.1379622128013,1281.9292880644173,16267479,0.0024190894752966763,31.6877012585623,1313.07041015625,1334.437109375,-0.027266285564600312,-0.030209805808219192,-0.014429071413234795,-29.7250467184042,-29.951795555652584,0.22674883724838324,1314.002197265625,1
2024-11-06,1314.002197265625,1316.9270116872763,1289.0675098622075,1298.783649697479,21625209,0.015360331365554813,39.701693996830386,1309.392138671875,1331.9956848144532,0.0024190894752966763,-0.01350866804897699,0.003520762388588894,-28.250019934039756,-29.61144043133002,1.3614204972902648,1294.470947265625,0
2024-11-07,1294.470947265625,1312.6638089321268,1291.447013193,1312.6638089321268,9611974,-0.014863940136967457,34.0041672907324,1304.15732421875,1328.753680419922,0.015360331365554813,-0.025800668445533637,-0.00742730709956918,-28.330483052454156,-29.35524895555485,1.0247659031006933,1272.758544921875,0
2024-11-08,1272.758544921875,1290.5053095001092,1264.083462337208,1286.5395574614042,19814406,-0.0167731862886642,26.224290817801744,1293.271337890625,1324.374005126953,-0.014863940136967457,-0.0389734772845608,-0.015861167233634954,-29.802712941283744,-29.44474175270063,-0.3579711885831145,1261.802978515625,0
2024-11-11,1261.802978515625,1274.9891511168566,1256.151830843746,1267.9994654475693,9056552,-0.008607733532774997,28.577903183535838,1287.43173828125,1319.4254821777345,-0.0167731862886642,-0.04367241988308623,-0.01990688826721021,-31.490485667887697,-29.853890535738042,-1.6365951321496546,1263.33984375,1
2024-11-12,1263.33984375,1278.2610337323058,1256.6476373969983,1264.6287615317467,10671091,0.0012179914460044294,30.116043357997526,1281.27490234375,1315.9666015625,-0.008607733532774997,-0.03999095246795337,-0.013997822450859343,-32.33134985758011,-30.349382400106457,-1.981967457473651,1241.3299560546875,0
2024-11-13,1241.3299560546875,1264.5295076822267,1238.8017408266169,1259.374078659472,14633633,-0.017421984911027644,25.965502263517706,1266.7404541015626,1310.909033203125,0.0012179914460044294,-0.05307696826104358,-0.02005975096524215,-34.37747267297573,-31.155000454680312,-3.2224722182954153,1256.746826171875,1
2024-11-14,1256.746826171875,1261.7040163358736,1240.38809863068,1242.866693712679,12612633,0.012419639147505102,33.81685776365266,1259.1956298828125,1306.505810546875,-0.017421984911027644,-0.03808554387842478,-0.001944736507039302,-34.3589584856843,-31.795792060881112,-2.5631664248031854,1249.9554443359375,0
2024-11-18,1249.9554443359375,1262.0014401044657,1233.24973843027,1256.7467703539512,13620611,-0.0054039379248916886,30.26814055064672,1254.635009765625,1301.6205017089844,0.012419639147505102,-0.03969287308029679,-0.003729822134137417,-34.49466063941168,-32.33556577658723,-2.159094862824446,1231.0189208984375,0
2024-11-19,1231.0189208984375,1270.5276979121372,1224.5745744010292,1249.9553610165642,14183746,-0.015149758756049403,25.406366016058215,1248.4781982421875,1295.297607421875,-0.0054039379248916886,-0.049624646996280664,-0.01398444711996738,-35.71848430313639,-33.01214948189706,-2.706334821239331,1212.528564453125,0
2024-11-21,1212.528564453125,1233.299140266532,1206.8277964681656,1231.0189056876295,19433843,-0.015020367381370248,21.844412431957537,1238.3159423828124,1289.3316223144532,-0.015149758756049403,-0.05956811772246817,-0.020824554580203825,-37.745286442112274,-33.9587768739401,-3.786509568172171,1254.565673828125,1
2024-11-22,1254.565673828125,1257.9860865301255,1211.9833389629089,1218.8739057022901,20471957,0.03466896418556509,36.41183640847277,1240.9630859375,1285.7066772460937,-0.015020367381370248,-0.024220923768297542,0.010961315485342515,-35.54970347900644,-34.27696219495337,-1.272741284053069,1275.9805908203125,1
2024-11-25,1275.9805908203125,1293.2811339485756,1271.4694999174592,1278.9549045518283,28923341,0.017069586263143144,40.07683155013803,1244.8098388671874,1283.0892700195313,0.03466896418556509,-0.0055402841916920575,0.025040573250522558,-31.716080104216417,-33.76478577680598,2.0487056725895627,1284.6060791015625,1
2024-11-26,1284.6060791015625,1286.7376948587628,1273.2045428922675,1283.8625006531302,9247557,0.006759889878657832,48.61257877025966,1251.7399658203126,1281.4955322265625,0.017069586263143144,0.0024272787510974947,0.026256342514167086,-27.663019077552235,-32.54443243695523,4.881413359402998,1282.1275634765625,0
2024-11-27,1282.1275634765625,1292.6864023015983,1274.9892583407009,1282.4250432843673,9572746,-0.0019293973968529388,47.38997804686699,1261.9616943359374,1279.4556518554687,0.006759889878657832,0.002088319057576671,0.015979779125733895,-24.37001217970942,-30.90954838550607,6.539536205796651,1259.91943359375,0
2024-11-28,1259.91943359375,1285.4984608667178,1258.184417128475,1278.905374093644,15027412,-0.01732131069906484,38.351525502515074,1271.4398681640625,1276.0252807617187,-0.0019293973968529388,-0.012621887207716065,-0.009060935447106844,-23.283888792510197,-29.3844164669069,6.100527674396702,1281.1361083984375,1
2024-11-29,1281.1361083984375,1288.3736540571424,1264.3312830599236,1269.0406134614407,13202307,0.016839707555085237,47.14861232414237,1276.753955078125,1273.4624084472657,-0.01732131069906484,0.006025855102019362,0.0034322614023500897,-20.475095683732434,-27.602552310272007,7.127456626539573,1297.9410400390625,1
2024-12-02,1297.9410400390625,1300.1221551586505,1266.115905470633,1276.9721028104004,11024152,0.013117210209329766,55.500205562834246,1281.146044921875,1272.3272094726562,0.016839707555085237,0.02013148062519421,0.01310935250805989,-16.700575531064715,-25.422156954430548,8.721581423365834,1311.969970703125,1
2024-12-03,1311.969970703125,1315.4400037478053,1295.8094826849822,1305.7238628126408,16869482,0.01080860395911376,60.812011053840116,1286.6188232421875,1271.5662841796875,0.013117210209329766,0.03177473878170867,0.019703697010319265,-12.433893472085629,-22.824504257961564,10.390610785875936,1297.74267578125,0
2024-12-04,1297.74267578125,1317.0262168141671,1292.884726573221,1314.6467414933138,19608540,-0.010844222992581254,57.029966934001706,1289.741845703125,1271.903369140625,0.01080860395911376,0.020315463633124642,0.006203435288061998,-10.084295516828888,-20.27646250973503,10.192166992906142,1310.7305908203125,1
2024-12-05,1310.7305908203125,1318.5628538088617,1294.966703202915,1303.0964459866593,16858723,0.010008081942164404,64.7244230713448,1299.9040771484374,1272.7336975097655,-0.010844222992581254,0.029854551179788746,0.008328701988245868,-7.092448676781714,-17.639659743144367,10.547211066362653,1300.320556640625,0
2024-12-06,1300.320556640625,1312.564791729292,1298.7837793313574,1312.564791729292,9037514,-0.007942161610169252,59.445519361203075,1303.740966796875,1272.0496154785155,0.010008081942164404,0.022224715780032378,-0.0026235350758774256,-5.498013580801853,-15.211330510675866,9.713316929874013,1284.0609130859375,0
2024-12-09,1284.0609130859375,1303.7409326166044,1282.0284168341586,1291.8436769577456,14650002,-0.012504334774722237,57.10156391387188,1300.96494140625,1271.5291137695312,-0.007942161610169252,0.00985569200162062,-0.012993454152608108,-5.483222452065547,-13.265708898953802,7.782486446888255,1273.8489990234375,0
2024-12-10,1273.8489990234375,1283.812998621138,1269.238788448007,1278.2113501165884,16043729,-0.007952826815636138,59.25448027161218,1293.3407470703125,1271.5836364746094,-0.012504334774722237,0.0017815285474329645,-0.015070852821290837,-6.223772718559303,-11.857321662874902,5.633548944315599,1267.2559814453125,0
2024-12-11,1267.2559814453125,1278.9549980546296,1265.1244866020038,1273.9978081396894,11724373,-0.005175666490439101,62.466125490148094,1287.243408203125,1271.8562866210937,-0.007952826815636138,-0.003617000776088175,-0.015527309466445871,-7.258988458157546,-10.93765502193143,3.6786665637738842,1252.0870361328125,0
2024-12-12,1252.0870361328125,1267.25596445406,1249.8066803924569,1259.1262215126183,20906813,-0.011969914156727657,49.356653699407566,1275.514697265625,1271.2936462402345,-0.005175666490439101,-0.015107925823608315,-0.018367221626717,-9.197389721140098,-10.589601961773166,1.392212240633068,1261.9517822265625,1
2024-12-13,1261.9517822265625,1264.281637225772,1228.9864700814942,1249.211828655226,28630222,0.007878642465797059,46.1264828529018,1267.8409423828125,1272.3247375488281,-0.011969914156727657,-0.008152757716751946,-0.004645030744299672,-9.824335298948426,-10.43654862920822,0.6122133302597934,1257.4407958984375,0
2024-12-16,1257.4407958984375,1270.032009408355,1255.7057794921418,1264.0833817296273,9486781,-0.003574610687712587,42.324963166113925,1262.5169189453125,1272.3594360351562,0.007878642465797059,-0.011725177425655153,-0.0040206376411299205,-10.563424500911196,-10.461923803548816,-0.10150069736238088,1234.6378173828125,0
2024-12-17,1234.6378173828125,1253.0785403896136,1232.1592223274588,1250.2529662315405,17462791,-0.01813443510820112,37.96485692188709,1254.6746826171875,1271.5935546875,-0.003574610687712587,-0.029062539023146927,-0.01596976930512306,-12.841143107673815,-10.937767664373816,-1.9033754432999999,1242.5196533203125,1
2024-12-18,1242.5196533203125,1249.162239402372,1230.027558928225,1230.027558928225,12670179,0.006383925574390714,45.24517826203274,1249.7274169921875,1272.1685913085937,-0.01813443510820112,-0.023305824550960974,-0.005767468628656958,-13.850592219295095,-11.520332575358072,-2.3302596439370227,1219.914794921875,0
2024-12-19,1219.914794921875,1234.2411461229626,1218.4772582835096,1228.3916379278016,14244653,-0.01819275722362368,33.396081869292786,1243.29296875,1272.5379028320312,0.006383925574390714,-0.041352880564927474,-0.018803431223156752,-16.286866213525627,-12.473639302991582,-3.813226910534045,1194.9803466796875,0
2024-12-20,1194.9803466796875,1228.8874800507767,1191.2128336272758,1213.5201900622435,20312896,-0.020439499828989516,23.255232874488385,1229.898681640625,1269.5586364746093,-0.01819275722362368,-0.05874347797122281,-0.028391228872900465,-19.999095371190606,-13.978730516631389,-6.020364854559217,1211.834716796875,1
2024-12-23,1211.834716796875,1216.6926661807136,1202.8125341694108,1204.5971709809228,10052824,0.014104307375446101,24.365439086402276,1220.7774658203125,1266.3513427734374,-0.020439499828989516,-0.04305015846326299,-0.007325453879858723,-21.335118942677582,-15.450008201840628,-5.885110740836954,1212.2808837890625,1
2024-12-24,1212.2808837890625,1222.988463211123,1210.545867189896,1211.8347850736238,6734917,0.00036817478984829677,26.460938640005537,1216.3060791015625,1262.7350830078126,0.014104307375446101,-0.039956282119420594,-0.003309360515137194,-22.103134129592036,-16.78063338739091,-5.322500742201125,1206.1339111328125,0
2024-12-26,1206.1339111328125,1217.1883476811242,1203.8535553911518,1213.767935093776,10016178,-0.005070584497742225,20.062359021374235,1209.0289306640625,1258.935400390625,0.00036817478984829677,-0.04194138098065181,-0.0023944997988261107,-22.943324654543858,-18.0131716408215,-4.930153013722357,1210.595458984375,1
2024-12-27,1210.595458984375,1217.3867853075249,1206.5800865394056,1207.86900439277,7000397,0.003699048513918557,23.41359349160625,1207.1650634765624,1256.4692016601562,-0.005070584497742225,-0.03651004148384118,0.00284169548274793,-22.984224244002007,-19.007382161457603,-3.9768420825444046,1200.3338623046875,0
2024-12-30,1200.3338623046875,1212.7268365212021,1197.7561478726802,1205.9851311625014,8818766,-0.0084764870077213,24.276516236849332,1208.2357666015625,1252.4290893554687,0.003699048513918557,-0.041595350581956514,-0.0065400350786676276,-23.57292850940439,-19.920491431046962,-3.65243707835743,1205.043212890625,1
2024-12-31,1205.043212890625,1208.6619856280877,1195.8229125326573,1197.6570485426987,6405475,0.003923367267915978,28.12102862688016,1206.8774658203124,1247.784197998047,-0.0084764870077213,-0.034253507277937856,-0.0015198336050136207,-23.389851992429612,-20.614363543323492,-2.7754884491061205,1210.7935791015625,1
2025-01-01,1210.7935791015625,1215.800389087432,1201.2261788160188,1204.4483521073844,5892590,0.004771917014613658,31.94926406196585,1206.5800048828125,1242.7253784179688,0.003923367267915978,-0.02569497643723717,0.0034921631401965136,-22.521146282902237,-20.995720091239242,-1.5254261916629943,1231.167724609375,1
2025-01-02,1231.167724609375,1233.7949384205442,1209.554328364606,1210.7936258321927,15486276,0.016827100720942623,43.527615772931185,1211.586767578125,1239.396630859375,0.004771917014613658,-0.006639445392306875,0.016161415389498446,-19.958597196092114,-20.78829551220982,0.8296983161177067,1240.4376220703125,1
2025-01-03,1240.4376220703125,1251.2443199889096,1224.9215938636924,1233.2496968938563,15521102,0.0075293538610903266,43.31897891568549,1217.5552001953124,1235.881982421875,0.016827100720942623,0.003686144561724447,0.018793744933559786,-16.983974641780378,-20.027431338123932,3.0434566963435543,1207.571533203125,0
2025-01-06,1207.571533203125,1251.1948069805778,1204.597219081935,1243.2136823453243,14816766,-0.02649555953674909,36.832476511256864,1219.002734375,1231.24453125,0.0075293538610903266,-0.019226885842766994,-0.009377502485862776,-17.0816765998386,-19.43828039046687,2.3566037906282666,1230.2257080078125,1
2025-01-07,1230.2257080078125,1233.8444805890147,1210.7935491517349,1211.5371275851955,10070505,0.018760110007393527,48.83410663872789,1224.0392333984375,1228.5527709960938,-0.02649555953674909,0.001361713596040648,0.005054147318626967,-15.15639009709048,-18.58190233179159,3.4255122347011095,1254.664794921875,1
2025-01-08,1254.664794921875,1260.167324257905,1234.6872949225542,1238.3060678446636,19346579,0.019865530979382928,52.951100823222255,1232.8134765625,1227.5935607910155,0.018760110007393527,0.02205227772082452,0.017724756238310935,-11.525695560800386,-17.17066097759335,5.644965416792964,1244.0068359375,0
2025-01-09,1244.0068359375,1258.878406002503,1237.3642497185242,1256.1519514905858,12794704,-0.008494666485831082,56.214857566077846,1235.381298828125,1226.431103515625,0.019865530979382928,0.01433079475193777,0.006982084897640295,-9.399994910770602,-15.6165277642288,6.216532853458199,1231.266845703125,0
2025-01-10,1231.266845703125,1245.9896754309787,1225.4173374439545,1243.114481097643,8120332,-0.01024109342998425,59.98903171997013,1233.5471435546874,1225.3900939941407,-0.008494666485831082,0.004795821133031231,-0.0018485696825427667,-8.643732996699782,-14.221968810722998,5.578235814023216,1229.234375,0
2025-01-13,1229.234375,1234.5881643828388,1215.899582365329,1219.4687349455062,13764861,-0.0016507150421680716,55.21541800767798,1237.8797119140625,1223.7542236328125,-0.01024109342998425,0.004478147050573034,-0.0069839878873970695,-8.114850436390043,-13.00054513585641,4.885694699466367,1228.143798828125,0
2025-01-14,1228.143798828125,1242.6187691440975,1216.742262047884,1233.4479678208604,13095266,-0.0008871995398558319,54.73649296354749,1237.463330078125,1222.289373779297,-0.0016507150421680716,0.004789720973132683,-0.0075311575086525195,-7.695004359415179,-11.939436980568164,4.244432621152985,1241.478515625,1
2025-01-15,1241.478515625,1246.2374660533972,1231.2171573529768,1234.2905907014622,9578856,0.010857618472363662,60.119161202432146,1234.82607421875,1222.6314086914062,-0.0008871995398558319,0.015415199380298894,0.0053873509356034965,-6.214634675887055,-10.794476519631944,4.579841843744889,1255.6065673828125,1
2025-01-16,1255.6065673828125,1264.0834104275011,1240.586378973141,1248.1212833322295,14117603,0.011380021144143493,62.210808322653506,1237.1460205078124,1223.2857543945313,0.010857618472363662,0.02642131069717113,0.014921881951673432,-3.856954758814254,-9.406972167468405,5.550017408654151,1291.19921875,1
2025-01-17,1291.19921875,1314.6467509950228,1273.997794139219,1310.9288585996749,29366277,0.028346977701285025,71.67180922889517,1249.1324951171875,1226.8499755859375,0.011380021144143493,0.05245078407678139,0.03367675070278753,0.8734840859476662,-7.350880916785192,8.224365002732858,1294.272705078125,1
2025-01-20,1294.272705078125,1304.7324245206253,1289.1172758229052,1304.7324245206253,14040244,0.0023803347179069956,71.44901952269001,1262.1401611328124,1231.8145935058594,0.028346977701285025,0.050704149716642055,0.025458776239615455,4.814892527979737,-4.9177262278322065,9.732618755811943,1262.7945556640625,0
2025-01-21,1262.7945556640625,1301.7581181984158,1259.324522599558,1299.2795231523412,14562976,-0.024321110451110406,61.12408655433043,1269.0703125,1234.3625854492188,0.0023803347179069956,0.023033726516019204,-0.0049451608584040185,5.336942578843491,-2.866792466497067,8.203735045340558,1266.16552734375,1
2025-01-22,1266.16552734375,1271.9159165250771,1257.8374234010246,1267.355325635656,10273590,0.0026694537639297966,58.07412030158192,1274.00771484375,1237.056817626953,-0.024321110451110406,0.02353061662328182,-0.006155525911365256,5.954045714750691,-1.1026248302475155,7.056670544998207,1252.8306884765625,0
2025-01-23,1252.8306884765625,1266.4133410521551,1250.7981921087953,1259.1262957502838,8720682,-0.01053167108029096,52.806487175035855,1273.4525390625,1239.3916564941405,0.0026694537639297966,0.010843248711579045,-0.016193654614815034,5.305930874962087,0.17908631079440496,5.126844564167682,1235.6292724609375,0
2025-01-24,1235.6292724609375,1262.1006196074513,1232.8531975505623,1255.1605533566642,14235970,-0.013730040438697966,56.839062778019446,1262.3385498046875,1240.6433471679688,-0.01053167108029096,-0.004041511783766882,-0.021158569028793872,3.3654894137678184,0.8163669313890878,2.5491224823787304,1218.82421875,0
2025-01-27,1218.82421875,1229.8291557820492,1209.5542981292017,1228.4907387555406,9536019,-0.013600401095603454,47.139320929839386,1247.2488525390625,1241.5678649902343,-0.013730040438697966,-0.018318488164489666,-0.02278986565607788,0.4662732787542154,0.7463482008621134,-0.280074922107898,1223.8310546875,1
2025-01-28,1223.8310546875,1234.0924134746083,1208.0671667554209,1227.4002071753887,10568025,0.004107922914950768,41.42779378106954,1239.45615234375,1242.507257080078,-0.013600401095603454,-0.015031061014860847,-0.01260641421376929,-1.4111002938775528,0.31485850191418024,-1.725958795791733,1224.921630859375,1
2025-01-29,1224.921630859375,1232.1095562529247,1217.53546627882,1225.4173498520336,5928156,0.0008911166028169326,44.395927543421465,1231.207373046875,1243.2136596679688,0.004107922914950768,-0.014713503721861643,-0.005105348071417715,-2.7788985801616946,-0.3038929145009947,-2.4750056656607,1242.3214111328125,1
2025-01-30,1242.3214111328125,1246.237542749693,1221.8481926097397,1224.971246456504,9269259,0.01420481101409754,53.15953820550483,1229.105517578125,1243.7713439941406,0.0008911166028169326,-0.0011657551593622362,0.010752448317641994,-2.4308503942679636,-0.7292844104543885,-1.701565983813575,1254.2681884765625,1
2025-01-31,1254.2681884765625,1256.1519448799122,1238.306060895825,1245.09738698474,6584612,0.0096164947627011,56.77124365145349,1232.83330078125,1244.462872314453,0.01420481101409754,0.007879155240584579,0.017386687787983357,-1.1774417950575753,-0.818915887375026,-0.3585259076825493,1253.7724609375,0
2025-02-01,1253.7724609375,1259.6715896071485,1230.374548522757,1254.2681799336815,7118453,-0.00039523248984307813,56.954519858226504,1239.82294921875,1246.7729187011719,0.0096164947627011,0.005614127585976014,0.011251212705443159,-0.22155358745226295,-0.6994434273904734,0.47788983993821044,1235.232666015625,0
2025-02-03,1235.232666015625,1245.2461659154887,1226.9541826685895,1240.2889757645512,9252345,-0.014787208604033264,48.351706408777844,1242.103271484375,1247.0232666015625,-0.00039523248984307813,-0.009454996471773724,-0.0055314285265019025,-0.9490714973421746,-0.7493690413808136,-0.19970245596136094,1274.196044921875,1
2025-02-04,1274.196044921875,1277.7653184740125,1235.9265630557768,1237.3642207434832,16691069,0.03154335209732628,54.337266973542626,1251.958154296875,1247.9998291015625,-0.014787208604033264,0.02099056042272962,0.017762487147575,1.5999412381129332,-0.27950698548206426,1.8794482235949974,1267.2559814453125,0
2025-02-05,1267.2559814453125,1279.4507170461238,1265.7688244708304,1271.6679530846961,10112028,-0.005446621423933262,43.55140223787315,1256.945068359375,1249.162286376953,0.03154335209732628,0.014484663254474395,0.008203153300402999,3.025174742255331,0.3814293600654148,2.643745382189916,1270.577392578125,1
2025-02-06,1270.577392578125,1276.9721191435924,1259.4732145791813,1262.7945076095025,9956001,0.0026209472919784815,43.62668680434711,1260.2069091796875,1251.1278137207032,-0.005446621423933262,0.015545637019755087,0.008229191034342165,4.372291626554215,1.179601813363175,3.1926898131910404,1255.8544921875,0
2025-02-07,1255.8544921875,1272.7089385364054,1251.1947819010975,1265.2236540965398,8764283,-0.01158756678390982,47.94842056566476,1260.6233154296874,1252.4588195800782,0.0026209472919784815,0.002711204994795935,-0.0037829089656031822,4.203422013273439,1.7843658533452278,2.4190561599282114,1242.916259765625,0
2025-02-10,1242.916259765625,1255.6562137259161,1234.8856362555493,1253.673337746878,6970972,-0.010302333990412138,43.495135815995724,1262.1600341796875,1253.197442626953,-0.01158756678390982,-0.008203960933543364,-0.015246699224294114,2.9911048066699095,2.025713644010164,0.9653911626597456,1224.2772216796875,0
2025-02-11,1224.2772216796875,1253.7230036544372,1219.567891058193,1253.7230036544372,8859714,-0.014996213895739241,42.24136901642411,1252.17626953125,1252.3373779296876,-0.010302333990412138,-0.022406227542603574,-0.022280447673718062,0.5203221358751762,1.7246353423831666,-1.2043132065079905,1206.1339111328125,0
2025-02-12,1206.1339111328125,1216.3952699200001,1183.1324776076385,1209.0089844264594,21131654,-0.014819609664862288,42.02624982344796,1239.95185546875,1249.8637451171876,-0.014996213895739241,-0.034987680981397706,-0.0272735946857815,-2.8687354661890367,0.805961180668726,-3.674696646857763,1205.6876220703125,0
2025-02-13,1205.6876220703125,1217.4857574427408,1201.622750831109,1206.6295607029597,8511216,-0.0003700161801112323,46.10407617569181,1226.9739013671874,1245.5881652832031,-0.014819609664862288,-0.03203349576127246,-0.017348599895365413,-5.526889290841382,-0.4606089136332956,-5.066280377208086,1206.827880859375,1
2025-02-14,1206.827880859375,1213.5200872227356,1195.1288642881832,1208.56289732395,10298145,0.0009457331801288049,44.839000835897345,1217.1685791015625,1241.2159240722656,-0.0003700161801112323,-0.027705125712589873,-0.008495699297315418,-7.455543132785124,-1.8595957574636612,-5.595947375321463,1214.4124755859375,1
2025-02-17,1214.4124755859375,1216.9901902768092,1194.1871154284454,1200.7305822668588,8166683,0.0062847360811397746,46.93112379665019,1211.467822265625,1238.7968200683595,0.0009457331801288049,-0.01968389334505749,0.0024306492225318888,-8.276594362584774,-3.142995478487884,-5.13359888409689,1214.908203125,1
2025-02-18,1214.908203125,1219.3696743222742,1205.6877809072391,1214.362863790828,6673250,0.00040820359558924046,41.11792015149874,1209.5940185546874,1236.233953857422,0.0062847360811397746,-0.017250578392446814,0.0043933621436573755,-8.786002737658237,-4.271596930321955,-4.514405807336281,1216.9404296875,1
2025-02-19,1216.9404296875,1222.1950990873443,1207.125291073852,1209.0585466128707,6217338,0.0016727408352932294,37.075140179331484,1211.755322265625,1234.4394409179688,0.00040820359558924046,-0.014175674116063575,0.004279005279861581,-8.922871536645516,-5.201851851586667,-3.721019685058849,1222.4429931640625,1
2025-02-20,1222.4429931640625,1228.738599945727,1211.5371757067999,1213.4704313005311,7795582,0.004521637495415787,39.51559072359095,1215.106396484375,1233.780126953125,0.0016727408352932294,-0.009188941806884343,0.006037822449881158,-8.489468847845501,-5.8593752508384345,-2.6300935970070665,1217.634521484375,0
2025-02-21,1217.634521484375,1229.3830367840985,1211.6858938870325,1218.1797397323817,6904025,-0.003933493591583903,43.5147614257772,1217.267724609375,1233.7206420898438,0.004521637495415787,-0.013038705892299829,0.00030132802142412984,-8.436744039355062,-6.37484900854176,-2.061895030813302,1204.151123046875,0
2025-02-24,1204.151123046875,1212.7765856074127,1200.1357505642943,1206.13399913207,7172498,-0.011073436404433479,18.21874591524083,1215.2154541015625,1232.7366455078125,-0.003933493591583903,-0.023188669344020307,-0.009104830766711758,-9.374888933251668,-6.974856993483742,-2.400031939767926,1193.69140625,0
2025-02-25,1193.69140625,1210.5458530159883,1191.2128111373545,1200.631472565407,11552182,-0.008686382129851511,17.65486340932975,1210.9720947265625,1231.1751342773437,-0.011073436404433479,-0.0304454882037114,-0.014270096356319817,-10.837459760604816,-7.747377546907957,-3.090082213696858,1196.7647705078125,1
2025-02-27,1196.7647705078125,1204.597154814102,1190.370043898487,1202.416039651657,11509215,0.0025746723497552804,17.474856032024206,1206.936962890625,1228.8973022460937,-0.008686382129851511,-0.026147450791495386,-0.008428105771530858,-11.614676111775907,-8.520837259881548,-3.0938388518943594,1189.82470703125,0
2025-02-28,1189.82470703125,1206.9270123506615,1183.0830013175257,1191.7084634163882,23007298,-0.005799020532345489,18.761708959447432,1200.4133056640626,1225.6751281738282,0.0025746723497552804,-0.029249529764051596,-0.008820794123866382,-12.644868617384645,-9.345643531382168,-3.299225086002478,1161.2216796875,0
2025-03-03,1161.2216796875,1196.1202465389174,1146.1022512006402,1193.6912720117396,17944938,-0.024039698599903736,16.33984363997763,1189.1307373046875,1221.047589111328,-0.005799020532345489,-0.04899555918813048,-0.0234701338899429,-15.589621409971187,-10.594439107099973,-4.995182302871214,1151.9517822265625,0
2025-03-04,1151.9517822265625,1163.948157257321,1149.6219272411693,1152.2491409974891,11377373,-0.007982883563999676,17.70692985554261,1178.690869140625,1216.883544921875,-0.024039698599903736,-0.05335906050030548,-0.02268541108964195,-18.458583407770675,-12.167267967234114,-6.291315440536561,1165.534423828125,1
2025-03-05,1165.534423828125,1172.8710888254677,1147.093702257875,1151.0594540375048,8664095,0.011790981021192692,31.10284851301644,1173.05947265625,1211.4504638671874,-0.007982883563999676,-0.03790170659763459,-0.006414891148771251,-19.412475860534414,-13.616309545894175,-5.796166314640239,1199.2432861328125,1
2025-03-06,1199.2432861328125,1203.5560168880775,1175.0026773522586,1186.7511925218207,14468014,0.02892137856724375,47.70965474754662,1173.55517578125,1208.0498291015624,0.011790981021192692,-0.007289883874491698,0.0218891372827541,-17.24957664838803,-14.342962966392946,-2.9066136819950827,1239.0992431640625,1
2025-03-07,1239.0992431640625,1244.0564330934674,1201.622838887705,1205.5885908312287,16474965,0.03323425487731768,58.99422242998158,1183.4100830078125,1206.4759216308594,0.02892137856724375,0.027040176225899604,0.04705820996108767,-12.17902853782175,-13.910176080678708,1.7311475428569576,1227.796875,0
2025-03-10,1227.796875,1247.2290360950196,1224.8225609234617,1234.340341763354,11931051,-0.0091214390020945,53.65457751290742,1196.7251220703124,1205.0730407714843,0.03323425487731768,0.018856810715778716,0.02596398484217821,-8.969197951031902,-12.921980454749347,3.9527825037174456,1236.62060546875,1
2025-03-11,1236.62060546875,1238.801720552263,1219.2208210077197,1229.3830600118497,10089838,0.007186637014978459,55.67062502231676,1213.65888671875,1204.7582580566407,-0.0091214390020945,0.026447087786312773,0.01891941714535572,-5.648273004318526,-11.467238964663185,5.818965960344659,1246.2872314453125,1
2025-03-12,1246.2872314453125,1252.186239348891,1233.3489166666827,1247.2290491693625,11977555,0.007816969840073407,57.37057973387194,1229.8094482421875,1205.8587585449218,0.007186637014978459,0.033526706684267715,0.013398647430036714,-2.2109140877737445,-9.615973989285296,7.405059901511551,1237.2154541015625,0
2025-03-13,1237.2154541015625,1253.326320946517,1233.2000819547634,1249.2614495168184,9505270,-0.007279042194173413,53.64482310789418,1237.4038818359375,1207.4128356933593,0.007816969840073407,0.024683039244890015,-0.0001522766633763606,-0.21630556134664403,-7.736040303697566,7.519734742350922,1228.242919921875,0
2025-03-17,1228.242919921875,1246.6341428999226,1222.5421515247892,1231.514713672869,16640917,-0.007252200212939597,52.56472004816376,1235.2326171875,1208.5406005859375,-0.007279042194173413,0.0163025713214644,-0.005658608077837024,0.6331292249255966,-6.062206397972934,6.695335622898531,1228.242919921875,0
2025-03-18,1228.242919921875,1228.242919921875,1228.242919921875,1228.242919921875,0,0.0,56.230726295079315,1235.321826171875,1209.6113525390624,-0.007252200212939597,0.015402936938136103,-0.005730414617490243,1.291425661749372,-4.591479986028474,5.882905647777846,1236.471923828125,1
2025-03-19,1236.471923828125,1242.5196714129374,1228.1934407470596,1230.4241762433128,16162399,0.006699817904729732,61.19323662239938,1235.29208984375,1210.7143249511719,0.0,0.02127471224724453,0.000955105269494716,2.448912632845122,-3.1834014622537548,5.632314095098877,1258.283447265625,1
2025-03-20,1258.283447265625,1262.1004590128364,1239.3470073959113,1241.1315230182402,15971477,0.017640128350000284,64.65861117526366,1237.6913330078125,1212.8830871582031,0.006699817904729732,0.037431769465757325,0.016637519960465363,5.06781839572227,-1.53315749065855,6.6009758863808194,1265.421875,1
2025-03-21,1265.421875,1270.0320859338292,1259.225387461291,1264.0834578966683,21780769,0.005673147612239138,67.99620833909677,1243.3326171875,1215.3071594238281,0.017640128350000284,0.04123625470941117,0.01776616933163644,7.631361950624978,0.2997463975981558,7.331615553026822,1290.951416015625,1
2025-03-24,1290.951416015625,1294.8180484818179,1273.2542716407156,1279.946478246575,20299319,0.020174727116697655,81.34130373236445,1255.87431640625,1218.7325805664063,0.005673147612239138,0.05925732732578215,0.02793042197864981,11.589413740463442,2.5576798661712132,9.031733874292229,1274.4439697265625,0
2025-03-25,1274.4439697265625,1296.50346593687,1271.6183955406093,1296.50346593687,13713899,-0.012787039143588252,78.59288893447994,1265.1145263671874,1221.5730529785155,0.020174727116697655,0.04328101100391324,0.0073743864013362526,13.241545054280778,4.694452903793127,8.54709215048765,1262.150146484375,0
2025-03-26,1262.150146484375,1282.7224842048433,1257.8869148358597,1279.9464094999762,12074747,-0.009646421132837424,72.6891613900464,1270.2501708984375,1224.4730041503906,-0.012787039143588252,0.030770088198168954,-0.006376715862461579,13.404345283059683,6.4364313796464385,6.967913903413245,1267.2559814453125,1
2025-03-27,1267.2559814453125,1273.9978081396894,1260.4151561828103,1267.2064821612498,15028056,0.004045346724523613,68.45076616578004,1272.044677734375,1228.1512329101563,-0.009646421132837424,0.03184033650521667,-0.0037645661138189235,13.78644232205761,7.906433568128673,5.880008753928937,1264.1824951171875,0
2025-03-28,1264.1824951171875,1284.6557128160619,1258.1347478785124,1269.0405652360093,18147129,-0.002425308203808707,58.50129164756638,1271.7968017578125,1231.522119140625,0.004045346724523613,0.026520332415428616,-0.005987046539274954,13.68351724869217,9.061850304241373,4.621666944450796,1241.8751220703125,0
2025-04-01,1241.8751220703125,1266.9585500115554,1238.603449529153,1253.7723771839194,12099648,-0.017645690501992828,54.440215386771406,1261.98154296875,1234.1246398925782,-0.002425308203808707,0.006280145397963066,-0.015932420731873953,11.667434885493321,9.582967220491764,2.084467665001558,1240.4376220703125,0
2025-04-02,1240.4376220703125,1244.7999732789833,1233.2496968938563,1236.868469635997,10142590,-0.0011575237916060521,51.26270111187477,1255.1802734375,1238.0854370117188,-0.017645690501992828,0.0018998568178549835,-0.011745445398701704,9.840248590844794,9.63442349456237,0.20582509628242462,1238.008544921875,0
2025-04-03,1238.008544921875,1241.0820994494682,1222.4926375090713,1222.4926375090713,7434366,-0.001958242079422967,47.123605360640404,1250.351953125,1242.3882751464844,-0.0011575237916060521,-0.0035252507708131153,-0.009871946992424885,8.102780255950165,9.328094846839928,-1.225314590889763,1194.38525390625,0
2025-04-04,1194.38525390625,1234.7863505024063,1182.9342181609516,1230.473619610667,17908652,-0.035236663910407695,37.99997947925181,1235.7778076171876,1243.8308166503907,-0.001958242079422967,-0.039752643271290355,-0.03349514245667695,3.1692558640490915,8.096327050281761,-4.92707118623267,1155.71923828125,0
2025-04-07,1155.71923828125,1161.2217676393545,1105.3046397460778,1122.506064991245,22156106,-0.032373152212439305,32.579182070673895,1214.08515625,1241.6546142578125,-0.035236663910407695,-0.06921037057308366,-0.048073990253721055,-3.8166263830421485,5.71373636361698,-9.53036274665913,1172.0780029296875,1
2025-04-08,1172.0780029296875,1186.3547349162204,1153.3399207865864,1161.9653833278503,19555040,0.014154618272830488,37.49172871827077,1200.125732421875,1238.3035522460937,-0.032373152212439305,-0.05348086839958033,-0.023370659202170962,-7.941428953588229,2.982703300175938,-10.924132253764167,1175.2010498046875,1
2025-04-09,1175.2010498046875,1179.613021672609,1157.9996241138485,1159.4867811653644,10223104,0.0026645384242292014,36.03704752563055,1187.07841796875,1235.673760986328,0.014154618272830488,-0.048939059071199,-0.010005546376949837,-10.833479319929438,0.2194667761548632,-11.052946096084302,1208.5133056640625,1
2025-04-11,1208.5133056640625,1212.1816988912137,1184.917153801556,1184.917153801556,11224242,0.02834600587270697,39.22285114938245,1181.1793701171875,1234.2683959960937,0.0026645384242292014,-0.020866685411033314,0.023141223287842516,-10.318484360959701,-1.8881234512680496,-8.430360909691652,1229.4822998046875,1
2025-04-15,1229.4822998046875,1240.288998738938,1226.5079856590305,1240.288998738938,13378535,0.01735106601006997,42.65749438495352,1188.198779296875,1233.4281494140625,0.02834600587270697,-0.0031990915816616505,0.034744624575563154,-8.124668443301744,-3.1354324496747887,-4.989235993626955,1228.689208984375,0
2025-04-16,1228.689208984375,1230.2754856402491,1218.477348782242,1223.5336585713449,8248464,-0.0006450607873236258,35.849498401988626,1202.7927734375,1233.0018371582032,0.01735106601006997,-0.0034976656513082682,0.021530255351355887,-6.376544488428635,-3.7836548574255584,-2.592889631003077,1263.5877685546875,1
2025-04-17,1263.5877685546875,1269.238916912585,1217.0893007676923,1229.5813957339365,15398401,0.028403081361119353,47.72302729274413,1221.0947265625,1234.7690795898438,-0.0006450607873236258,0.023339334812640722,0.03479913643703103,-2.1503338516411077,-3.4569906562686685,1.3066568046275608,1284.407958984375,1
2025-04-21,1284.407958984375,1289.761748514388,1256.151975324742,1259.126289394177,10429964,0.016477043342625786,54.507135836990074,1242.9361083984375,1237.5773315429688,0.028403081361119353,0.03784056660363966,0.033366035716329234,2.846174959055361,-2.1963575332038627,5.042532492259223,1280.1446533203125,0
2025-04-22,1280.1446533203125,1292.7359881039044,1275.286704106908,1288.8693558313819,13051707,-0.0033192768965972785,52.61885084475699,1257.2623779296875,1239.760968017578,0.016477043342625786,0.03257376731847694,0.018200079627217258,6.388290812364858,-0.4794278640901186,6.8677186764549765,1288.869384765625,1
2025-04-23,1288.869384765625,1294.8180126953125,1274.3944143417477,1285.8950708007812,10480888,0.006815426227561927,54.90352017636039,1269.139794921875,1241.290264892578,-0.0033192768965972785,0.03833037382047344,0.015545639592023486,9.786641743645077,1.5737860574569207,8.212855686188156,1290.4556884765625,1
2025-04-24,1290.4556884765625,1293.3308829080645,1279.2525115884996,1281.3345072026398,10468940,0.0012307715038371025,60.51504073675989,1281.4930908203125,1242.5419555664062,0.006815426227561927,0.0385610583976741,0.006993871227594983,12.464181467388016,3.75186513944314,8.712316327944876,1289.2659912109375,0
2025-04-25,1289.2659912109375,1313.85358083958,1277.071255478384,1292.3394247863746,14431012,-0.0009219202768825374,60.580025857453904,1286.6287353515625,1242.4576843261718,0.0012307715038371025,0.0376739646551032,0.002049741146698647,14.32502242101259,5.866496595757031,8.45852582525556,1357.080322265625,1
2025-04-28,1357.080322265625,1362.830589793996,1308.8963407951755,1328.5268607294433,31104496,0.052599177762373994,70.1037922506183,1301.1632080078125,1246.589501953125,-0.0009219202768825374,0.08863448644432337,0.042974712098896584,21.029388352904334,8.899074947186492,12.130313405717843,1387.7156982421875,1
2025-04-29,1387.7156982421875,1398.8198762816546,1358.2700385179512,1359.2614765022709,32538970,0.0225744751242265,84.13866510777922,1322.6774169921875,1252.8677795410156,0.052599177762373994,0.10763140444921726,0.04917168798262184,28.486293211030898,12.816518599955373,15.669774611075525,1392.9703369140625,1
2025-04-30,1392.9703369140625,1400.3070020394923,1357.2785702742715,1389.9960230274132,25480745,0.0037865383223170124,97.498994328649,1343.497607421875,1259.153497314453,0.0225744751242265,0.10627523958359064,0.03682383148201063,34.42314092029869,17.13784306402404,17.285297856274653,1407.6436767578125,1
2025-05-02,1407.6436767578125,1414.4845019236116,1397.0352178747166,1401.8932881277126,13007841,0.010533849468939094,97.48200128931298,1366.935205078125,1266.3265563964844,0.0037865383223170124,0.11159611211460851,0.029780834913357035,39.85275366101814,21.68082518342286,18.17192847759528,1419.0452880859375,1
2025-05-05,1419.0452880859375,1427.1750314493302,1414.6829365878357,1418.747808269532,12685649,0.008099785134819015,97.5633218217179,1392.891064453125,1275.1850646972657,0.010533849468939094,0.11281517277088304,0.018776934033302384,44.56209157053763,26.257078460845815,18.305013109691817,1408.7342529296875,0
2025-05-06,1408.7342529296875,1419.7391903256466,1398.5223933042987,1418.7477523435755,14084117,-0.007266177649733696,92.90414453288076,1403.2218505859375,1283.5998962402343,0.008099785134819015,0.09748704176120726,0.003928389756365336,46.921380956465555,30.389938959969765,16.53144199649579,1393.9617919921875,0
2025-05-07,1393.9617919921875,1412.2042749259901,1390.6899982666434,1408.7342420156256,13440169,-0.010486336160832499,86.20684466228127,1404.4710693359375,1291.39755859375,-0.007266177649733696,0.07942111452504474,-0.007482729671832278,47.05668053211889,33.723287274399596,13.333393257719294,1394.9532470703125,1
2025-05-08,1394.9532470703125,1408.6351396947061,1386.030305191398,1392.0780527042998,16106175,0.0007112498232164643,86.56774120799315,1404.8676513671876,1301.425958251953,-0.010486336160832499,0.07186523998951366,-0.00705718028828306,46.70551643913768,36.31973310734722,10.385783331790464,1365.408447265625,0
2025-05-09,1365.408447265625,1382.8578539346386,1362.731612914777,1373.6374315703338,13668904,-0.021179777793082,72.93431297556705,1396.42060546875,1311.910418701172,0.0007112498232164643,0.040778720712819405,-0.022208321820569865,43.54128115179424,37.764042716236624,5.777238435557614,1424.20068359375,1
2025-05-12,1424.20068359375,1426.679278587822,1388.0131966802994,1388.0131966802994,10674081,0.043058351107950754,76.88783660804093,1397.4516845703124,1324.516552734375,-0.021179777793082,0.0752607663932805,0.019141269296664376,45.255961461084325,39.26242646520617,5.993534995878157,1403.5787353515625,0
2025-05-13,1403.5787353515625,1435.3047515134413,1400.307062549957,1421.2263802516663,11407896,-0.014479664614505894,72.33583852720753,1396.4205810546875,1335.9354370117187,0.043058351107950754,0.050633658233627976,0.005126073329188907,44.43857880703672,40.29765693357228,4.140921873464443,1412.2042236328125,1
2025-05-14,1412.2042236328125,1417.6571322938998,1403.380401776207,1407.8418724989147,5570160,0.0061453540610170165,72.32589887265544,1400.0690673828126,1346.1199829101563,-0.014479664614505894,0.04909238519718695,0.008667541146869517,43.979829880494435,41.034091522956714,2.9457383575377207,1441.7491455078125,1
2025-05-15,1441.7491455078125,1448.8875719918406,1400.6044669576877,1412.7992032271827,20177211,0.02092113971943621,74.86961170051384,1409.4282470703124,1356.7333251953125,0.0061453540610170165,0.06266214497256573,0.02293192186596471,45.476076428012675,41.922488503967905,3.55358792404477,1443.9302978515625,1
2025-05-16,1443.9302978515625,1448.4908883531898,1434.9082364412498,1440.757623701411,9036695,0.0015128514905287105,75.34111228004208,1425.1326171875,1367.495379638672,0.02092113971943621,0.05589409613441387,0.013190127316824451,46.30409853764354,42.798810510703035,3.505288026940505,1428.4638671875,0
2025-05-19,1428.4638671875,1442.1456384779733,1425.886031660542,1439.667043567546,6195791,-0.010711341598050206,64.11763740200746,1425.98525390625,1375.7391845703125,0.0015128514905287105,0.03832462083549304,0.0017381759555088472,45.19136243338198,43.27732089523883,1.9140415381431524,1412.402587890625,0
2025-05-20,1412.402587890625,1432.6279478297215,1409.6266340324114,1425.8861208416395,11270560,-0.011243742082533759,55.18103587412927,1427.7500244140624,1382.138916015625,-0.010711341598050206,0.021896259141767738,-0.010749386279811701,42.52331770768956,43.126520257728984,-0.6032025500394269,1416.963134765625,1
2025-05-21,1416.963134765625,1423.9032007341596,1405.9581972205492,1411.7085860045363,6136364,0.003228928433082867,55.05007967629994,1428.701806640625,1388.9798400878906,-0.011243742082533759,0.02014665286716011,-0.008216320452902326,40.31217737180327,42.56365168054384,-2.251474308740569,1397.332763671875,0
2025-05-22,1397.332763671875,1411.6094953044076,1384.9397884743898,1409.031659643212,12134466,-0.013853833322909237,47.87408883588954,1419.8185302734375,1394.403009033203,0.003228928433082867,0.00210108169567369,-0.01583707081019159,36.554448903196544,41.36181112507438,-4.807362221877838,1414.5838623046875,1
2025-05-23,1414.5838623046875,1421.5239286750705,1394.5567410207764,1394.5567410207764,6474883,0.012345734016484755,49.10180553111634,1413.9492431640624,1400.6094177246093,-0.013853833322909237,0.009977402981325545,0.0004488273845000279,34.569940747182955,40.0034370494961,-5.433496302313145,1422.5152587890625,1
2025-05-26,1422.5152587890625,1428.6621258406371,1412.898237790455,1419.7391840414937,4842944,0.0056068761250060994,52.80129546329785,1412.759521484375,1407.2718811035156,0.012345734016484755,0.01083186404150549,0.006905447923958974,33.2538712191772,38.65352388343232,-5.399652664255122,1409.9239501953125,0
2025-05-27,1409.9239501953125,1424.696400543767,1401.794207036506,1413.8897021801247,12640414,-0.008851440092437768,53.27369209539126,1412.2637939453125,1409.9140625,0.0056068761250060994,7.012977297993217e-06,-0.0016568036085266025,30.839366245663314,37.090692355878524,-6.25132611021521,1400.802734375,0
2025-05-28,1400.802734375,1410.4196342901241,1398.6214982222443,1407.9410393609537,5944611,-0.006469296318463824,51.16096179648535,1409.0317138671876,1410.5684143066405,-0.008851440092437768,-0.006923223172015214,-0.005840166272484071,27.868595944615663,35.24627307362596,-7.377677129010294,1405.660888671875,1
2025-05-29,1405.660888671875,1407.842003929875,1396.5395861721686,1400.0096192804465,13771917,0.003468121654575773,58.85690802726789,1410.6973388671875,1411.2029418945312,-0.006469296318463824,-0.003927183722573613,-0.0035701847990702307,25.611023590615332,33.31922317702384,-7.7081995864085044,1408.7342529296875,1
2025-05-30,1408.7342529296875,1418.3511529457182,1397.6300749154059,1405.8590585766528,13788484,0.0021864194149390226,45.4913275462411,1409.5274169921875,1411.257470703125,0.003468121654575773,-0.001787921641385748,-0.0005627163068544494,23.7955754638524,31.41449363438955,-7.61891817053715,1401.5958251953125,0
2025-06-02,1401.5958251953125,1405.3633379328091,1383.650821945961,1400.0095486308933,8098668,-0.0050672635520357945,49.37263637936575,1405.3435302734374,1410.3849975585938,0.0021864194149390226,-0.006231754009363044,-0.0026667537135177666,21.532593944542896,29.43811369642022,-7.905519751877325,1393.4661865234375,0
2025-06-03,1393.4661865234375,1414.2863856817387,1391.384190812638,1410.1223942601396,11252626,-0.005800273178426574,44.05290098422238,1402.0519775390626,1409.6215942382812,-0.0050672635520357945,-0.011460811739035237,-0.00612373232459984,18.865698855081973,27.323630728152573,-8.4579318730706,1411.31201171875,1
2025-06-04,1411.31201171875,1413.4931269376204,1394.0609660849138,1402.5873087929724,8126827,0.012806787396711927,39.564903329056186,1404.1538330078124,1410.4891052246094,-0.005800273178426574,0.0005834192487503831,0.005097859324718179,17.984856007351482,25.455875783992354,-7.471019776640873,1430.0501708984375,1
2025-06-05,1430.0501708984375,1442.244785474372,1411.4110884077945,1415.7734397380668,13716817,0.013277120171936607,45.726488659443554,1409.031689453125,1412.2439514160155,0.012806787396711927,0.012608458662236144,0.01491696858391478,18.58456327195563,24.08161328158501,-5.49705000962938,1431.1407470703125,1
2025-06-06,1431.1407470703125,1439.0722510374496,1424.6964000970136,1428.6621520805822,8182161,0.0007626139236709406,50.90422079662475,1413.51298828125,1415.53056640625,0.013277120171936607,0.011027794831512283,0.012470885612799965,18.929627025490618,23.05121603036613,-4.1215890048755135,1436.3953857421875,1
2025-06-09,1436.3953857421875,1445.0208477095387,1432.9253528317358,1444.5251287223314,7885125,0.0036716435351531462,58.742792886163855,1420.472900390625,1416.1403015136718,0.0007626139236709406,0.014303020828420498,0.011209284842522482,19.403427330141994,22.321658290321306,-2.9182309601793115,1426.1834716796875,0
2025-06-10,1426.1834716796875,1441.4516401070769,1423.704876838395,1437.5850079496329,7913181,-0.007109403277025583,53.22691584377102,1427.016357421875,1417.2705383300781,0.0036716435351531462,0.00628880168504109,-0.0005836553574566361,18.738891092844597,21.605104850825967,-2.8662137579813702,1436.4945068359375,1
2025-06-11,1436.4945068359375,1456.0257865422643,1430.7441181682645,1433.4210733170682,8195700,0.007229809741173154,64.66218470496293,1432.0528564453125,1418.4850524902345,-0.007109403277025583,0.012696259515802666,0.003101596683833474,18.827227146254472,21.04952930991167,-2.222302163657197,1429.257080078125,0
2025-06-12,1429.257080078125,1444.5252503749707,1422.1187744712338,1441.0552171722854,8828114,-0.005038255784043266,55.93898316473696,1431.89423828125,1417.86044921875,0.007229809741173154,0.008037907302975045,-0.0018417269464611197,18.10453642512607,20.460530732954552,-2.3559943078284817,1415.67431640625,0
2025-06-13,1415.67431640625,1423.2092208521976,1402.1907840779525,1411.8076840776937,9757276,-0.0095033733687242,47.35225776945399,1428.8009521484375,1416.4476501464844,-0.005038255784043266,-0.0005459670466144706,-0.009187168949215452,16.24848093560081,19.618120773483803,-3.3696398378829926,1425.4896240234375,1
2025-06-16,1425.4896240234375,1430.0502146798779,1412.204330439343,1414.6829254727506,8458093,0.006933309097606699,56.15689622206041,1426.6197998046875,1416.2989379882813,-0.0095033733687242,0.0064892275130916666,-0.0007922053103460724,15.392126035086449,18.77292182580433,-3.380795790717883,1418.946044921875,0
2025-06-17,1418.946044921875,1435.6022520574631,1413.59237643736,1435.6022520574631,10366599,-0.004590408089462872,57.32584663976136,1425.172314453125,1416.6261108398437,0.006933309097606699,0.0016376474104771166,-0.004368783667846654,14.023788950683183,17.823095250780103,-3.7993063000969194,1417.85546875,0
2025-06-18,1417.85546875,1430.4468040463896,1413.4931173168031,1417.7563491543892,6681735,-0.0007685818469123085,55.0783990369658,1421.4445068359375,1416.6707275390625,-0.004590408089462872,0.0008362855163921434,-0.0025249231107351555,12.704917193343817,16.799459639292845,-4.094542445949028,1421.0281982421875,1
2025-06-19,1421.0281982421875,1427.5716651338516,1413.4931722804179,1417.8555238832446,10007230,0.002237695986731625,55.11554574896483,1419.79873046875,1417.8554992675781,-0.0007685818469123085,0.0022376744148104866,0.0008659451139469976,11.779922958983661,15.795552303231009,-4.015629344247348,1453.6463623046875,1
2025-06-20,1453.6463623046875,1458.4053131642288,1415.8725983169522,1418.7477927518771,29010635,0.022953917524542122,67.86930203788108,1427.3931396484375,1419.8086242675781,0.002237695986731625,0.02383260494319428,0.018392425973629223,13.522987025835391,15.341039247751887,-1.8180522219164956,1444.326904296875,0
2025-06-23,1444.326904296875,1451.266970188698,1429.6535737155343,1440.5593915455418,5989078,-0.006411090241396078,67.31933933519502,1431.160595703125,1420.8992065429688,0.022953917524542122,0.016487937811511255,0.009199742246453813,13.991094849374122,15.071050368076335,-1.0799555187022136,1438.3782958984375,0
2025-06-24,1438.3782958984375,1462.3710470398119,1430.744150698803,1452.4566670598808,16402744,-0.00411860249971141,60.029383374329534,1435.0470458984375,1422.321923828125,-0.006411090241396078,0.011288845233502043,0.0023213524668206365,13.723870453133259,14.80161438508772,-1.077743931954462,1454.737060546875,1
2025-06-25,1454.737060546875,1459.7933702625824,1447.9952335758323,1451.4652666586912,7525851,0.01137306138106009,59.311904005451716,1442.4233642578124,1425.0186401367187,-0.00411860249971141,0.02085475906989198,0.008536811448141224,14.663081904351202,14.773907888940418,-0.11082598458921566,1482.497314453125,1
2025-06-26,1482.497314453125,1485.9673475108061,1452.5558137403293,1456.5215658062507,14657893,0.01908266081831589,66.12702041517265,1454.7171875,1428.8604614257813,0.01137306138106009,0.03753820227751459,0.019096582615392377,17.446323872563426,15.30839108566502,2.1379327868984053,1502.4251708984375,1
2025-06-27,1502.4251708984375,1508.9686374999123,1484.083567880206,1486.5621628826696,11117052,0.0134420860335005,68.98515768902466,1464.47294921875,1433.5450073242187,0.01908266081831589,0.04804883224614409,0.025915276687038746,21.01779460258308,16.45027178904863,4.567522813534449,1487.7518310546875,0
2025-06-30,1487.7518310546875,1511.7447031481738,1483.191240482831,1500.838885203447,8409527,-0.009766436377643628,67.25958919297746,1473.1579345703126,1437.8528076171874,0.0134420860335005,0.03470384671724003,0.009906538967684897,22.40591356759728,17.64140014475836,4.76451342283892,1515.3138427734375,1
2025-07-01,1515.3138427734375,1518.2881567329412,1487.256099345396,1487.7518183386467,10368523,0.018525947099128137,70.1469754949315,1488.5450439453125,1443.9451904296875,-0.009766436377643628,0.049426150533118385,0.01798319703996043,25.43681211242233,19.200482538291155,6.236329574131176,1505.7960205078125,0
2025-07-02,1505.7960205078125,1516.900077238324,1495.7824003020085,1515.3138007089854,6361002,-0.006281089763032099,69.33863829131005,1498.7568359375,1448.6693908691407,0.018525947099128137,0.03943386254913439,0.00469668221123376,26.76231304672342,20.712848639977608,6.0494644067458125,1504.8046875,0
2025-07-03,1504.8046875,1518.7839394915495,1500.0457365549344,1507.7790015843786,11283291,-0.000658344818495471,74.05031436597153,1503.218310546875,1452.4071166992187,-0.006281089763032099,0.036076366053521935,0.0010553204028946883,27.416746609478878,22.053628233877863,5.363118375601015,1514.223388671875,1
2025-07-04,1514.223388671875,1516.900223008299,1504.2097675037892,1510.9515946827762,6603501,0.006259085481400639,73.99465382210788,1505.5779541015625,1456.5612487792969,-0.000658344818495471,0.039587858005218246,0.005742269635896413,28.36838728222051,23.316580043546395,5.051807238674115,1528.3016357421875,1
2025-07-07,1528.3016357421875,1531.5734294639212,1511.9429091838053,1513.5291857359532,7251074,0.009297338276263556,78.41322058218111,1513.6879150390625,1461.156561279297,0.006259085481400639,0.0459533743626368,0.009654381565666226,29.91373928747339,24.636011892331798,5.277727395141593,1524.4349365234375,0
2025-07-08,1524.4349365234375,1531.672481820406,1517.0982716385254,1522.8486600409224,7171261,-0.002530062867381666,77.2981122353587,1515.5121337890625,1466.0691345214843,0.009297338276263556,0.0398110843667705,0.005887648495473519,30.475133208184616,25.803836155502363,4.671297052682252,1505.9942626953125,0
2025-07-09,1505.9942626953125,1537.7202774459709,1497.1704406377573,1523.5426661942138,8870660,-0.01209672737504952,70.1836953420234,1515.5517822265624,1469.544122314453,-0.002530062867381666,0.024803706011530036,-0.006306296916630982,29.09662588104925,26.462394100611743,2.6342317804375064,1504.2095947265625,0
2025-07-10,1504.2095947265625,1511.6453792793734,1494.5926951149827,1506.6881895774993,10047129,-0.001185043006442732,64.07282833224613,1515.432763671875,1473.291748046875,-0.01209672737504952,0.0209855561335186,-0.007405916787834754,27.542646617198898,26.678444603929176,0.8642020132697219,1482.3980712890625,0
2025-07-11,1482.3980712890625,1502.0285923917668,1477.540121836759,1499.0542783474266,7234991,-0.01450032197239437,59.90711651413741,1509.0677001953125,1476.6279357910157,-0.001185043006442732,0.003907643461286581,-0.017672917459434223,24.27131459361567,26.197018601866475,-1.9257040082508041,1470.9964599609375,0
2025-07-14,1470.9964599609375,1487.1569471972039,1466.4358695278945,1479.4236826617216,10311846,-0.007691329035668826,58.253855287560405,1497.6066650390626,1478.9032775878907,-0.01450032197239437,-0.005346406182728414,-0.017768487346729978,20.52217874732719,25.06205063095862,-4.539871883631431,1472.6820068359375,1
2025-07-15,1472.6820068359375,1483.6869442622558,1469.7076928815193,1473.4750846086956,8132454,0.0011458537942672375,54.90512738549587,1487.2560791015626,1481.5900756835938,-0.007691329035668826,-0.006012505748964503,-0.009799302534657772,17.485410199695707,23.54672254470604,-6.061312345010332,1472.8802490234375,1
2025-07-16,1472.8802490234375,1478.234038357326,1458.9009976142222,1460.388154594461,10409983,0.0001346130302264381,46.90487508790401,1480.6332763671876,1484.3413146972657,0.0011458537942672375,-0.007721314202027485,-0.005236291435224638,14.922725840301155,21.821923203825065,-6.8991973635239106,1463.7591552734375,0
2025-07-17,1463.7591552734375,1476.8460890701654,1461.2805601585153,1474.6649737790947,11854613,-0.006192692010126066,36.625523786361036,1472.5431884765626,1486.4778625488282,0.0001346130302264381,-0.015283582653854988,-0.005965212614383653,12.017256532054262,19.860989869470906,-7.843733337416644,1463.362548828125,0
2025-07-18,1463.362548828125,1472.0872520008465,1456.5216021387357,1472.0872520008465,10296318,-0.00027095061635218354,40.63929251104046,1468.736083984375,1486.963671875,-0.006192692010126066,-0.015872023972929306,-0.003658611792033306,9.572304776028659,17.803252850782457,-8.230948074753798,1416.3682861328125,0
2025-07-21,1416.3682861328125,1463.362470991638,1410.9153771961905,1452.4566531183941,22442744,-0.03211388916092317,16.953604044357476,1457.81044921875,1485.565740966797,-0.00027095061635218354,-0.04657986713462525,-0.028427675976768096,3.7988281165419266,15.002367903934353,-11.203539787392426,1400.70361328125,0
2025-07-22,1400.70361328125,1419.640054314783,1398.6214967228645,1415.178583447059,20396320,-0.011059745551301958,16.284956784974412,1443.4147705078126,1483.6820068359375,-0.03211388916092317,-0.055927343711369204,-0.029590356215861813,-2.017446053454705,11.598405112456541,-13.615851165911247,1412.402587890625,1
2025-07-23,1412.402587890625,1413.7906253323065,1402.2899684336514,1413.7906253323065,8354596,0.008352212772528844,22.26187125862606,1431.31923828125,1481.565283203125,-0.011059745551301958,-0.0466821787042494,-0.013216234285609363,-5.618113641696027,8.155101361626029,-13.773215003322056,1390.888427734375,0
2025-07-24,1390.888427734375,1410.81630780687,1384.0474811654185,1407.0487949065318,14740507,-0.015232314313711859,15.48274820676734,1416.7450927734376,1476.9848388671876,0.008352212772528844,-0.058292007383668576,-0.018250753202501135,-10.091354714558065,4.50581014638921,-14.597164860947275,1379.7841796875,0
2025-07-25,1379.7841796875,1389.0046012536307,1372.2492752918665,1386.9226057137396,11854722,-0.007983564911071106,7.7314054037152715,1400.0294189453125,1470.8527893066407,-0.015232314313711859,-0.06191551614221735,-0.01446058131625827,-14.366838536470595,0.7312804098172494,-15.098118946287844,1375.71923828125,0
2025-07-28,1375.71923828125,1395.7463569486692,1373.1415238854815,1380.3790691362324,7748361,-0.00294607045514228,7.72269105279706,1391.899609375,1465.2511596679688,-0.007983564911071106,-0.06110346393242716,-0.011624668176331565,-17.87712074802357,-2.990399821750915,-14.886720926272657,1404.9666748046875,1
2025-07-29,1404.9666748046875,1408.04010820105,1371.1586653944225,1371.1586653944225,10750072,0.02125974232938521,22.942129587248942,1392.7522216796874,1459.7338012695313,-0.00294607045514228,-0.03751857113756829,0.00877001158918933,-18.090485142692387,-6.010416885939209,-12.080068256753178,1398.026611328125,0
2025-07-30,1398.026611328125,1411.113664716939,1389.3020300940545,1405.9581148273558,7209849,-0.004939664122301846,22.325607143379827,1389.8770263671875,1454.3453308105468,0.02125974232938521,-0.03872444754990467,0.0058635295111242325,-18.60511490140152,-8.529356489031672,-10.075758412369849,1378.2969970703125,0
2025-07-31,1378.2969970703125,1390.5908519212596,1370.365493427784,1376.215001569177,17065827,-0.014112474038723288,22.570545619693732,1387.358740234375,1448.0199462890625,-0.004939664122301846,-0.0481505447472832,-0.006531651044005882,-20.370163115812147,-10.897517814387768,-9.472645301424379,1381.76708984375,1
2025-08-01,1381.76708984375,1393.8627060383,1372.4476694796913,1375.025384070285,10321171,0.002517666933043783,25.463512159033144,1387.755322265625,1441.3971313476563,-0.014112474038723288,-0.04136961300051589,-0.004315049148648664,-21.24408051992441,-12.966830355495098,-8.277250164429311,1399.4146728515625,1
2025-08-04,1399.4146728515625,1403.975263237478,1379.7841529413568,1383.155066191865,6312820,0.012771749405182442,31.478690523800353,1392.4944091796874,1434.952783203125,0.002517666933043783,-0.02476604858888365,0.0049696886581769295,-20.27889145961808,-14.429242576319695,-5.849648883298386,1379.7841796875,0
2025-08-05,1379.7841796875,1398.918980991344,1376.2150271869518,1398.918980991344,9315972,-0.014027645661354837,28.57143659936129,1387.45791015625,1427.7202453613281,0.012771749405182442,-0.033575251054660527,-0.005530784330521232,-20.85755599286881,-15.71490525962952,-5.142650733239291,1380.874755859375,1
2025-08-06,1380.874755859375,1383.9481891450812,1371.4560958071288,1379.9824375441353,5834312,0.0007903961995867625,30.189558940664,1384.0275390625,1421.4642700195313,-0.014027645661354837,-0.028554719957610053,-0.002277977218040461,-20.986235166258894,-16.769171240955394,-4.217063925303499,1377.5040283203125,0
2025-08-07,1377.5040283203125,1381.7671392504185,1354.3043541251445,1375.818511047819,9976705,-0.002441008878437123,29.766368502237242,1383.8689453125,1415.1289916992187,0.0007903961995867625,-0.02658765639005667,-0.004599363988726735,-21.116782753469806,-17.638693543458277,-3.478089210011529,1356.0888671875,0
2025-08-08,1356.0888671875,1385.2370458989403,1353.312792536344,1373.1415514013454,8793606,-0.01554635100336188,33.846984203829166,1378.73330078125,1408.8135314941405,-0.002441008878437123,-0.0374248707355348,-0.016424085485509443,-22.68674847195416,-18.648304529157457,-4.038443942796704,1374.331298828125,1
2025-08-11,1374.331298828125,1376.1159356273254,1349.5453489789295,1358.2700517359046,9997486,0.01345223906930193,43.029338199802275,1373.7166259765625,1403.9802734375,-0.01554635100336188,-0.021117799993572994,0.0004474524366520072,-22.203003437076177,-19.359244310741204,-2.843759126334973,1368.5810546875,0
2025-08-12,1368.5810546875,1389.8969719255274,1363.4255044148417,1370.0682117041065,12244664,-0.004184030550368867,38.041134770673985,1371.4760009765625,1398.7752258300782,0.01345223906930193,-0.021586149500653296,-0.002110825334895483,-22.029684170972814,-19.893332282787526,-2.1363518881852883,1370.7620849609375,1
2025-08-13,1370.7620849609375,1379.8833867126677,1365.7057756228248,1376.115874093997,7457021,0.00159364347911084,43.85960077256371,1369.453466796875,1393.6693176269532,-0.004184030550368867,-0.01643663412567664,0.0009555769478777343,-21.46885687035001,-20.208437200300022,-1.2604196700499877,1367.4774169921875,0
2025-08-14,1367.4774169921875,1374.3455639562076,1363.794372575189,1370.961308962897,7126128,-0.002396234915443829,46.05716922764053,1367.44814453125,1388.8552307128907,0.00159364347911084,-0.015392398896557524,2.1406633263998387e-05,-21.046827719274006,-20.37611530409482,-0.6707124151791852,1375.3409423828125,1
2025-08-18,1375.3409423828125,1388.4802648218374,1370.6626218339861,1383.602791829514,11785109,0.005750387752597064,49.881681700484805,1371.2985595703126,1384.454150390625,-0.002396234915443829,-0.006582527854202547,0.0029478502579092236,-19.84903843619577,-20.27069993051501,0.4216614943192418,1413.564208984375,1
2025-08-19,1413.564208984375,1414.460091190419,1382.7068811681168,1383.6027633741608,14384719,0.0277918481328272,52.546067514837695,1379.1451416015625,1384.313946533203,0.005750387752597064,0.021129789614866334,0.024956812988401245,-15.635250198489075,-19.343609984109825,3.7083597856207504,1406.4969482421875,0
2025-08-20,1406.4969482421875,1418.342205158243,1403.510755146132,1406.4969482421875,8725641,-0.004999603624136206,52.50651109866888,1386.7283203125,1384.60361328125,0.0277918481328272,0.01581198745325696,0.014255588236081085,-12.71943975580507,-18.018775938448876,5.299336182643806,1418.24267578125,1
2025-08-21,1418.24267578125,1425.3099750709036,1413.7633861810953,1418.4417067156319,11021323,0.008351050852788644,62.40681664974435,1396.2244384765625,1384.8956176757813,-0.004999603624136206,0.024079113024730203,0.015769840935252466,-9.353040890121065,-16.285628928783314,6.932588038662249,1402.71435546875,0
2025-08-22,1402.71435546875,1416.84907536351,1401.4204113959267,1413.464698965694,5818868,-0.010948986783200665,56.05268801426685,1403.271826171875,1385.4869140625,0.008351050852788644,0.012434214449370762,-0.00039726494377489985,-7.847687947461509,-14.598040732518955,6.750352785057446,1406.0987548828125,1
2025-08-25,1406.0987548828125,1412.9670232567023,1399.230486508923,1408.1890657335161,5979407,0.002412750251587381,52.104853664312046,1409.423388671875,1386.8026428222656,-0.010948986783200665,0.013914101015323643,-0.002358860946812702,-6.308867449982927,-12.94020607601175,6.631338626028823,1378.5262451171875,0
2025-08-26,1378.5262451171875,1403.5107021083375,1375.241384232256,1401.519906786198,12145259,-0.019609227068779322,49.62274000947452,1402.4157958984374,1386.9429931640625,0.002412750251587381,-0.006068560920210353,-0.017034570525459203,-7.230859378276364,-11.798336736464673,4.5674773581883095,1379.521728515625,1
2025-08-28,1379.521728515625,1385.7926612650012,1360.2109883890075,1383.50331940736,13161813,0.0007221359781603987,49.593989699558236,1397.020751953125,1385.6707458496094,-0.019609227068779322,-0.004437574620379414,-0.012525958124126046,-7.791402989704466,-10.996949987112632,3.2055469974081667,1350.9537353515625,0
2025-08-29,1350.9537353515625,1397.0406983353935,1343.7869203796088,1374.7437651325777,18758842,-0.02070862138199292,43.07944605022509,1383.5629638671876,1383.3171020507812,0.0007221359781603987,-0.023395479352665838,-0.023569023866090832,-10.42071264719084,-10.881702519128273,0.4609898719374339,1347.6689453125,0
2025-09-01,1347.6689453125,1356.9260708455383,1334.430107544873,1349.759256141992,11232238,-0.0024314600515965568,47.576186922035696,1372.5538818359375,1381.7856994628905,-0.02070862138199292,-0.024690336687991477,-0.018130389526239465,-12.623993064039041,-11.230160628110427,-1.3938324359286138,1360.2109375,1
2025-09-02,1360.2109375,1378.128095842481,1348.2661652716795,1348.5648331807902,11517006,0.009306434069823899,45.79729164123402,1363.376318359375,1380.7078918457032,-0.0024314600515965568,-0.014845250372476193,-0.0023217220489675228,-13.205845944742805,-11.625297691436904,-1.580548253305901,1366.2828369140625,1
2025-09-03,1366.2828369140625,1370.1649121838109,1354.2385492379765,1363.3961593284287,7847563,0.004463939560155561,49.31727804737242,1360.92763671875,1379.0513000488281,0.009306434069823899,-0.009258874658479743,0.003934963219810905,-13.026851571012912,-11.905608467352106,-1.121243103660806,1353.0440673828125,0
2025-09-04,1353.0440673828125,1367.6763641601647,1350.8541196588233,1365.4865379446771,13223177,-0.009689625876550978,45.061058769405825,1355.6321044921874,1377.7142944335938,0.004463939560155561,-0.01790663503344403,-0.0019090998957599359,-13.794243843990898,-12.283335542679865,-1.5109083013110336,1368.671875,1
2025-09-05,1368.671875,1374.6442613636364,1353.0441792852228,1356.7271022727273,5777575,0.011550109855192225,50.31152122323894,1359.175732421875,1377.104150390625,-0.009689625876550978,-0.006123193651136005,0.0069866922662047415,-12.991615030349067,-12.424991440213706,-0.5666235901353609,1372.15576171875,1
2025-09-08,1372.15576171875,1379.6212446443146,1366.0838599076599,1373.6488583038629,6986720,0.0025454506535760313,49.14986632052708,1364.073095703125,1376.836737060547,0.011550109855192225,-0.0033998042148342122,0.00592539068550324,-11.936805309557258,-12.327354214082417,0.39054890452515956,1369.8662109375,0
2025-09-09,1369.8662109375,1374.843199236951,1362.4007284883235,1370.2643943031567,9754452,-0.001668579358936717,35.56873008501361,1366.004150390625,1377.5256042480469,0.0025454506535760313,-0.005560254769077733,0.002827268530458449,-11.156997695366499,-12.093282910339234,0.9362852149727345,1370.66259765625,1
2025-09-10,1370.66259765625,1382.1096709119122,1367.7759200987732,1377.5308659113482,7790815,0.0005813609478000359,37.65435473601249,1366.8801025390626,1377.3421691894532,-0.001668579358936717,-0.004849609401804678,0.002767247185880617,-10.355362616138791,-11.745698851499146,1.3903362353603548,1376.9337158203125,1
2025-09-11,1376.9337158203125,1379.1235422027225,1368.6718661340626,1369.6672638548873,9766072,0.004575245705825681,35.2103442760082,1371.6580322265625,1377.7598022460938,0.0005813609478000359,-0.0005995866800835303,0.0038462090913331526,-9.109030975552287,-11.218365276309775,2.1093343007574887,1388.579833984375,1
2025-09-12,1388.579833984375,1389.873899637371,1374.146566892781,1376.9337291414593,7403368,0.008458009292861446,44.79478534502135,1375.6396240234376,1378.6506896972655,0.004575245705825681,0.007202073999825087,0.00940668597716754,-7.099718628950541,-10.39463594683793,3.294917317887389,1392.8599853515625,1
2025-09-15,1392.8599853515625,1394.3530818320328,1382.2091575524387,1386.5889315301856,5396697,0.0030823948774383325,45.15661118197051,1379.78046875,1379.9198181152344,0.008458009292861446,0.009377477637796616,0.009479418572587717,-5.103126013245401,-9.336333960119426,4.233207946874025,1398.8323974609375,1
2025-09-16,1398.8323974609375,1401.5199225726963,1391.7649767809332,1398.2350616507645,8686961,0.004287876866437168,58.82351693117202,1385.5737060546876,1381.0943908691406,0.0030823948774383325,0.012843442641624403,0.009569098596712733,-3.0042570319506012,-8.069918574485662,5.065661542535061,1407.2933349609375,1
2025-09-17,1407.2933349609375,1409.6821922648512,1400.4250664409112,1400.5245819104894,7519417,0.0060485713051525725,61.332221554756586,1392.899853515625,1380.7808471679687,0.004287876866437168,0.01920108310261326,0.010333464684473936,-0.6506608838483317,-6.586067036358196,5.935406152509865,1408.4876708984375,1
2025-09-18,1408.4876708984375,1415.4554544293837,1404.2074124117412,1413.8628424954393,9332642,0.0008486758999204369,80.23005521119822,1399.21064453125,1380.8803833007812,0.0060485713051525725,0.0199925264574079,0.006630185671790301,1.2960143027999038,-5.009650768526576,6.30566507132648,1400.9227294921875,0
2025-09-19,1400.9227294921875,1410.4785229891424,1397.1401696768169,1408.3882121473878,13461373,-0.005370967430211482,76.77675957354087,1401.6792236328124,1380.014385986328,0.0008486758999204369,0.015150815613357294,-0.00053970561014971,2.2029466667372617,-3.567131281473809,5.770077948211071,1384.199951171875,0
2025-09-22,1384.199951171875,1404.2074196840813,1381.6119415772491,1397.4387885526373,7757970,-0.01193697408733907,61.57535247106721,1399.947216796875,1379.0886657714843,-0.005370967430211482,0.0037062775782668034,-0.01124847096809134,1.5543905996350986,-2.542826905252028,4.097217504887126,1383.40380859375,0
2025-09-23,1383.40380859375,1388.5798281670254,1370.4636381520502,1384.5982372618869,14014702,-0.0005751644315916682,58.704516257160414,1396.8614990234375,1377.9539184570312,-0.01193697408733907,0.003955059790984317,-0.00963423391588647,0.9650388245950126,-1.84125375928262,2.8062925838776325,1376.635009765625,0
2025-09-24,1376.635009765625,1389.5751797778832,1374.0470000648747,1378.9244730635044,5922759,-0.004892858315176718,62.838556925394904,1390.729833984375,1377.859356689453,-0.0005751644315916682,-0.0008885862826883972,-0.010134839905151849,-0.047662772618650706,-1.4825355619498262,1.4348727893311755,1366.0838623046875,0
2025-09-25,1366.0838623046875,1378.128150477363,1362.6994857374575,1374.942926360271,11411143,-0.007664448009885971,48.509187053040904,1382.249072265625,1377.1874633789062,-0.004892858315176718,-0.00806251971461902,-0.011694860416467057,-1.6822337613637046,-1.522475201832602,-0.15975855953110263,1371.2598876953125,1
2025-09-26,1371.2598876953125,1376.3363918134596,1359.7132983361805,1365.685684712474,9879109,0.0037889514205171615,49.49380411826457,1376.31650390625,1378.2027709960937,-0.007664448009885971,-0.005037635569229981,-0.003674021343626932,-2.530807481939064,-1.7241416578538944,-0.8066658240851696,1366.48193359375,0
2025-09-29,1366.48193359375,1382.6073268149732,1361.7039763015719,1375.2413599514077,14231999,-0.0034843534361621575,48.14008281206813,1372.772900390625,1379.1434204101563,0.0037889514205171615,-0.00918068899073654,-0.004582671172402075,-3.5479506673357264,-2.088903459750261,-1.4590472075854652,1357.722412109375,0
2025-09-30,1357.722412109375,1370.7620971908361,1356.5279835173724,1370.7620971908361,14604684,-0.006410272444172027,43.460746962503826,1367.63662109375,1379.018994140625,-0.0034843534361621575,-0.015443284045932648,-0.007249154367076072,-5.003190481800857,-2.6717608641603805,-2.3314296176404765,1362.4007568359375,1
2025-10-01,1362.4007568359375,1372.255218175594,1356.4283707523282,1360.7086293823172,12045916,0.003445729911237372,42.53568705736011,1364.7897705078126,1378.8248901367188,-0.006410272444172027,-0.011911689017415905,-0.0017504627624708169,-5.713117931108172,-3.280032277549939,-2.4330856535582335,1357.125244140625,0
2025-10-03,1357.125244140625,1365.287456651113,1350.6551591113212,1356.926091696157,12842347,-0.0038722179717254335,32.71326982423186,1362.998046875,1379.0289489746094,0.003445729911237372,-0.015883426414123547,-0.00430873892140915,-6.625060758184873,-3.949037973676926,-2.6760227845079467,1368.671875,1
2025-10-06,1368.671875,1371.0608538471567,1352.7455113636363,1353.740909090909,12396580,0.008508154209957652,37.68996318463471,1362.4804443359376,1379.0289489746094,-0.0038722179717254335,-0.007510410845479765,0.004544234517127377,-6.342947853201622,-4.427819949581865,-1.9151279036197568,1378.4267578125,1
2025-10-07,1378.4267578125,1389.47564777439,1369.5676941462978,1369.667209612737,11244040,0.00712726183001311,39.999976071202525,1364.8694091796874,1379.3424987792969,0.008508154209957652,-0.0006638967244229077,0.009933073846940976,-5.27146762803568,-4.596549485272629,-0.6749181427630511,1361.1068115234375,0
2025-10-08,1361.1068115234375,1382.6073771032557,1358.2201339506064,1378.426755451918,8525081,-0.012565010212474692,29.174051559579297,1365.5462890625,1378.9045288085938,0.00712726183001311,-0.012907142527506243,-0.003251063383658881,-5.753563251001424,-4.827952238418388,-0.9256110125830359,1371.458984375,1
2025-10-09,1371.458984375,1373.6488106871855,1362.7989515764332,1367.676424553763,8826633,0.007605702038898432,34.57713845844091,1367.3579345703124,1378.9443481445312,-0.012565010212474692,-0.005428329126989984,0.0029992511112142406,-5.23989146600934,-4.910340083936578,-0.32955138207276136,1375.3409423828125,1
2025-10-10,1375.3409423828125,1381.6119964455866,1368.7713419175536,1371.45898859096,6373084,0.0028305316105254885,39.007653928303164,1371.00107421875,1378.8647094726562,0.007605702038898432,-0.0025555568038225784,0.0031654739340998272,-4.468056335081883,-4.82188333416564,0.3538269990837568,1368.671875,0
2025-10-13,1368.671875,1371.3594002602317,1361.505059967041,1370.5631549835205,7600682,-0.0048490284679943985,42.696664048613115,1371.00107421875,1377.8693115234375,0.0028305316105254885,-0.00667511530049858,-0.001698904007115698,-4.344429555518673,-4.726392578436246,0.38196302291757345,1369.5677490234375,1
2025-10-14,1369.5677490234375,1381.612037149334,1363.7943936365562,1373.6488553790207,9768174,0.0006545571950453688,43.49857117127245,1369.2292724609374,1376.7046997070313,-0.0048490284679943985,-0.0051840824579973965,0.00024720225407670604,-4.126596064754494,-4.606433275699896,0.47983721094540144,1367.97509765625,0
2025-10-15,1367.97509765625,1377.6304066718624,1366.382364141153,1376.6350089791804,10882743,-0.001162886150263942,45.72272666980187,1370.6029296875,1375.1618347167969,0.0006545571950453688,-0.005226102760499396,-0.0019172817847755708,-4.035951176042545,-4.492336855768426,0.45638567972588096,1391.8646240234375,1
2025-10-16,1391.8646240234375,1394.0544503152107,1368.671809484766,1368.7713249510273,12315932,0.017463421964418302,61.25108943720047,1374.6840576171876,1374.390399169922,-0.001162886150263942,0.01271416394066005,0.012497829091020263,-2.013222152164417,-3.9965139150476245,1.9832917628832076,1410.279541015625,1
2025-10-17,1410.279541015625,1416.7496262080865,1392.6609284325848,1394.5522084059296,19335561,0.013230393728203227,65.26483484891753,1381.67177734375,1374.4799926757812,0.017463421964418302,0.02604588537527608,0.020705180594245975,1.0634759844635937,-2.984515935145381,4.047991919608975,1460.04931640625,1
2025-10-20,1460.04931640625,1467.0170999313523,1426.7034952504036,1433.3726108781723,24721978,0.035290716445324666,77.07377308587833,1399.947265625,1377.4363220214843,0.013230393728203227,0.059975908188282245,0.04293165339654248,7.432113575837548,-0.9011900329487956,8.333303608786343,1458.4566650390625,0
2025-10-21,1458.4566650390625,1467.2162134241023,1453.2806455896807,1461.2438272093502,2066169,-0.0010908202546936474,80.40870442554315,1417.725048828125,1381.1491577148438,0.035290716445324666,0.05597332257156529,0.028730264901932756,12.210041339493728,1.7210562415397093,10.488985097954018,1441.7340087890625,0
2025-10-23,1441.7340087890625,1476.0752283864208,1437.9514490416038,1468.2115624957596,18707090,-0.0114659946029676,72.32497904557759,1432.4768310546874,1384.0656677246093,-0.0010908202546936474,0.041665899537309814,0.006462357738490798,14.480285198888168,4.272902033009402,10.207383165878767,1444.9193115234375,1
2025-10-24,1444.9193115234375,1453.0816457634617,1434.3681199531734,1443.3266994671071,9700837,0.002209355342217556,75.00001738021729,1443.0877685546875,1387.4798828125,-0.0114659946029676,0.04139838668832052,0.0012691833502160854,16.348047013989117,6.687931029205345,9.660115984783772,1477.2696533203125,1
2025-10-27,1477.2696533203125,1478.16553552233,1451.289798512833,1456.266786847925,14113867,0.022389029988648,77.6482573479915,1456.485791015625,1393.0391723632813,0.002209355342217556,0.06046526373995276,0.014269869594947915,20.205744681821898,9.391493759728656,10.814250922093242,1480.056884765625,1
2025-10-28,1480.056884765625,1485.1333888036675,1470.79963742504,1477.26972256393,17631577,0.0018867452120525652,76.82608544351518,1460.4873046875,1398.479022216797,0.022389029988648,0.05833327583242198,0.01339934966590639,23.22023573707952,12.15724215519883,11.06299358188069,1497.277099609375,1
2025-10-29,1497.277099609375,1501.3583271895798,1481.2512217130793,1483.1425015536738,11884745,0.01163483310742941,85.96217145030933,1468.2513916015625,1405.018780517578,0.0018867452120525652,0.06566340633383638,0.01976889528172099,26.691090759508597,15.064011876060786,11.627078883447812,1481.6494140625,0
2025-10-30,1481.6494140625,1496.1821955688695,1477.1701246011085,1493.0964871305005,9318663,-0.010437403705000348,78.3120536055934,1476.23447265625,1411.2151306152343,0.01163483310742941,0.049910380011698896,0.0036680767903398692,27.859596664971377,17.623128833842905,10.236467831128472,1479.5592041015625,0
2025-10-31,1479.5592041015625,1490.6080945575152,1475.4780977270138,1483.540795005222,8758053,-0.0014107318108448341,77.02642128695194,1483.162451171875,1417.0730529785155,-0.010437403705000348,0.04409522218470574,-0.0024294352027760535,28.290864067923167,19.75667588065896,8.534188187264206,1477.866943359375,0
2025-11-03,1477.866943359375,1488.1195884585134,1472.4918928888083,1479.1610089962214,8452085,-0.0011437600722541408,79.06732505195897,1483.2819091796875,1423.1101379394531,-0.0014107318108448341,0.03847685710341797,-0.0036506653164180003,28.171353466096207,21.43961139774641,6.731742068349796,1466.3203125,0
2025-11-04,1466.3203125,1485.9297198935935,1463.334119430687,1477.07065615293,10007806,-0.0078130381840249,74.3731261128007,1480.5345947265625,1427.9925598144532,-0.0011437600722541408,0.026840302788781356,-0.009600776825608559,26.83557998054289,22.518805114305707,4.316774866237182,1489.2144775390625,1
2025-11-06,1489.2144775390625,1494.6891648996161,1469.406038969176,1477.1701896475465,16772678,0.015613345081491259,77.58153856749388,1478.9220703125,1433.5319458007812,-0.0078130381840249,0.038842895619725315,0.006959397951501023,27.309530386937467,23.476950168832058,3.8325802181054094,1471.19775390625,0
2025-11-07,1471.19775390625,1491.5038906434634,1469.1074431042953,1487.7213309001133,7821765,-0.012098138921255441,68.54351025504506,1476.83173828125,1439.0364929199218,0.015613345081491259,0.022349162890977325,-0.003814912849555152,25.932407818538195,23.968041698773284,1.964366119764911,1482.44580078125,1
2025-11-10,1482.44580078125,1494.0919049344996,1468.7092643110286,1471.0982430243503,7068438,0.007645503023053557,67.45305689618728,1477.4090576171875,1444.5858337402344,-0.012098138921255441,0.026208181027908006,0.003409173064219617,25.45521971288599,24.265477301595826,1.1897424112901653,1486.5269775390625,1
2025-11-11,1486.5269775390625,1491.9021495222175,1473.3876547459602,1490.1103850249956,7127506,0.0027530023395538894,58.22005282844398,1479.141064453125,1450.1451354980468,0.007645503023053557,0.025088414359656808,0.004993379781980556,25.116830371897095,24.43574791565608,0.6810824562410147,1504.5435791015625,1
2025-11-12,1504.5435791015625,1517.6827797499902,1493.0965058897411,1498.0734942427068,12384459,0.01211992909292925,62.98374727459059,1486.7857177734375,1456.938720703125,0.0027530023395538894,0.03267457836213117,0.011943793322630736,26.002700609761405,24.749138454477148,1.253562155284257,1503.9464111328125,0
2025-11-13,1503.9464111328125,1515.0948167835015,1499.8653048593553,1508.0275174062697,7196443,-0.00039690971869799085,69.27826238264198,1489.7321044921875,1463.6576538085938,0.01211992909292925,0.02752607976283472,0.009541518637990354,26.35279408511383,25.069869580604486,1.2829245045093423,1511.9095458984375,1
2025-11-14,1511.9095458984375,1513.900341239272,1498.5711928131457,1498.5711928131457,7682823,0.005294826136542197,70.16179874352474,1497.874462890625,1470.8543762207032,-0.00039690971869799085,0.02791246389953561,0.009369999526346984,26.962002925054094,25.44829624949441,1.5137066755596855,1511.3123779296875,0
2025-11-17,1511.3123779296875,1516.6874283079178,1504.5436249599409,1513.900387650411,5871416,-0.0003949759893837612,62.66673812802726,1503.6477783203125,1476.8267639160156,0.005294826136542197,0.023351157262500033,0.005097337102401012,27.084406674792717,25.77551833455407,1.3088883402386458,1512.4072265625,1
2025-11-18,1512.4072265625,1520.7685911952462,1503.5481631005248,1514.696568271851,11045042,0.0007244356949636099,62.190560128946316,1508.823828125,1481.9331481933593,-0.0003949759893837612,0.020563733530282402,0.002374961457198621,26.958991193874454,26.01221290641815,0.9467782874563042,1511.9095458984375,0
2025-11-19,1511.9095458984375,1515.2939222795571,1505.0412776708577,1510.4164493928117,5692366,-0.0003290652512906167,56.30907404736766,1510.297021484375,1484.5261596679688,0.0007244356949636099,0.018445876519005422,0.001067686945762425,26.51380520919747,26.112531366974018,0.4012738422234534,1541.9705810546875,1
2025-11-20,1541.9705810546875,1543.7623455509595,1519.6736478639639,1522.9585089376258,18171724,0.019882826481121718,73.12984045286933,1517.90185546875,1488.70185546875,-0.0003290652512906167,0.035781997174420654,0.015856575640395887,28.260892439259806,26.542203581431178,1.718688857828628,1539.4820556640625,0
2025-11-21,1539.4820556640625,1550.6305827884978,1533.0119706260582,1533.9078528560988,9615271,-0.001613860485537244,72.90713540412554,1523.416357421875,1493.5892578125,0.019882826481121718,0.03072651842634233,0.010545835459831787,29.109116677358543,27.055586200616652,2.0535304767418907,1528.831298828125,0
2025-11-24,1528.831298828125,1542.8663816107544,1524.7501927010492,1542.8663816107544,18433951,-0.006918402716518335,68.2336386394168,1526.9201416015626,1497.7848571777345,-0.001613860485537244,0.02072823843932503,0.001251641899594036,28.59231897753375,27.362932756000074,1.2293862215336766,1532.61376953125,1
2025-11-25,1532.61376953125,1552.4222077972818,1518.0809876078647,1528.8313312270848,15033482,0.0024740929270772316,75.11315523214626,1530.9614501953124,1500.5520629882812,-0.006918402716518335,0.02136660721995831,0.0010792690669818583,28.163317656523986,27.523009736104857,0.6403079204191293,1562.6748046875,1
2025-11-26,1562.6748046875,1564.3669320995493,1533.4100892950657,1535.2018536795324,14054299,0.019614227507197768,76.39488442229569,1541.114501953125,1504.682958984375,0.0024740929270772316,0.03854090681153721,0.0139900719297954,29.904287315985812,27.999265252081052,1.9050220639047595,1556.2047119140625,0
2025-11-27,1556.2047119140625,1568.2489991897637,1548.8387449947777,1567.7513003642512,9794643,-0.004140396168178739,83.30739377775907,1543.961328125,1507.6293395996095,0.019614227507197768,0.03221970482967218,0.007929851328550397,30.41137252804242,28.48168670727333,1.929685820769091,1560.285888671875,1
2025-11-28,1560.285888671875,1574.0224254817672,1555.806599039324,1560.7835875199362,8959508,0.002622519213936192,82.31411173768684,1548.1220947265624,1511.5611633300782,-0.004140396168178739,0.032234703116116536,0.00785712831484453,30.787657121837583,28.94288079018618,1.8447763316514028,1558.892333984375,0
2025-12-01,1558.892333984375,1570.2398922139623,1556.403839701944,1567.7513979315313,8920233,-0.0008931406081523763,80.727019409092,1554.1343017578124,1515.5278198242188,0.002622519213936192,0.028613472872563994,0.003061532211972251,30.620443741656118,29.27839338048017,1.3420503611759464,1539.1834716796875,0
2025-12-02,1539.1834716796875,1560.2858537619331,1534.9032130787248,1553.9152843475838,11389150,-0.012642863060538412,64.5000480320159,1555.4482421875,1518.5936462402344,-0.0008931406081523763,0.013558482541020656,-0.010456645272194032,28.56826824579366,29.13636835354287,-0.5681001077492098,1531.718017578125,0
2025-12-03,1531.718017578125,1545.2554018922647,1525.9446623591427,1538.0884656023031,6090883,-0.004850269145247221,60.992926992140355,1549.256884765625,1521.8635314941407,-0.012642863060538412,0.006475275791850699,-0.011320825719714933,26.039339330724943,28.516962548979286,-2.477623218254344,1528.53271484375,0
2025-12-04,1528.53271484375,1553.3181423785347,1510.6155558800758,1528.9308982335338,11867930,-0.002079562098127874,56.83867345493698,1543.7224853515625,1523.829443359375,-0.004850269145247221,0.003086481564502641,-0.009839702829976704,23.507141936054495,27.51499842639433,-4.007856490339837,1533.5096435546875,1
2025-12-05,1533.5096435546875,1538.685784402705,1513.6016899280953,1523.356635808528,10183266,0.003256017134998901,58.81419422637317,1538.367236328125,1526.9450378417969,-0.002079562098127874,0.004299176165613039,-0.0031576288539737485,21.65235889510768,26.342470520137002,-4.690111625029321,1535.898681640625,1
2025-12-08,1535.898681640625,1543.861863398969,1527.9354998822807,1532.1161217020071,11301491,0.001557889183141814,59.23319771235558,1533.768505859375,1529.6176818847657,0.003256017134998901,0.004106254674122178,0.0013888509074950761,20.143009306975273,25.102578277504655,-4.959568970529382,1522.3612060546875,0
2025-12-09,1522.3612060546875,1535.4008911036892,1513.1039592099478,1533.211064854301,11503971,-0.008814042063944538,53.72603664936959,1530.404052734375,1531.4093933105469,0.001557889183141814,-0.005908405221610513,-0.005255374660905643,17.651007909907776,23.61226420398528,-5.961256294077504,1529.8267822265625,1
2025-12-10,1529.8267822265625,1540.3779737710465,1524.3520947592017,1526.9401045329791,7991629,0.004903945359473916,44.83928867861886,1530.0258056640625,1532.6735534667969,-0.008814042063944538,-0.001857389157524869,-0.00013007848414270384,16.09297861355276,22.10840708589878,-6.01542847234602,1537.889404296875,1
2025-12-11,1537.889404296875,1542.8663926602953,1516.9860531705099,1529.826707449835,4706197,0.005270284298839245,49.353790924841235,1531.8971435546875,1534.370703125,0.004903945359473916,0.0022932536216369037,0.003911659974952908,15.332076753201818,20.75314101935939,-5.421064266157572,1549.3365478515625,1
2025-12-12,1549.3365478515625,1552.62140892391,1538.9843872841,1543.6628294631555,5106655,0.007443411420030577,58.266463391228775,1535.0625244140624,1536.2420532226563,0.005270284298839245,0.008523718382423606,0.009298659312231283,15.474366499418466,19.697386115371206,-4.22301961595274,1549.037841796875,0
2025-12-15,1549.037841796875,1551.4268205626304,1539.3825327747268,1544.060853330096,5774543,-0.00019279610688960336,56.81253848148028,1537.6903564453125,1538.1283264160156,0.007443411420030577,0.0070927211946480995,0.007379564620405343,15.385672609619633,18.83504341422089,-3.4493708046012586,1535.201904296875,0
2025-12-16,1535.201904296875,1544.5585453663573,1531.7180123854912,1537.8894294536826,11731856,-0.008931955777110256,36.832121810684185,1540.25849609375,1539.2680603027343,-0.00019279610688960336,-0.0026416165648623924,-0.0032829501085038792,14.037126284454189,17.87545998826755,-3.838333703813362,1537.292236328125,1
2025-12-17,1537.292236328125,1542.8664391614582,1532.2157323461342,1542.8664391614582,7116649,0.0013616007284771303,40.537906150412915,1541.7515869140625,1540.5371948242187,-0.008931955777110256,-0.002106381142237823,-0.002892392408600175,12.987355778233905,16.89783914626082,-3.9104833680269167,1537.292236328125,0
2025-12-18,1537.292236328125,1544.3595357154854,1528.1345045583196,1528.1345045583196,6580829,0.0,38.006265440745736,1541.6321533203125,1540.3032775878905,0.0013616007284771303,-0.0019548366244346305,-0.0028151443149653232,12.01688195395036,15.92164770779873,-3.9047657538483698,1557.8968505859375,1
2025-12-19,1557.8968505859375,1566.9549449740825,1543.8617679066683,1547.2461442463334,13937275,0.013403186310904314,49.56743688185378,1543.3442138671876,1541.2240173339844,0.0,0.01081791684040434,0.009429287768724759,12.763267622682406,15.289971690775467,-2.5267040680930606,1568.1495361328125,1
2025-12-22,1568.1495361328125,1570.2398469681211,1558.0960438231807,1566.2582562309594,10184852,0.00658110679344337,63.71345813318045,1547.166552734375,1543.1899291992188,0.013403186310904314,0.01617403435657816,0.013562200760708798,14.020470425312169,15.036071437682809,-1.0156010123706398,1563.4710693359375,0
2025-12-23,1563.4710693359375,1573.6241984599117,1560.8830596994947,1573.6241984599117,7506564,-0.002983431547231463,65.44036203865181,1552.8203857421875,1544.7327941894532,0.00658110679344337,0.01213043137102332,0.006858928238927975,14.472469908815128,14.923351131909273,-0.4508812230941448,1551.0286865234375,0
2025-12-24,1551.0286865234375,1568.448146711295,1546.4498812900458,1565.4619535362338,8815745,-0.00795817911602592,60.03550521414763,1555.56767578125,1544.15048828125,-0.002983431547231463,0.004454357456988189,-0.0029178989307121483,13.669117372000073,14.672504379927435,-1.003387007927362,1552.0240478515625,1
2025-12-26,1552.0240478515625,1553.8158123179846,1547.1466963201515,1547.5447581940155,2311495,0.0006417426942348925,58.563527177214816,1558.5140380859375,1543.941455078125,-0.00795817911602592,0.0052350383797605815,-0.004164216731949111,12.963338739736173,14.330671251889184,-1.3673325121530109,1538.4866943359375,0
2025-12-29,1538.4866943359375,1550.9291658570105,1536.495898892566,1547.7439417510202,5972105,-0.008722386443924313,51.085132845729035,1554.6320068359375,1542.851495361328,0.0006417426942348925,-0.0028290480571290244,-0.010385295316838183,11.182745072303305,13.70108601597201,-2.5183409436687043,1532.71337890625,0
2025-12-30,1532.71337890625,1546.449793829553,1530.7225835687998,1539.8801935176687,8815884,-0.0037525936694431383,54.64287552242957,1547.544775390625,1541.542547607422,-0.008722386443924313,-0.005727489464935953,-0.00958382382224221,9.199704984370328,12.800809809651675,-3.6011048252813467,1563.172607421875,1
2025-12-31,1563.172607421875,1569.7422080874378,1533.9078900841737,1533.9078900841737,5771830,0.019872749161595316,62.39823173526862,1547.4850830078126,1542.7420043945312,-0.0037525936694431383,0.013243045803606135,0.010137431750599335,9.97099716191542,12.234847280104425,-2.263850118189005,1568.3485107421875,1
2026-01-01,1568.3485107421875,1585.1707553042595,1563.8692213237453,1566.457230908256,6408128,0.0033111527772029525,61.57336244906062,1550.9490478515625,1544.5735290527343,0.019872749161595316,0.015392586524536567,0.011218590910338166,10.874548880280145,11.96278760013957,-1.0882387198594259,1584.9718017578125,1
2026-01-02,1584.9718017578125,1587.2611435561273,1570.9365970213464,1572.7283614795997,6602230,0.010599232824698213,63.02766868975366,1557.5385986328124,1547.3954833984376,0.0033111527772029525,0.024283590563964008,0.017613177066096775,12.784607784743457,12.127151637060347,0.65745614768311,1570.8370361328125,0
2026-01-05,1570.8370361328125,1604.3820104615531,1568.049995566515,1585.6684856930358,8704973,-0.008917991859113128,57.237273504654524,1564.0086669921875,1549.2618530273437,0.010599232824698213,0.013926104914614434,0.004365940729572193,13.007839494397558,12.30328920852779,0.7045502858697681,1500.6614990234375,0
2026-01-06,1500.6614990234375,1561.77894010158,1489.4135782872731,1561.77894010158,27417125,-0.04467397667305939,41.65461850232322,1557.598291015625,1547.4999938964843,-0.008917991859113128,-0.030267201975950342,-0.03655422089289917,7.436450101562286,11.32992138713469,-3.893471285572403,1497.277099609375,0
2026-01-07,1497.277099609375,1513.004431115157,1491.1056827700695,1503.0504545946628,11199340,-0.0022552717026890212,40.39193847163927,1544.419189453125,1546.2457885742188,-0.04467397667305939,-0.03166940814111929,-0.03052415443014722,2.716674981819324,9.607272106071616,-6.890597124252292,1463.831787109375,0
2026-01-08,1463.831787109375,1496.9785780764303,1462.040144211037,1493.0965028672745,16518684,-0.022337423385908717,34.802289450184446,1523.5158447265626,1542.9460388183593,-0.0022552717026890212,-0.05127480139848095,-0.039175212928553194,-3.680115923755011,6.94979450010629,-10.6299104238613,1468.51025390625,1
2026-01-09,1468.51025390625,1473.0890589574892,1458.2576091430024,1458.2576091430024,8335311,0.003196041265173921,30.20287153055834,1500.22353515625,1539.4770812988281,-0.022337423385908717,-0.04609800837873124,-0.02113903728799782,-8.276697020693518,3.9044961959463294,-12.181193216639848,1476.373779296875,1
2026-01-12,1476.373779296875,1478.4642116159973,1444.322022844729,1468.5102348906719,8883745,0.0053547636931428055,29.45631412840025,1481.3308837890625,1535.8289428710937,0.003196041265173921,-0.03871209997063385,-0.0033463857038528166,-11.156395888607449,0.8923177790355741,-12.048713667643023,1446.11376953125,0
2026-01-13,1446.11376953125,1478.9618923221497,1438.050951275772,1478.165525590484,13499760,-0.020496171220296455,26.429435482882383,1470.421337890625,1530.6827392578125,0.0053547636931428055,-0.055249182314270895,-0.01653102259400363,-15.699335713563187,-2.426012919484178,-13.273322794079009,1452.086181640625,1
2026-01-14,1452.086181640625,1460.2483939989072,1433.5716876182923,1437.3542473990606,8321764,0.004129973889475558,29.597706791274803,1461.383154296875,1526.526953125,-0.020496171220296455,-0.04876479339718509,-0.006361762573295349,-18.60327750828128,-5.661465837243599,-12.941811671037682,1452.086181640625,0
2026-01-15,1452.086181640625,1452.086181640625,1452.086181640625,1452.086181640625,0,0.0,29.3075183762479,1459.034033203125,1522.266650390625,0.004129973889475558,-0.046102612004270904,-0.0047619530486530115,-20.666442418578754,-8.66246115351063,-12.003981265068123,1451.1903076171875,0
2026-01-16,1451.1903076171875,1473.1885721290346,1448.4031454989463,1452.0861898343726,17167161,-0.0006169565104086061,30.926497086960183,1455.5700439453126,1517.9615539550782,0.0,-0.04398744234589935,-0.0030089492060814127,-22.118832883859795,-11.353735499580464,-10.765097384279331,1407.0941162109375,0
2026-01-19,1407.0941162109375,1443.9238298491432,1396.8415931572963,1443.9238298491432,20392765,-0.030386222382269512,26.490314651046432,1441.714111328125,1510.4214172363281,-0.0006169565104086061,-0.0684095841374206,-0.02401307918481499,-26.522324068452008,-14.387453213354773,-12.134870855097235,1387.5843505859375,0
2026-01-20,1387.5843505859375,1409.4830993039366,1383.6027599099377,1404.207443054835,13189498,-0.013865288327362557,15.73425723837579,1430.0082275390625,1501.3931579589844,-0.030386222382269512,-0.07580213534991742,-0.02966687613128871,-31.226438646768656,-17.75525030003755,-13.471188346731108,1398.1356201171875,1
2026-01-21,1398.1356201171875,1406.3974698374059,1366.681076311502,1383.105138772638,17352720,0.007604056306050433,17.465813513321805,1419.218115234375,1493.1263854980468,-0.013865288327362557,-0.06361870388431601,-0.01485500705697096,-33.714444936155815,-20.947089227261202,-12.767355708894613,1396.0452880859375,0
2026-01-22,1396.0452880859375,1412.9670491536458,1388.5798052619484,1403.610286379211,15721693,-0.0014950853130218933,11.764723321036925,1408.0099365234375,1485.377215576172,0.007604056306050433,-0.060140903302857596,-0.008497559660013754,-35.44627754787052,-23.846926891383067,-11.599350656487456,1379.720703125,0
2026-01-23,1379.720703125,1400.5245389866304,1374.6441992470054,1395.348519642108,9837802,-0.011693449417618407,11.661361803121395,1393.716015625,1476.7620483398437,-0.0014950853130218933,-0.06571224207985049,-0.010041724672098185,-37.70142637105073,-26.6178267873166,-11.08359958373413,1374.146484375,0
2026-01-27,1374.146484375,1385.195374217857,1361.7040134914885,1373.6487855396595,26302396,-0.00404010662257559,15.741265338422068,1387.1264892578124,1468.5450378417968,-0.011693449417618407,-0.06428032578798315,-0.009357477478320941,-39.48330200036821,-29.19092182992692,-10.292380170441291,1390.2718505859375,1
2026-01-28,1390.2718505859375,1403.4111724845945,1378.526231208921,1378.6257466723232,11121657,0.011734823320726173,22.894600299196597,1387.6639892578125,1461.4229614257813,-0.00404010662257559,-0.048686186489384276,0.001879317578544093,-39.1430522458229,-31.181347913106116,-7.961704332716785,1384.59814453125,0
2026-01-29,1384.59814453125,1396.4434009824272,1377.6303609139109,1396.4434009824272,20846683,-0.00408100477061113,26.643190460974225,1384.956494140625,1452.49423828125,0.011734823320726173,-0.046744484047208434,-0.00025874430777506063,-38.88300346533288,-32.72167902355147,-6.16132444178141,1388.9779052734375,1
2026-01-30,1388.9779052734375,1391.5659148620384,1372.1556606847782,1376.236766748553,11239835,0.0031631999215702145,26.5137756886042,1383.543017578125,1443.5257080078125,-0.00408100477061113,-0.03778789836008911,0.003928239040103199,-37.8867677693861,-33.75469677271839,-4.132070996667707,1384.0009765625,0
2026-02-02,1384.0009765625,1386.4894707948447,1329.35361891851,1333.8329085367304,15711165,-0.0035831590207748842,22.248822427493664,1384.399072265625,1433.4771667480468,0.0031631999215702145,-0.034514808699595334,-0.0002875584873611725,-37.07150314386854,-34.418058046948424,-2.653445096920116,1430.4859619140625,1
2026-02-03,1430.4859619140625,1482.6448239290096,1423.6176937150067,1467.1166446366906,25456171,0.033587393461975035,45.722051469177906,1395.6669677734376,1426.4596130371094,-0.0035831590207748842,0.0028226168060800916,0.024947924501052654,-32.302091820687565,-33.99486480169625,1.6927729810086873,1450.095458984375,1
2026-02-04,1450.095458984375,1457.2622740237098,1433.6713964697635,1437.3543194605445,8333387,0.013708276482541581,49.49291927752502,1407.631689453125,1423.9313110351563,0.033587393461975035,0.018374585730682513,0.030166818386809346,-26.632968176453005,-32.5224854766476,5.889517300194598,1436.757080078125,0
2026-02-05,1436.757080078125,1454.7737543419996,1432.8750047042822,1450.2944646433757,11763658,-0.009198276446980902,46.343786976735515,1418.0634765625,1420.9053100585938,0.013708276482541581,0.011156105834299046,0.01318248712035075,-22.951867704956385,-30.60836192230936,7.656494217352975,1444.123046875,1
2026-02-06,1444.123046875,1446.113842295832,1426.9026178813986,1434.865799564727,8277304,0.0051268004167235315,48.364824247203444,1429.0925048828126,1419.919873046875,-0.009198276446980902,0.01704545044234762,0.010517543084742398,-19.218656392153434,-28.330420816278178,9.111764424124743,1454.873291015625,1
2026-02-09,1454.873291015625,1459.153549837875,1446.3128948796364,1451.2898835062008,5775864,0.007444133077086468,63.07191965421818,1443.2669677734375,1419.2380249023438,0.0051268004167235315,0.025108731226203718,0.00804170226392209,-15.217190373557969,-25.70777472773414,10.490584354176171,1451.7874755859375,0
2026-02-10,1451.7874755859375,1464.2299462371711,1445.5164217743147,1464.2299462371711,10259630,-0.002121020056346845,69.29980096639913,1447.5272705078125,1418.0087097167968,0.007444133077086468,0.023821268259972106,0.00294309141176341,-12.154885289293588,-22.997196840046033,10.842311550752445,1461.9405517578125,1
2026-02-11,1461.9405517578125,1463.234617369774,1446.91007080626,1452.882456999606,7106877,0.0069935003177907795,69.22612890838226,1449.8962890625,1418.800048828125,-0.002121020056346845,0.0304063303108284,0.008306982220845693,-8.807194200569029,-20.15919631215063,11.352002111581601,1442.231689453125,0
2026-02-12,1442.231689453125,1466.2207486838624,1438.8473131178025,1463.2345557130195,11135399,-0.01348130215075427,62.581326941787765,1450.9912109375,1418.30732421875,0.0069935003177907795,0.016868251912577126,-0.0060369224970807656,-7.656209352505584,-17.65859892022162,10.002389567716037,1413.0665283203125,0
2026-02-13,1413.0665283203125,1444.0233720001163,1409.7817888672503,1438.8473526451965,10755693,-0.02022224400288386,58.48961023543006,1444.7799072265625,1416.3563415527344,-0.01348130215075427,-0.0023227299062432705,-0.021950318347884412,-8.99375590832119,-15.925630317841536,6.931874409520345,1430.4859619140625,1
2026-02-16,1430.4859619140625,1432.9744560797708,1402.8139796964888,1413.564201587246,5896514,0.012327398069824858,63.52771796827325,1439.90244140625,1415.3211242675782,-0.02022224400288386,0.010714768109132855,-0.0065396649254870765,-8.549613853024994,-14.450427024878229,5.900813171853235,1416.450927734375,0
2026-02-17,1416.450927734375,1425.2104761017015,1412.0711535507119,1424.5136248062843,10731630,-0.009811374982602317,56.34961850594077,1432.8351318359375,1415.78896484375,0.012327398069824858,0.00046755760008210245,-0.011434814611621769,-9.22381167756248,-13.405103955415079,4.181292277852599,1434.666748046875,1
2026-02-18,1434.666748046875,1435.4629932986807,1412.6683617554224,1420.4325123887006,5521096,0.012860184532927255,61.44744627407201,1427.38037109375,1418.143084716797,-0.009811374982602317,0.011651619295790505,0.005104719877534691,-8.193800812284962,-12.362843326789058,4.1690425145040955,1403.0130615234375,0
2026-02-19,1403.0130615234375,1436.3588845536149,1393.5567833507007,1436.3588845536149,11884664,-0.022063441957186347,52.853104428545336,1419.5366455078124,1418.3869567871093,0.012860184532927255,-0.010838999322509535,-0.011640124991957435,-9.818516001617581,-11.853977861754764,2.0354618601371826,1412.8675537109375,1
2026-02-20,1412.8675537109375,1420.8307355027325,1399.6287153786739,1403.013091941889,8177670,0.007023806447532088,55.75397163344907,1419.4968505859374,1419.2280700683593,-0.022063441957186347,-0.004481673165550815,-0.004670173711384784,-10.19343575036396,-11.521869439476605,1.3284336891126447,1421.4278564453125,1
2026-02-23,1421.4278564453125,1428.2961245911818,1411.772547760535,1418.4416634695872,7758856,0.006058814721798367,47.87284300134273,1417.6852294921875,1421.313427734375,0.007023806447532088,8.050913240142954e-05,0.0026399562295400525,-9.688138631678157,-11.155123277916918,1.4669846462387603,1422.2242431640625,1
2026-02-24,1422.2242431640625,1426.7035326906043,1408.4877066792656,1418.7403513100855,12529409,0.0005602723452611258,42.82049621121837,1418.839892578125,1423.7173156738281,0.006058814721798367,-0.0010487141606893013,0.0023852942137028155,-9.118315012617586,-10.747761624857052,1.629446612239466,1392.063720703125,0
2026-02-25,1392.063720703125,1433.8704252219175,1387.0867320699354,1428.395737725409,10728792,-0.02120658722132207,39.40538087940478,1410.319287109375,1423.8069091796874,0.0005602723452611258,-0.02229458803149853,-0.012944279053055396,-10.973927188156267,-10.792994737516896,-0.18093245063937147,1400.3255615234375,1
2026-02-26,1400.3255615234375,1406.397463315574,1385.4941111892442,1392.0637118415314,16683858,0.0059349587935093595,39.66165965993079,1409.781787109375,1424.593280029297,-0.02120658722132207,-0.01703483994067445,-0.006707581040131472,-11.643631166936302,-10.963122023400778,-0.6805091435355237,1387.48486328125,0
2026-02-27,1387.48486328125,1403.9089251530934,1381.711508080472,1391.5659695052796,12031440,-0.009169794935556141,34.24849916683786,1404.7052490234375,1424.5186279296875,0.0059349587935093595,-0.025997388817765144,-0.012259074104093548,-13.059966267443542,-11.382490872209333,-1.6774753952342092,1351.75,0
2026-03-02,1351.75,1372.2551671563263,1335.3259388807069,1369.1694587628867,23728722,-0.025755137390645833,29.713375591203373,1390.769677734375,1422.9060791015625,-0.009169794935556141,-0.05000757263367028,-0.028056175194975275,-16.871443359878413,-12.48028136974315,-4.391161990135263,1338.8099365234375,0
2026-03-04,1338.8099365234375,1346.5740873609554,1300.9848230751916,1323.8789706886037,32495007,-0.009572822989874274,25.30940169935947,1374.08681640625,1418.3222778320312,-0.025755137390645833,-0.05606084213112117,-0.025672962917346553,-20.697631976185676,-14.123751491031657,-6.573880485154019,1383.005615234375,1
2026-03-05,1383.005615234375,1392.5614090361375,1346.8726294272453,1346.8726294272453,25957532,0.03301116723536035,39.18576991933126,1372.2751953125,1414.9677856445312,-0.009572822989874274,-0.022588620556896366,0.007819437353767444,-19.93390644249189,-15.285782481323704,-4.648123961168185,1398.334716796875,1
2026-03-06,1398.334716796875,1417.7449716586152,1383.9014503612218,1390.0728674061675,19311971,0.011083904066363504,47.16693671026333,1371.8770263671875,1413.0466674804688,0.03301116723536035,-0.010411510831291881,0.019285759525946133,-17.88554464395702,-15.805734913850367,-2.0798097301066516,1417.4462890625,1
2026-03-09,1417.4462890625,1422.8214608086796,1363.6948146177142,1368.6718029922313,24870822,0.013667380231682458,47.508565537733844,1377.8693115234375,1411.7128295898438,0.011083904066363504,0.004061349696965033,0.028723317377106206,-14.55230904107816,-15.555049739295928,1.0027406982177673,1402.3162841796875,0
2026-03-10,1402.3162841796875,1424.9117626543534,1394.1539503917586,1424.015880450879,18071259,-0.010674129241834973,47.3106072043238,1387.982568359375,1409.084979248047,0.013667380231682458,-0.0048036102634289035,0.010327014291869219,-12.981913342396865,-15.040422459916117,2.058509117519252,1383.8017578125,0
2026-03-11,1383.8017578125,1427.4002232775151,1377.2321576556008,1418.34212900751,21848087,-0.01320281777802923,40.33292779913715,1396.9809326171876,1405.685693359375,-0.010674129241834973,-0.01556815698577374,-0.009434040577774305,-13.080546583918931,-14.648447284716681,1.5679007007977503,1385.7926025390625,1
2026-03-12,1385.7926025390625,1404.4066120742223,1374.7437125844203,1383.6027762448114,20939959,0.0014386776973818183,46.31128594319375,1397.538330078125,1401.8782958984375,-0.01320281777802923,-0.01147438647594301,-0.008404583463843762,-12.84994345781979,-14.288746519337304,1.438803061517513,1374.3455810546875,0
2026-03-13,1374.3455810546875,1394.3531723993444,1372.0562392077015,1378.8248707870416,17265090,-0.008260270305528894,41.80430390135204,1392.7405029296874,1398.4839904785156,0.0014386776973818183,-0.01726041169450121,-0.013207716610743603,-13.43598610184813,-14.11819443583947,0.6822083339913405,1388.6793212890625,1
2026-03-16,1388.6793212890625,1390.8692691567512,1357.224777946389,1373.6488401657623,22837802,0.010429502180503425,43.19968405993128,1386.987109375,1397.264630126953,-0.008260270305528894,-0.006144368541777578,0.0012200631877719026,-12.59858740138634,-13.814273028948845,1.2156856275625056,1391.167724609375,1
2026-03-17,1391.167724609375,1399.429573667814,1381.8109624429321,1392.5613056143347,19007744,0.0017919207711702967,43.596036421905694,1384.7573974609375,1395.2987182617187,0.010429502180503425,-0.0029606517932520005,0.0046292059245838235,-11.600427044687422,-13.371503832096561,1.7710767874091395,1401.6195068359375,1
2026-03-18,1401.6195068359375,1406.3974645008152,1390.7696473738063,1390.7696473738063,9559327,0.007512956232144763,52.14476367077586,1388.320947265625,1394.557147216797,0.0017919207711702967,0.005064231059469515,0.009578879866723122,-9.852433572850487,-12.667689780247347,2.8152562073968603,1378.4267578125,0
2026-03-19,1378.4267578125,1409.1844489610974,1369.7667250791762,1381.6119817895922,16498373,-0.016547107763784985,45.39362494845287,1386.8477783203125,1391.7451477050781,0.007512956232144763,-0.009569560860003379,-0.006072058260072066,-10.220778397949516,-12.178307503787781,1.9575291058382653,1407.8905029296875,1
2026-03-20,1407.8905029296875,1423.4186824363833,1389.6746767818195,1391.5659566755692,22994918,0.0213749079885428,54.01173933473903,1393.5567626953125,1391.9890197753907,-0.016547107763784985,0.011423569387682742,0.010285723996381613,-8.04250731541174,-11.351147466112574,3.3086401507008336,1401.3209228515625,0
2026-03-23,1401.3209228515625,1409.0849519631759,1384.598192981382,1393.5567722314413,18979554,-0.004666257826481779,61.00799077907792,1396.0850830078125,1391.411688232422,0.0213749079885428,0.007121712935823199,0.003750373030610321,-6.76830123344007,-10.434578219578073,3.666276986138003,1405.302490234375,1
2026-03-24,1405.302490234375,1415.8536813182018,1400.1263494042955,1413.4647025895886,18620893,0.0028412958929566745,65.37753378807564,1398.9120361328125,1390.605419921875,-0.004666257826481779,0.010568828584981205,0.004568160067611071,-5.375242076190261,-9.422710990900512,4.047468914710251,1406.596435546875,1
2026-03-25,1406.596435546875,1423.9163794589117,1401.9181150601291,1413.464703831985,19041331,0.0009207592824262978,56.80640884943036,1399.907421875,1389.8240295410155,0.0028412958929566745,0.012068006919838892,0.0047781828764905665,-4.11933693288961,-8.362036179298332,4.242699246408723,1341.8956298828125,0
2026-03-27,1341.8956298828125,1398.235116023098,1338.809921280448,1394.552193095842,23266517,-0.04599812997457742,37.32675845547019,1392.6011962890625,1387.315625,0.0009207592824262978,-0.0327394821327609,-0.036410687095033256,-8.24973948689103,-8.339576840816873,0.08983735392584258,1337.7149658203125,0
2026-03-30,1337.7149658203125,1358.7178325566667,1327.960019957529,1328.855902170806,24393861,-0.003115491227037581,30.809771530278795,1378.5660888671875,1384.1850952148438,-0.04599812997457742,-0.033572193166347186,-0.029633053777235796,-11.725296005844939,-9.016720673822487,-2.708575332022452,1362.8984375,1
2026-04-01,1362.8984375,1378.028554948465,1356.6275051009459,1377.8294025098971,14404619,0.01882573816032962,40.95061034358485,1370.881591796875,1382.9557739257812,-0.003115491227037581,-0.014503237778056066,-0.00582337259807475,-12.305750853872496,-9.674526709832488,-2.631224144040008,1344.2845458984375,0
2026-04-02,1344.2845458984375,1351.9490593116357,1321.8880984473344,1350.7546307176451,21280051,-0.013657577915861752,40.93193566513331,1358.6780029296874,1382.582501220703,0.01882573816032962,-0.02770030380715205,-0.010593721985793225,-14.105155539444695,-10.56065247575493,-3.544503063689765,1298.6953125,0
2026-04-06,1298.6953125,1352.7454554606609,1284.0630151171836,1352.7454554606609,29274881,-0.03391338056926663,33.345999847815094,1337.0977783203125,1380.5767700195313,-0.013657577915861752,-0.05930960110126504,-0.028720761071456158,-18.990950985401696,-12.246712177684284,-6.744238807717412,1298.5958251953125,0
2026-04-07,1298.5958251953125,1302.2788696189978,1285.058440671965,1289.040031502862,28388922,-7.660557771316245e-05,34.858713665812346,1328.4378173828125,1376.3562805175782,-0.03391338056926663,-0.056497330250147026,-0.022463973696783435,-22.610368615680045,-14.319443465283438,-8.290925150396607,1341.5970458984375,1
2026-04-08,1341.5970458984375,1344.3840865060406,1320.0963587364665,1342.7914745147666,21817543,0.03311362925154748,41.556582791013724,1329.2142333984375,1373.5193969726563,-7.660557771316245e-05,-0.023241281589891027,0.009315889183898252,-21.758129852649517,-15.807180742756655,-5.950949109892862,1323.87890625,0
2026-04-09,1323.87890625,1343.7868597274437,1320.195983460075,1339.8052690319548,20725390,-0.013206752133664734,38.55789117967699,1321.4103271484375,1368.8410278320312,0.03311362925154748,-0.03284685413998889,0.0018681397071336203,-22.255878373767246,-17.096920268958776,-5.15895810480847,1343.9859619140625,1
2026-04-10,1343.9859619140625,1346.0763943468285,1325.3720730291864,1330.8467605257397,19364461,0.015187987035020889,40.51129599007023,1321.3506103515624,1365.92451171875,-0.013206752133664734,-0.016061319360234694,0.017130465892377877,-20.788242394333338,-17.83518469403369,-2.9530577002996488,1309.0474853515625,0
2026-04-13,1309.0474853515625,1321.4899565481755,1303.970981405046,1315.1193869938081,28753269,-0.02599616182950437,39.00282303862668,1323.421044921875,1362.1867980957031,0.015187987035020889,-0.039010297866950316,-0.010860912047201854,-22.188597037718637,-18.70586716277068,-3.4827298749479567,1337.9140625,1
2026-04-15,1337.9140625,1340.8007402141902,1328.059600686701,1330.8467629297493,15313779,0.02205158901526394,38.8871290860006,1331.2846923828124,1359.79287109375,-0.02599616182950437,-0.016089809748856543,0.0049796787682745425,-20.730132589353616,-19.11072024808727,-1.6194123412663473,1337.1177978515625,0
2026-04-16,1337.1177978515625,1347.5694738488123,1323.8789596516422,1345.7777093601655,30211012,-0.0005951538075245066,39.613524662033534,1330.3888427734375,1357.9314819335937,0.02205158901526394,-0.015327492114988073,0.005057885981738508,-19.41473987282484,-19.171524173034783,-0.2432156997900563,1358.7178955078125,1
2026-04-17,1358.7178955078125,1362.1022720767137,1333.832952366644,1333.832952366644,13869105,0.016154221932395352,42.870199559904776,1337.356640625,1356.4334106445312,-0.0005951538075245066,0.0016841850439202055,0.015972743719902205,-16.439826223503587,-18.625184583128544,2.1853583596249564,1357.0257568359375,0
2026-04-20,1357.0257568359375,1366.6810660920328,1346.5740808024586,1356.9261198573818,13614733,-0.0012453936740434157,42.422413725540686,1339.964599609375,1354.7263122558593,0.016154221932395352,0.001697349906970791,0.012732543256393614,-14.05669039545569,-17.711485745593976,3.6547953501382864,1347.07177734375,0
2026-04-21,1347.07177734375,1363.4958396538184,1343.8864317482064,1352.7454957201878,27293629,-0.00733514411354752,50.95030737130857,1347.5694580078125,1351.99892578125,-0.0012453936740434157,-0.0036443434558594,-0.0003693172630955255,-12.823420627609948,-16.73387272199717,3.910452094387221,1355.8311767578125,1
2026-04-22,1355.8311767578125,1359.7132520720183,1342.8910067161314,1344.085556855853,9525953,0.006502548387833373,53.2710255655219,1351.152880859375,1350.8691467285157,-0.00733514411354752,0.0036732129394720925,0.0034624474881495004,-11.012292273587946,-15.589556632315325,4.57726435872738,1337.21728515625,0
2026-04-23,1337.21728515625,1349.261572940554,1334.529638479888,1339.8052948565,16385079,-0.013728767947403075,45.25038537846559,1351.1727783203125,1347.3354858398438,0.006502548387833373,-0.007509785639830291,-0.010328429781875204,-10.95268970490838,-14.662183246833937,3.709493541925557,1321.6890869140625,0
2026-04-24,1321.6890869140625,1339.7057606040942,1318.9019248091768,1333.8328899956957,11744802,-0.011612322406057696,45.77282285601536,1343.7670166015625,1343.3538940429687,-0.013728767947403075,-0.016127401144983233,-0.01642987914924121,-12.019892227913033,-14.133725043049758,2.1138328151367247,1359.51416015625,1
2026-04-27,1359.51416015625,1365.2873936261717,1304.9663202853897,1306.9571155871217,24673098,0.02861873765675349,61.71846775650289,1344.264697265625,1341.0644775390624,-0.011612322406057696,0.013757491102175834,0.011344092366365022,-9.701655971882928,-13.247311228816393,3.5456552569334647,1382.5078125,1
2026-04-28,1382.5078125,1388.7787447541255,1350.75460334444,1351.7500009887617,41027699,0.016913139279922884,64.85724524320116,1351.351904296875,1339.8600463867188,0.02861873765675349,0.031830015551469026,0.02305536263652641,-5.940562353874839,-11.785961453828083,5.845399099953244,1418.83984375,1
2026-04-29,1418.83984375,1427.2012083655534,1384.896807968084,1385.5935377241706,30542143,0.026279801764230504,64.00721818678474,1363.9536376953124,1343.707257080078,0.016913139279922884,0.05591440120163349,0.04024052177274107,-0.027856173339841916,-9.434340397730436,9.406484224390594,1424.215087890625,1
2026-04-30,1424.215087890625,1430.386505071105,1386.6885214286783,1402.5153692729207,30957881,0.0037884784278527928,69.04764773876474,1381.3531982421875,1348.0322631835938,0.026279801764230504,0.056514095980991774,0.031028914040942324,5.033717787566047,-6.54072876067114,11.574446548237187,1424.215087890625,0
2026-05-01,1424.215087890625,1424.215087890625,1424.215087890625,1424.215087890625,0,0.0,66.4893881255993,1401.8583984375,1351.098095703125,0.0037884784278527928,0.05411671618813818,0.01594789422244336,8.941974106935731,-3.4441881871497664,12.386162294085498,1456.3663330078125,1
2026-05-04,1456.3663330078125,1460.6465916696056,1426.8030702776819,1426.8030702776819,24035700,0.022574711776720546,80.6291736968523,1421.2288330078125,1356.7021850585938,0.0,0.07346059367105262,0.024723323355069438,14.466867140212798,0.13802287832274684,14.328844261890051,1456.864013671875,1
2026-05-05,1456.864013671875,1466.6189594959255,1443.3266295857375,1453.280606341501,23543341,0.0003417276634201105,78.038508860675,1436.1000732421876,1364.6106201171874,0.022574711776720546,0.0676041884730203,0.014458560943326315,18.670323476919748,3.844482998042147,14.825840478877602,1431.2823486328125,0
2026-05-06,1431.2823486328125,1466.519450812893,1420.9301884572374,1456.2668061036345,14221786,-0.017559404857963812,69.87396430190857,1438.58857421875,1371.2449462890625,0.0003417276634201105,0.04378313481207452,-0.0050787457351419985,19.710159880318315,7.017618374497381,12.692541505820934,1429.590087890625,0
2026-05-07,1429.590087890625,1442.828925531327,1423.717338832762,1432.1782190445704,19816903,-0.0011823388612344221,66.33026464937964,1439.66357421875,1375.644598388672,-0.017559404857963812,0.039214699468991254,-0.0069971113449831535,20.165234155623466,9.6471415307226,10.518092624900866,1428.5947265625,0
2026-05-08,1428.5947265625,1436.1598462687914,1410.9762359236815,1419.4371163507371,8663105,-0.0006962564559982454,66.54393775815821,1440.539501953125,1380.880389404297,-0.0011823388612344221,0.034553562730213594,-0.008291876324411751,20.212568548497984,11.760226934277679,8.452341614220305,1381.81103515625,0
2026-05-11,1381.81103515625,1421.427912122738,1375.6396180347506,1413.4647305422184,15261787,-0.0327480499097329,56.86195648609496,1425.6284423828124,1382.7716430664063,-0.0006962564559982454,-0.0006946974324886224,-0.030735502971114603,16.287278874627418,12.665637322347628,3.6216415522797902,1357.722412109375,0
2026-05-12,1357.722412109375,1387.0866431630602,1354.0394893602804,1385.593546668805,24357500,-0.017432646312707356,50.35223964209015,1405.8001220703125,1385.205389404297,-0.0327480499097329,-0.019840362667619238,-0.034199534632372686,11.104699897062119,12.353449837290528,-1.248749940228409,1352.54638671875,0
2026-05-13,1352.54638671875,1366.0837705701026,1346.1758174038478,1355.1343963286624,13797989,-0.00381228544543466,53.00546160363405,1390.0529296875,1385.9370056152343,-0.017432646312707356,-0.02409245063895371,-0.026982096989056292,6.5048231752498396,11.183724504882392,-4.678901329632552,1355.5325927734375,1
2026-05-14,1355.5325927734375,1371.6579863902991,1352.148216400817,1358.9168476375535,17303059,0.0022078400297471656,56.978653695706676,1375.2414306640626,1386.8577453613282,-0.00381228544543466,-0.02258714182666899,-0.01433118392972521,3.065017985311897,9.559983200968293,-6.494965215656396,1330.24951171875,0
2026-05-15,1330.24951171875,1358.5188307246153,1323.082575367519,1350.5556491178086,19976192,-0.01865176919350786,43.63637039310018,1355.5723876953125,1385.434326171875,0.0022078400297471656,-0.039832140297553775,-0.01868057818706048,-1.681799019547043,7.311626756865227,-8.99342577641227,1329.7518310546875,0
2026-05-18,1329.7518310546875,1335.8237328112184,1312.6309174607939,1327.860551095503,13022473,-0.0003741258009706261,37.28408719778975,1345.160546875,1384.0706298828125,-0.01865176919350786,-0.039245684183562224,-0.011454926964747147,-5.4213504122869836,4.765031323034785,-10.186381735321769,1316.6124267578125,0
2026-05-19,1316.6124267578125,1337.8144453658963,1312.3322897558653,1332.5387892026445,21665501,-0.009881095096107906,22.258227157055202,1336.9385498046875,1382.5476623535155,-0.0003741258009706261,-0.047691112133856794,-0.015203483398578355,-9.33757420620941,1.9445102171859459,-11.282084423395357,1353.442138671875,1
2026-05-20,1353.442138671875,1356.6274840630256,1306.558933569541,1312.6308349443716,13248515,0.027973085446836077,33.59478810844827,1337.1177001953124,1382.4282104492188,-0.009881095096107906,-0.020967505985663326,0.012208677272149027,-9.36144689256298,-0.31668120476383943,-9.044765687799142,1343.388671875,0
2026-05-21,1343.388671875,1364.590690861155,1339.0088978228712,1360.9076465750106,17150630,-0.007428072844503308,32.09873071935996,1334.688916015625,1382.7367797851562,0.027973085446836077,-0.028456687118910584,0.006518189935484031,-10.075453364043142,-2.2684356366197003,-7.807017727423442,1348.26611328125,1
2026-05-22,1348.26611328125,1361.106767233248,1342.8909416840763,1343.7868238683554,7105813,0.0036307001155833074,22.76829726556565,1338.292236328125,1384.0656311035157,-0.007428072844503308,-0.025865477053803265,0.007452689840367288,-10.130956517393315,-3.8409398127744234,-6.290016704618892,1360.7086181640625,1
2026-05-25,1360.7086181640625,1364.7897243191815,1350.7546414401118,1360.5095872329855,6750071,0.009228523034322533,27.15232863775141,1344.48359375,1384.1253540039063,0.0036307001155833074,-0.016918074488055157,0.012067848569879525,-9.066424905948452,-4.886036831409229,-4.180388074539223,1350.0579833984375,0
2026-05-26,1350.0579833984375,1362.2017870434288,1346.1759079681497,1353.8404218493883,13769747,-0.00782727074955647,29.226089975423093,1351.172705078125,1382.502862548828,0.009228523034322533,-0.02346821842420932,-0.0008250031069293451,-8.978692372234264,-5.704567939574236,-3.2741244326600274,1344.2845458984375,0
2026-05-27,1344.2845458984375,1354.736221375619,1342.393266034199,1346.7730400596713,13215138,-0.004276436694568342,28.6284425638419,1349.3411865234375,1378.77509765625,-0.00782727074955647,-0.02501535733887439,-0.0037474885340366137,-9.268193892860381,-6.4172931302314655,-2.850900762628916,1344.2845458984375,0
2026-05-28,1344.2845458984375,1344.2845458984375,1344.2845458984375,1344.2845458984375,0,0.0,28.77193823638433,1349.520361328125,1374.7785705566407,-0.004276436694568342,-0.022181044505120817,-0.003879760231653595,-9.3893908803268,-7.011712680250533,-2.377678200076267,1315.119384765625,0
2026-05-29,1315.119384765625,1362.6994431442622,1310.9387630540493,1357.7224546740495,42634247,-0.021695675384946322,31.573163920315793,1342.891015625,1369.3237854003905,0.0,-0.03958479448957808,-0.020680480051055827,-11.70390974001566,-7.95015209220356,-3.753757647812101,1313.9249267578125,0
2026-06-01,1313.9249267578125,1329.353590670499,1312.4318302501333,1326.3673976551404,10700603,-0.0009082506285353897,36.14610515227781,1333.53427734375,1362.2017150878905,-0.021695675384946322,-0.03544026394575728,-0.014704796808820864,-13.479185727688218,-9.055958819300491,-4.423226908387727,1308.5498046875,0
2026-06-02,1308.5498046875,1321.689127358814,1294.3156903458798,1301.6815361898255,23302785,-0.004090889791988239,36.10063446080087,1325.2326416015626,1354.7860046386718,-0.0009082506285353897,-0.03412804663826097,-0.01258861002238909,-15.1452471854318,-10.273816492526754,-4.8714306929050455,1307.15625,0
2026-06-03,1307.15625,1317.906594083847,1295.0124463014238,1308.9480145168118,20012293,-0.001064961136754583,34.56162781547455,1317.806982421875,1348.5796997070313,-0.004090889791988239,-0.030716352705020156,-0.008082164204579523,-16.38913733753361,-11.496880661528127,-4.892256676005484,1297.699951171875,0
2026-06-04,1297.699951171875,1305.1654340270677,1287.1487597049047,1295.0124259474096,23474327,-0.007234252850892964,38.44521828963265,1308.4900634765625,1341.9851928710937,-0.001064961136754583,-0.03299979905476691,-0.008246231748996968,-17.931272977605886,-12.78375912474368,-5.147513852862206,1291.0,0
2026-06-05,1291.0,1306.0,1288.0,1304.5,17785223,-0.005162943225685335,36.82368967403621,1303.6661865234375,1335.1054565429688,-0.007234252850892964,-0.033035185592883765,-0.009715820395108321,-19.469622954591387,-14.120931890713223,-5.348691063878164,1263.300048828125,0
2026-06-08,1263.300048828125,1282.5999755859375,1259.199951171875,1277.0,16494759,-0.021456197654434517,33.506027163211144,1293.5412109375,1329.1799072265626,-0.005162943225685335,-0.04956429001089935,-0.023378584194822416,-22.662689577568926,-15.829283428084365,-6.833406149484562,1269.199951171875,1
2026-06-09,1269.199951171875,1274.199951171875,1257.5,1269.0,23620214,0.0046702304406802675,17.768222944179882,1285.671240234375,1324.7537841796875,-0.021456197654434517,-0.04193521367611153,-0.012811431528558903,-24.435468202593484,-17.55052038298619,-6.884947819607294,1258.800048828125,0
2026-06-10,1258.800048828125,1300.5,1254.4000244140625,1275.0,21012796,-0.00819406141179535,17.72124421455881,1276.0,1320.0664672851562,0.0046702304406802675,-0.046411616365827024,-0.013479585557895746,-26.375552290047608,-19.315526764398474,-7.060025525649134,1263.0,1
2026-06-11,1263.0,1276.0,1253.199951171875,1258.0,13117486,0.003336472043979466,17.293605560414818,1269.060009765625,1315.4398376464844,-0.00819406141179535,-0.039864869639577805,-0.004775195592794823,-27.259946256079502,-20.90441066273468,-6.355535593344822,1293.0,1
2026-06-12,1293.0,1297.0,1262.5,1277.0,11988785,0.02375296912114022,27.111289011401666,1269.460009765625,1313.5773620605469,0.003336472043979466,-0.015665131460752435,0.01854330979573038,-25.249030460166296,-21.773334622221007,-3.4756958379452882,1307.0,1
2026-06-15,1307.0,1325.0,1303.300048828125,1315.300048828125,18633321,0.010827532869296164,35.76667960613443,1278.2,1312.4397705078125,0.02375296912114022,-0.004144777253822229,0.022531685182287653,-22.268979275787842,-21.872463552934377,-0.39651572285346504,1328.800048828125,1
2026-06-16,1328.800048828125,1333.4000244140625,1306.4000244140625,1313.4000244140625,18513223,0.0166794558746175,45.37180210348418,1290.12001953125,1313.0491516113282,0.010827532869296164,0.011995664592957533,0.02998172938276622,-17.94136856355226,-21.086244555057956,3.144875991505696,1332.699951171875,1
2026-06-17,1332.699951171875,1334.0,1317.0,1333.0,10029170,0.002934905328449755,46.616336540114,1304.9,1312.0120422363282,0.0166794558746175,0.0157680785462031,0.02130427708780358,-14.035227008725997,-19.676041045791564,5.640814037065567,1328.0999755859375,0
2026-06-18,1328.0999755859375,1333.9000244140625,1322.0,1330.0,15494549,-0.003451621335989863,54.42663951384686,1317.9199951171875,1311.247607421875,0.002934905328449755,0.012852163137362593,0.007724278033921728,-11.181863706145123,-17.97720557786228,6.795341871717156,1309.5,0
2026-06-19,1309.5,1338.199951171875,1305.300048828125,1328.0,24887034,-0.014004951380058195,48.65113876797385,1321.2199951171874,1309.3093017578126,-0.003451621335989863,0.00014564797021709985,-0.008870585640923356,-10.302652747090633,-16.442295011707948,6.139642264617315,1326.5,1
2026-06-22,1326.5,1344.9000244140625,1314.0999755859375,1316.699951171875,12931213,0.012982054219167649,55.10966558252022,1325.1199951171875,1307.5988708496093,-0.014004951380058195,0.014454837467173576,0.0010414188057665807,-8.14027774786473,-14.781891558939304,6.641613811074574,1309.5,0
2026-06-23,1309.5,1333.0,1304.0,1328.9000244140625,15400184,-0.012815680361854542,50.61272632578659,1321.2599853515626,1305.5709716796875,0.012982054219167649,0.0030094329649943408,-0.008900583898658998,-7.709467959321728,-13.36740683901579,5.657938879694061,1313.5999755859375,1
2026-06-24,1313.5999755859375,1322.0,1297.5,1305.699951171875,11030917,0.0031309473737590743,54.27650997544798,1317.439990234375,1304.0367431640625,-0.012815680361854542,0.007333560554951157,-0.0029147548859166372,-6.957018158487244,-12.08532910291008,5.128310944422836,1318.0999755859375,1
2026-06-25,1318.0999755859375,1328.0,1314.5999755859375,1318.0,12694362,0.00342570042907675,57.3761667974645,1315.439990234375,1302.7275146484376,0.0031309473737590743,0.011800212066334081,0.002022125958850207,-5.929235344061908,-10.854110351140447,4.924875007078539,1318.0999755859375,0
2026-06-26,1318.0999755859375,1318.0999755859375,1318.0999755859375,1318.0999755859375,0,0.0,67.56412032092047,1317.1599853515625,1302.8765441894532,0.00342570042907675,0.011684477293245843,0.0007136492490122937,-5.056422764736453,-9.694572833859649,4.638150069123196,1301.0,0
2026-06-29,1301.0,1313.699951171875,1292.5999755859375,1308.0,13757656,-0.01297320074551711,59.50960064247645,1312.0599853515625,1302.2302978515625,0.0,-0.0009447621158809039,-0.008429481483347767,-5.6790728104138,-8.89147282917048,3.2124000187566804,1293.9000244140625,0
2026-06-30,1293.9000244140625,1306.9000244140625,1290.0,1306.9000244140625,15695263,-0.005457321741689114,60.70775553432087,1308.939990234375,1301.4978088378907,-0.01297320074551711,-0.005837723561449737,-0.011490187428393472,-6.668565083136855,-8.446891279963754,1.7783261968268995,1308.0,1
2026-07-01,1308.0,1312.199951171875,1296.5,1298.9000244140625,7001401,0.010897268196839782,62.94592939299099,1307.8199951171875,1301.5399963378907,-0.005457321741689114,0.004963353934789305,0.00013763735337013472,-6.243028895843736,-8.006118803139751,1.7630899072960151,1303.5,0
2026-07-02,1303.5,1313.199951171875,1299.0,1310.0,17795024,-0.0034403669724770714,53.54012603796943,1304.9,1301.8299987792968,0.010897268196839782,0.0012828105223179342,-0.001072879147827499,-6.197460328638499,-7.644387108239501,1.446926779601002,1304.0,1
2026-07-03,1304.0,1312.0,1302.0,1312.0,7839550,0.0003835826620637306,48.88723874379686,1302.0800048828125,1302.479998779297,-0.0034403669724770714,0.0011670054220622728,0.0014745600193439845,-6.051246091328039,-7.325758904857208,1.274512813529169,1321.300048828125,1
2026-07-06,1321.300048828125,1325.5999755859375,1299.4000244140625,1304.0,7610709,0.013266908610525263,47.12202177969976,1306.1400146484375,1305.3799987792968,0.0003835826620637306,0.012195720835094459,0.01160674507301418,-4.487669832601114,-6.75814109040599,2.2704712578048767,1308.4000244140625,0
2026-07-07,1308.4000244140625,1328.0,1304.0999755859375,1323.5,14335554,-0.009763130203093273,41.277839363095836,1309.0400146484376,1307.3400024414063,0.013266908610525263,0.0008108234817849613,-0.0004889004363606286,-4.24056593833734,-6.254626059992261,2.0140601216549205,1275.9000244140625,0
2026-07-08,1275.9000244140625,1302.300048828125,1271.5999755859375,1297.0,19960868,-0.024839498160781792,34.389962196156546,1302.62001953125,1308.195001220703,-0.009763130203093273,-0.02468666886550208,-0.020512501509690195,-6.591233076012941,-6.3219474631963966,-0.2692856128165442,1279.800048828125,1
2026-07-09,1279.800048828125,1296.5,1274.199951171875,1277.0999755859375,14651963,0.0030566849591946443,40.26231109118853,1297.880029296875,1309.0350036621094,-0.024839498160781792,-0.022333210916589463,-0.013930394227997134,-8.046697027474465,-6.6668973760520105,-1.3797996514224549,1307.800048828125,1
2026-07-10,1307.800048828125,1311.0999755859375,1287.800048828125,1291.9000244140625,8412537,0.02187841766816523,44.28136049789755,1298.6400390625,1309.7750061035156,0.0030566849591946443,-0.0015078599501344714,0.007053540234473132,-6.861699302522766,-6.705857761346162,-0.15584154117660365,1296.9000244140625,0
2026-07-13,1296.9000244140625,1306.4000244140625,1295.0,1300.0,9488352,-0.008334626095043873,45.9974670801856,1293.7600341796874,1309.2700073242188,0.02187841766816523,-0.009447999909076854,0.002427026768040408,-6.724603895177779,-6.709606988112486,-0.014996907065293108,1293.0,0
2026-07-14,1293.0,1308.0,1286.9000244140625,1290.0,13511284,-0.0030071897144303694,43.44784796817477,1290.680029296875,1307.4800048828124,-0.008334626095043873,-0.011074742886114097,0.001797479352329212,-6.851672359546001,-6.7380200623991895,-0.11365229714681124,1295.5,1
2026-07-15,1295.5,1310.9000244140625,1294.0999755859375,1294.0999755859375,9577965,0.0019334880123742515,42.71908346632332,1294.6000244140625,1305.6200073242187,-0.0030071897144303694,-0.007751112320160458,0.0006951765556661993,-6.673715488500875,-6.725159147619527,0.05144365911865201,1296.5999755859375,1
2026-07-16,1296.5999755859375,1309.4000244140625,1291.800048828125,1295.5,15631046,0.0008490741689983761,43.12220304433736,1297.960009765625,1304.0450073242187,0.0019334880123742515,-0.005709183115970573,-0.0010478244086526978,-6.37048951158431,-6.654225220412484,0.283735708828174,1327.199951171875,1
2026-07-17,1327.199951171875,1330.300048828125,1296.0999755859375,1300.0,18302218,0.023600166714571547,57.714942178372134,1301.839990234375,1304.9300048828125,0.0008490741689983761,0.017066008296025448,0.01948009058542932,-3.6192974372122535,-6.047239663772438,2.4279422265601847,1323.0999755859375,0
2026-07-20,1323.0999755859375,1345.9000244140625,1314.9000244140625,1317.199951171875,14305844,-0.0030891920861791933,58.75298040289046,1307.07998046875,1304.7600036621093,0.023600166714571547,0.01405620334188118,0.012256323527686908,-1.7496230959161494,-5.187716350201181,3.4380932542850315,1303.699951171875,0
2026-07-21,1303.699951171875,1326.9000244140625,1302.699951171875,1321.0,12753410,-0.014662553678508772,48.75071284482539,1309.219970703125,1304.4700012207031,-0.0030891920861791933,-0.0005903164105786063,-0.004216265910063521,-1.812420096923688,-4.512657099545683,2.7002370026219946,1288.5999755859375,0
2026-07-22,1288.5999755859375,1304.5999755859375,1280.699951171875,1302.0,10840383,-0.011582400975289064,45.92227191000876,1307.8399658203125,1303.2200012207031,-0.014662553678508772,-0.011218386474326159,-0.014711272584721158,-3.045522123406954,-4.219230104317937,1.173707980910983,1272.199951171875,0
2026-07-23,1272.199951171875,1287.300048828125,1268.0,1283.0,12580741,-0.01272700971968066,41.99394934760642,1302.9599609375,1300.925,-0.011582400975289064,-0.022080480295270655,-0.023607793552990475,-5.285184950708981,-4.432421073596146,-0.8527638771128352,1278.0,1
2026-07-24,1278.0,1283.4000244140625,1249.800048828125,1265.0,9817000,0.004559070154642297,38.42864077289845,1293.119970703125,1298.9200012207032,-0.01272700971968066,-0.016105688726821388,-0.011692627943023504,-6.516994553323684,-4.8493357695416535,-1.6676587837820307,1280.0,1
2026-07-27,1280.0,1288.699951171875,1278.0,1288.199951171875,7163132,0.0015649452269170805,41.94097258545784,1284.4999755859376,1297.8700012207032,0.004559070154642297,-0.013768714281011007,-0.0035032897403403096,-7.248275643083389,-5.329123744250001,-1.9191518988333875,1267.699951171875,0
2026-07-28,1267.699951171875,1279.199951171875,1265.9000244140625,1275.0,9312184,-0.009609413146972612,47.371773453327314,1277.2999755859375,1296.5599975585938,0.0015649452269170805,-0.02225893629377884,-0.007515873011473828,-8.719815712311629,-6.007262137862327,-2.712553574449302,1275.9000244140625,1
2026-07-29,1275.9000244140625,1282.4000244140625,1268.699951171875,1275.0,9448307,0.006468465376690435,48.78352456138881,1274.7599853515626,1294.9549987792968,-0.009609413146972612,-0.014714777257276657,0.0008943166365436017,-9.119223704924934,-6.629654451274849,-2.4895692536500853,1292.9000244140625,1
2026-07-30,1292.9000244140625,1297.0,1275.300048828125,1279.800048828125,12158451,0.01332392795258941,45.010044421115104,1278.9,1294.425,0.006468465376690435,-0.0011781104242714058,0.010946926588523365,-7.972102061474516,-6.898143973314783,-1.073958088159733,1307.800048828125,1
2026-07-31,1307.800048828125,1309.699951171875,1293.5999755859375,1295.0,8624996,0.011524498517056836,53.55512467800308,1284.860009765625,1294.6150024414062,0.01332392795258941,0.010184530815612547,0.017854115536434678,-5.793903931022896,-6.677295964856405,0.8833920338335091,1319.0,1
2026-08-03,1319.0,1319.0,1306.0,1315.199951171875,7508023,0.008563962955889792,58.09464015882812,1292.660009765625,1294.5,0.011524498517056836,0.018926226342216967,0.020376580102567488,-3.127867650650387,-5.967410302015202,2.839542651364815,1290.9000244140625,0
2026-08-04,1290.9000244140625,1315.0,1286.4000244140625,1315.0,10759546,-0.021303999686078434,48.76477610726974,1297.3000244140626,1293.625,0.008563962955889792,-0.002106464845637257,-0.004933322962736186,-3.2450410657536395,-5.42293645476289,2.177895389009251,1280.0,0
2026-08-05,1280.0,1299.0,1270.0999755859375,1293.0,24820782,-0.00844374018740146,45.765314987920654,1298.12001953125,1293.8299987792968,-0.021303999686078434,-0.01068919316474748,-0.013958662726573645,-4.169380691064589,-5.1722253020232305,1.0028446109586415,1325.0,1
2026-08-06,1325.0,1325.199951171875,1281.199951171875,1285.0,20342297,0.03515625,49.47719827941319,1304.5400146484376,1296.0899963378906,-0.00844374018740146,0.022305552657450267,0.01568367786485747,-1.2563205035892224,-4.38904434233643,3.132723838747207,1334.800048828125,1
2026-08-07,1334.800048828125,1337.0,1316.5999755859375,1320.0,9885638,0.00739626326650944,52.70709424937002,1309.9400146484375,1297.4399963378905,0.03515625,0.02879520640313671,0.018977994336908166,1.8220789287684056,-3.146819688115463,4.968898616883869,1327.300048828125,0
2026-08-10,1327.300048828125,1332.9000244140625,1321.300048828125,1330.0999755859375,8207102,-0.005618819093230143,55.778666768690734,1311.6000244140625,1298.9599975585938,0.00739626326650944,0.02181749347385331,0.011970131230423009,3.6148753053589644,-1.7944806894205776,5.409355994779542,1323.9000244140625,0
2026-08-11,1323.9000244140625,1328.699951171875,1314.0999755859375,1326.5999755859375,9953124,-0.002561609499724171,59.168832222970494,1318.2000244140625,1300.5049987792968,-0.005618819093230143,0.017989185475430824,0.004324078208490123,4.70706567216007,-0.49417141710444823,5.201237089264518,1329.0,1
2026-08-12,1329.0,1329.0,1309.199951171875,1323.9000244140625,7901012,0.003852236189960445,65.67328576279041,1328.0000244140624,1302.179998779297,-0.002561609499724171,0.02059623189255322,0.0007529936502665979,5.915964260729652,0.7878557184623719,5.12810854226728,1317.0,0
2026-08-13,1317.0,1327.800048828125,1307.199951171875,1327.800048828125,9397301,-0.009029345372460473,60.40554149280021,1326.4000244140625,1303.2,0.003852236189960445,0.01058931860036827,-0.007086869904284643,5.83842367615307,1.7979693100005116,4.0404543661525585,1310.0,0
2026-08-14,1310.0,1317.5,1301.5,1317.0,10497358,-0.005315110098709219,57.796251860555714,1321.4400146484375,1302.3400024414063,-0.009029345372460473,0.005881718709579653,-0.008657233413263188,5.152733204748301,2.4689220889500696,2.683811115798232,1316.0,1
2026-08-17,1316.0,1320.800048828125,1298.0999755859375,1314.0,13383867,0.004580152671755711,62.97690045207316,1319.1800048828125,1301.9850036621094,-0.005315110098709219,0.010764330079432893,-0.0024105920882987464,5.035423197753289,2.9822223107107133,2.0532008870425758,1322.0,1
2026-08-18,1322.0,1328.5999755859375,1311.199951171875,1314.0,10180567,0.004559270516717229,62.53397756004112,1318.8,1302.9000061035156,0.004580152671755711,0.014659600742197743,0.0024264482863209924,5.364762386600432,3.458730325888657,1.9060320607117753,1311.0,0
2026-08-19,1311.0,1321.5999755859375,1303.5,1320.300048828125,7489365,-0.008320726172465931,55.08712003990786,1315.2,1304.0200073242188,0.004559270516717229,0.00535267299318809,-0.0031934306569343374,4.6841618948242285,3.7038166396757712,0.9803452551484573,1313.199951171875,1
2026-08-20,1313.199951171875,1316.5,1307.0,1315.5,5546227,0.0016780710693173884,51.63435349267504,1314.439990234375,1306.0700073242188,-0.008320726172465931,0.005459082444028818,-0.0009433972427139725,4.27304180933902,3.8176616736084212,0.45538013573059866,1316.0,1
2026-08-21,1316.0,1316.0,1308.0,1314.0,5434871,0.0021322334238791374,49.04336764483778,1315.639990234375,1307.9700073242188,0.0016780710693173884,0.006139278906103218,0.0002736385092405591,4.125609263589013,3.8792511916045394,0.24635807198447335,1309.800048828125,0
2026-08-24,1309.800048828125,1320.0,1302.4000244140625,1316.5999755859375,7277167,-0.004711209097169489,57.00519681006532,1314.4,1309.460009765625,0.0021322334238791374,0.000259678844687139,-0.0034996585300327565,3.4685009446482127,3.7971011422132745,-0.32860019756506187,1317.0,1
2026-08-25,1317.0,1317.0999755859375,1300.0,1304.300048828125,7115355,0.0054969849621830935,64.10061500386122,1313.4,1311.9250122070312,-0.004711209097169489,0.0038683520366999957,0.002740977615349305,3.4885004925833982,3.7353810122872995,-0.24688051970390124,1298.0,0
2026-08-26,1298.0,1315.5999755859375,1298.0,1310.0,5744474,-0.014426727410782103,37.16729442398335,1310.8,1313.030010986328,0.0054969849621830935,-0.011446814513430437,-0.009765028989929814,1.9487451470331507,3.37805383923647,-1.4293086922033194,1282.199951171875,0
2026-08-27,1282.199951171875,1308.4000244140625,1282.199951171875,1305.0,11271497,-0.012172610807492323,26.34886656786871,1304.6,1312.4950073242187,-0.014426727410782103,-0.023082035347400054,-0.017170051224992267,-0.5402265561062904,2.594397760167918,-3.1346243162742082,1287.0,1
